session_id,user_id,action,product_title,category,price,rating,source,action_score,recommandation,review_clean
4cbc0526,175,view,"Fjallraven - Foldsack No. 1 Backpack, Fits 15 Laptops",men's clothing,109.94999694824219,3.9000000953674316,google,1,Continuer navigation,very pleased
9ed69973,154,view,Mens Casual Premium Slim Fit T-Shirts ,men's clothing,22.299999237060547,4.099999904632568,pub,1,Continuer navigation,very unhappy with my purchase
3b7d464e,185,purchase,Mens Cotton Jacket,men's clothing,55.9900016784668,4.699999809265137,reseaux_sociaux,5,Suggerer produits similaires,very satisfied
7d05bb47,58,search,Mens Casual Slim Fit,men's clothing,15.989999771118164,2.0999999046325684,direct,1,Continuer navigation,would not recommend
57c56cd0,97,add_to_cart,John Hardy Women's Legends Naga Gold & Silver Dragon Station Chain Bracelet,jewelery,695,4.599999904632568,email,3,Proposer livraison gratuite,great product
5e9dcd3a,175,abandon,Solid Gold Petite Micropave ,jewelery,168,3.9000000953674316,direct,-1,Envoyer coupon -20%,poor quality
81b36546,9,view,White Gold Plated Princess,jewelery,9.989999771118164,3,email,1,Continuer navigation,waste of money
85c98f13,161,purchase,Pierced Owl Rose Gold Plated Stainless Steel Double,jewelery,10.989999771118164,1.899999976158142,reseaux_sociaux,5,Suggerer produits similaires,very pleased
5d5ad85e,194,abandon,WD 2TB Elements Portable External Hard Drive - USB 3.0 ,electronics,64,3.299999952316284,email,-1,Envoyer coupon -20%,very pleased
1bfebcca,192,purchase,SanDisk SSD PLUS 1TB Internal SSD - SATA III 6 Gb/s,electronics,109,2.9000000953674316,reseaux_sociaux,5,Suggerer produits similaires,waste of money
d6c46d95,49,view,Silicon Power 256GB SSD 3D NAND A55 SLC Cache Performance Boost SATA III 2.5,electronics,109,4.800000190734863,direct,1,Continuer navigation,great value for money
253a1ad8,196,view,WD 4TB Gaming Drive Works with Playstation 4 Portable External Hard Drive,electronics,114,4.800000190734863,direct,1,Continuer navigation,great product
0c33debd,126,add_to_cart,Acer SB220Q bi 21.5 inches Full HD (1920 x 1080) IPS Ultra-Thin,electronics,599,2.9000000953674316,reseaux_sociaux,3,Proposer livraison gratuite,poor quality
4dc672d9,89,search,Samsung 49-Inch CHG90 144Hz Curved Gaming Monitor (LC49HG90DMNXZA) – Super Ultrawide Screen QLED ,electronics,999.989990234375,2.200000047683716,email,1,Continuer navigation,excellent quality
1ca117d1,48,purchase,BIYLACLESEN Women's 3-in-1 Snowboard Jacket Winter Coats,women's clothing,56.9900016784668,2.5999999046325684,direct,5,Suggerer produits similaires,highly impressed
3e73f4cc,52,view,Lock and Love Women's Removable Hooded Faux Leather Moto Biker Jacket,women's clothing,29.950000762939453,2.9000000953674316,google,1,Continuer navigation,poor quality
c0fe3fbe,185,search,Rain Jacket Women Windbreaker Striped Climbing Raincoats,women's clothing,39.9900016784668,3.799999952316284,reseaux_sociaux,1,Continuer navigation,highly impressed
ef573f5f,107,add_to_cart,MBJ Women's Solid Short Sleeve Boat Neck V ,women's clothing,9.850000381469727,4.699999809265137,reseaux_sociaux,3,Proposer livraison gratuite,great product
006f363e,171,purchase,Opna Women's Short Sleeve Moisture,women's clothing,7.949999809265137,4.5,reseaux_sociaux,5,Suggerer produits similaires,would not recommend
750068e8,144,abandon,DANVOUY Womens T Shirt Casual Cotton Short,women's clothing,12.989999771118164,3.5999999046325684,email,-1,Envoyer coupon -20%,very happy with my purchase
e186250a,93,purchase,"Fjallraven - Foldsack No. 1 Backpack, Fits 15 Laptops",men's clothing,109.94999694824219,3.9000000953674316,pub,5,Suggerer produits similaires,would buy again
b20fbb2d,88,add_to_cart,Mens Casual Premium Slim Fit T-Shirts ,men's clothing,22.299999237060547,4.099999904632568,direct,3,Proposer livraison gratuite,very pleased
262d0a31,93,view,Mens Cotton Jacket,men's clothing,55.9900016784668,4.699999809265137,google,1,Continuer navigation,highly impressed
3fd059d3,22,view,Mens Casual Slim Fit,men's clothing,15.989999771118164,2.0999999046325684,direct,1,Continuer navigation,would buy again
f5993260,20,purchase,John Hardy Women's Legends Naga Gold & Silver Dragon Station Chain Bracelet,jewelery,695,4.599999904632568,email,5,Suggerer produits similaires,very happy with my purchase
fa0adc4c,56,search,Solid Gold Petite Micropave ,jewelery,168,3.9000000953674316,reseaux_sociaux,1,Continuer navigation,highly impressed
40ea6a0a,170,search,White Gold Plated Princess,jewelery,9.989999771118164,3,reseaux_sociaux,1,Continuer navigation,very dissatisfied
8e817004,76,purchase,Pierced Owl Rose Gold Plated Stainless Steel Double,jewelery,10.989999771118164,1.899999976158142,direct,5,Suggerer produits similaires,would buy again
e7596dc6,67,purchase,WD 2TB Elements Portable External Hard Drive - USB 3.0 ,electronics,64,3.299999952316284,direct,5,Suggerer produits similaires,not as described
dc7b5202,94,abandon,SanDisk SSD PLUS 1TB Internal SSD - SATA III 6 Gb/s,electronics,109,2.9000000953674316,direct,-1,Envoyer coupon -20%,poor quality
53cddf55,59,add_to_cart,Silicon Power 256GB SSD 3D NAND A55 SLC Cache Performance Boost SATA III 2.5,electronics,109,4.800000190734863,reseaux_sociaux,3,Proposer livraison gratuite,excellent quality
34351f2e,136,view,WD 4TB Gaming Drive Works with Playstation 4 Portable External Hard Drive,electronics,114,4.800000190734863,pub,1,Continuer navigation,would buy again
2e11a4d8,113,add_to_cart,Acer SB220Q bi 21.5 inches Full HD (1920 x 1080) IPS Ultra-Thin,electronics,599,2.9000000953674316,google,3,Proposer livraison gratuite,very unhappy with my purchase
5e338f36,112,purchase,Samsung 49-Inch CHG90 144Hz Curved Gaming Monitor (LC49HG90DMNXZA) – Super Ultrawide Screen QLED ,electronics,999.989990234375,2.200000047683716,direct,5,Suggerer produits similaires,fast shipping
0a759689,140,search,BIYLACLESEN Women's 3-in-1 Snowboard Jacket Winter Coats,women's clothing,56.9900016784668,2.5999999046325684,google,1,Continuer navigation,great value for money
a1c2594f,159,add_to_cart,Lock and Love Women's Removable Hooded Faux Leather Moto Biker Jacket,women's clothing,29.950000762939453,2.9000000953674316,email,3,Proposer livraison gratuite,poor quality
f3b6c8cb,164,view,Rain Jacket Women Windbreaker Striped Climbing Raincoats,women's clothing,39.9900016784668,3.799999952316284,email,1,Continuer navigation,great value for money
5e6253c0,165,add_to_cart,MBJ Women's Solid Short Sleeve Boat Neck V ,women's clothing,9.850000381469727,4.699999809265137,email,3,Proposer livraison gratuite,very disappointed
190d8e6b,94,add_to_cart,Opna Women's Short Sleeve Moisture,women's clothing,7.949999809265137,4.5,google,3,Proposer livraison gratuite,awesome product
6a28d404,94,search,DANVOUY Womens T Shirt Casual Cotton Short,women's clothing,12.989999771118164,3.5999999046325684,direct,1,Continuer navigation,excellent quality
9175a086,54,purchase,"Fjallraven - Foldsack No. 1 Backpack, Fits 15 Laptops",men's clothing,109.94999694824219,3.9000000953674316,google,5,Suggerer produits similaires,great product
94930e93,130,add_to_cart,Mens Casual Premium Slim Fit T-Shirts ,men's clothing,22.299999237060547,4.099999904632568,direct,3,Proposer livraison gratuite,awesome product
ecab9dd2,142,add_to_cart,Mens Cotton Jacket,men's clothing,55.9900016784668,4.699999809265137,email,3,Proposer livraison gratuite,would not buy again
4a378d07,151,purchase,Mens Casual Slim Fit,men's clothing,15.989999771118164,2.0999999046325684,direct,5,Suggerer produits similaires,highly impressed
d3c9d4ce,105,purchase,John Hardy Women's Legends Naga Gold & Silver Dragon Station Chain Bracelet,jewelery,695,4.599999904632568,direct,5,Suggerer produits similaires,would not recommend
d78a37c3,117,purchase,Solid Gold Petite Micropave ,jewelery,168,3.9000000953674316,email,5,Suggerer produits similaires,would buy again
009517b3,142,view,White Gold Plated Princess,jewelery,9.989999771118164,3,pub,1,Continuer navigation,fast shipping
2eb50280,3,view,Pierced Owl Rose Gold Plated Stainless Steel Double,jewelery,10.989999771118164,1.899999976158142,direct,1,Continuer navigation,would not recommend
12d6b357,46,view,WD 2TB Elements Portable External Hard Drive - USB 3.0 ,electronics,64,3.299999952316284,direct,1,Continuer navigation,waste of money
7af239ee,174,purchase,SanDisk SSD PLUS 1TB Internal SSD - SATA III 6 Gb/s,electronics,109,2.9000000953674316,reseaux_sociaux,5,Suggerer produits similaires,excellent quality
d80ef0cf,3,view,Silicon Power 256GB SSD 3D NAND A55 SLC Cache Performance Boost SATA III 2.5,electronics,109,4.800000190734863,reseaux_sociaux,1,Continuer navigation,fast shipping
ca0250bc,53,abandon,WD 4TB Gaming Drive Works with Playstation 4 Portable External Hard Drive,electronics,114,4.800000190734863,email,-1,Envoyer coupon -20%,highly impressed
f0d50851,138,view,Acer SB220Q bi 21.5 inches Full HD (1920 x 1080) IPS Ultra-Thin,electronics,599,2.9000000953674316,google,1,Continuer navigation,poor quality
b5082535,163,abandon,Samsung 49-Inch CHG90 144Hz Curved Gaming Monitor (LC49HG90DMNXZA) – Super Ultrawide Screen QLED ,electronics,999.989990234375,2.200000047683716,direct,-1,Envoyer coupon -20%,would not recommend
4d1480bd,70,abandon,BIYLACLESEN Women's 3-in-1 Snowboard Jacket Winter Coats,women's clothing,56.9900016784668,2.5999999046325684,reseaux_sociaux,-1,Envoyer coupon -20%,great product
5d1ffc5a,18,view,Lock and Love Women's Removable Hooded Faux Leather Moto Biker Jacket,women's clothing,29.950000762939453,2.9000000953674316,google,1,Continuer navigation,highly impressed
306b3079,13,add_to_cart,Rain Jacket Women Windbreaker Striped Climbing Raincoats,women's clothing,39.9900016784668,3.799999952316284,google,3,Proposer livraison gratuite,great product
eb44b4f6,183,purchase,MBJ Women's Solid Short Sleeve Boat Neck V ,women's clothing,9.850000381469727,4.699999809265137,google,5,Suggerer produits similaires,great value for money
1269c949,43,abandon,Opna Women's Short Sleeve Moisture,women's clothing,7.949999809265137,4.5,reseaux_sociaux,-1,Envoyer coupon -20%,highly impressed
d33b296c,46,view,DANVOUY Womens T Shirt Casual Cotton Short,women's clothing,12.989999771118164,3.5999999046325684,reseaux_sociaux,1,Continuer navigation,fast shipping
604a2411,99,add_to_cart,"Fjallraven - Foldsack No. 1 Backpack, Fits 15 Laptops",men's clothing,109.94999694824219,3.9000000953674316,reseaux_sociaux,3,Proposer livraison gratuite,very disappointed
03f0f989,127,search,Mens Casual Premium Slim Fit T-Shirts ,men's clothing,22.299999237060547,4.099999904632568,direct,1,Continuer navigation,excellent quality
0e762c1e,29,search,Mens Cotton Jacket,men's clothing,55.9900016784668,4.699999809265137,reseaux_sociaux,1,Continuer navigation,very unhappy with my purchase
01b8c23a,9,view,Mens Casual Slim Fit,men's clothing,15.989999771118164,2.0999999046325684,direct,1,Continuer navigation,very happy with my purchase
57423c49,163,view,John Hardy Women's Legends Naga Gold & Silver Dragon Station Chain Bracelet,jewelery,695,4.599999904632568,reseaux_sociaux,1,Continuer navigation,very happy with my purchase
74394153,158,purchase,Solid Gold Petite Micropave ,jewelery,168,3.9000000953674316,pub,5,Suggerer produits similaires,very dissatisfied
2f11f1dc,163,purchase,White Gold Plated Princess,jewelery,9.989999771118164,3,direct,5,Suggerer produits similaires,not as described
7383d99f,62,search,Pierced Owl Rose Gold Plated Stainless Steel Double,jewelery,10.989999771118164,1.899999976158142,pub,1,Continuer navigation,fast shipping
0c6088f8,164,purchase,WD 2TB Elements Portable External Hard Drive - USB 3.0 ,electronics,64,3.299999952316284,direct,5,Suggerer produits similaires,great value for money
5799e56a,43,view,SanDisk SSD PLUS 1TB Internal SSD - SATA III 6 Gb/s,electronics,109,2.9000000953674316,reseaux_sociaux,1,Continuer navigation,not as described
f59673cb,84,purchase,Silicon Power 256GB SSD 3D NAND A55 SLC Cache Performance Boost SATA III 2.5,electronics,109,4.800000190734863,direct,5,Suggerer produits similaires,would buy again
569c1130,92,abandon,WD 4TB Gaming Drive Works with Playstation 4 Portable External Hard Drive,electronics,114,4.800000190734863,pub,-1,Envoyer coupon -20%,not as described
a643cc0f,153,abandon,Acer SB220Q bi 21.5 inches Full HD (1920 x 1080) IPS Ultra-Thin,electronics,599,2.9000000953674316,email,-1,Envoyer coupon -20%,excellent quality
a7d93aeb,178,view,Samsung 49-Inch CHG90 144Hz Curved Gaming Monitor (LC49HG90DMNXZA) – Super Ultrawide Screen QLED ,electronics,999.989990234375,2.200000047683716,direct,1,Continuer navigation,fast shipping
17fee092,112,abandon,BIYLACLESEN Women's 3-in-1 Snowboard Jacket Winter Coats,women's clothing,56.9900016784668,2.5999999046325684,reseaux_sociaux,-1,Envoyer coupon -20%,excellent quality
872c6278,105,abandon,Lock and Love Women's Removable Hooded Faux Leather Moto Biker Jacket,women's clothing,29.950000762939453,2.9000000953674316,reseaux_sociaux,-1,Envoyer coupon -20%,very disappointed
2ce634d4,106,purchase,Rain Jacket Women Windbreaker Striped Climbing Raincoats,women's clothing,39.9900016784668,3.799999952316284,direct,5,Suggerer produits similaires,highly impressed
bede5a08,76,view,MBJ Women's Solid Short Sleeve Boat Neck V ,women's clothing,9.850000381469727,4.699999809265137,direct,1,Continuer navigation,great product
2e430b4c,84,purchase,Opna Women's Short Sleeve Moisture,women's clothing,7.949999809265137,4.5,reseaux_sociaux,5,Suggerer produits similaires,excellent quality
4b4f3c36,14,add_to_cart,DANVOUY Womens T Shirt Casual Cotton Short,women's clothing,12.989999771118164,3.5999999046325684,google,3,Proposer livraison gratuite,poor quality
2745a335,147,view,"Fjallraven - Foldsack No. 1 Backpack, Fits 15 Laptops",men's clothing,109.94999694824219,3.9000000953674316,email,1,Continuer navigation,very happy with my purchase
6aa94216,166,abandon,Mens Casual Premium Slim Fit T-Shirts ,men's clothing,22.299999237060547,4.099999904632568,reseaux_sociaux,-1,Envoyer coupon -20%,very unhappy with my purchase
dc339602,78,view,Mens Cotton Jacket,men's clothing,55.9900016784668,4.699999809265137,pub,1,Continuer navigation,highly impressed
e4a6f29b,153,purchase,Mens Casual Slim Fit,men's clothing,15.989999771118164,2.0999999046325684,google,5,Suggerer produits similaires,awesome product
37454fc3,76,add_to_cart,John Hardy Women's Legends Naga Gold & Silver Dragon Station Chain Bracelet,jewelery,695,4.599999904632568,direct,3,Proposer livraison gratuite,great product
b704eb12,106,view,Solid Gold Petite Micropave ,jewelery,168,3.9000000953674316,pub,1,Continuer navigation,great value for money
e7fc1bd1,37,add_to_cart,White Gold Plated Princess,jewelery,9.989999771118164,3,pub,3,Proposer livraison gratuite,poor quality
73dbc61e,141,abandon,Pierced Owl Rose Gold Plated Stainless Steel Double,jewelery,10.989999771118164,1.899999976158142,direct,-1,Envoyer coupon -20%,very disappointed
f18cabc2,23,view,WD 2TB Elements Portable External Hard Drive - USB 3.0 ,electronics,64,3.299999952316284,pub,1,Continuer navigation,excellent quality
36d0c8d2,123,search,SanDisk SSD PLUS 1TB Internal SSD - SATA III 6 Gb/s,electronics,109,2.9000000953674316,pub,1,Continuer navigation,poor quality
222fe2c3,8,purchase,Silicon Power 256GB SSD 3D NAND A55 SLC Cache Performance Boost SATA III 2.5,electronics,109,4.800000190734863,google,5,Suggerer produits similaires,excellent quality
97a4fa85,137,add_to_cart,WD 4TB Gaming Drive Works with Playstation 4 Portable External Hard Drive,electronics,114,4.800000190734863,direct,3,Proposer livraison gratuite,would buy again
c524385a,61,purchase,Acer SB220Q bi 21.5 inches Full HD (1920 x 1080) IPS Ultra-Thin,electronics,599,2.9000000953674316,direct,5,Suggerer produits similaires,waste of money
066fba00,171,view,Samsung 49-Inch CHG90 144Hz Curved Gaming Monitor (LC49HG90DMNXZA) – Super Ultrawide Screen QLED ,electronics,999.989990234375,2.200000047683716,pub,1,Continuer navigation,great product
d5c13056,160,view,BIYLACLESEN Women's 3-in-1 Snowboard Jacket Winter Coats,women's clothing,56.9900016784668,2.5999999046325684,email,1,Continuer navigation,would buy again
e9fc36cc,51,search,Lock and Love Women's Removable Hooded Faux Leather Moto Biker Jacket,women's clothing,29.950000762939453,2.9000000953674316,google,1,Continuer navigation,great product
65b69d71,50,abandon,Rain Jacket Women Windbreaker Striped Climbing Raincoats,women's clothing,39.9900016784668,3.799999952316284,google,-1,Envoyer coupon -20%,would not buy again
1b3bf98b,53,add_to_cart,MBJ Women's Solid Short Sleeve Boat Neck V ,women's clothing,9.850000381469727,4.699999809265137,reseaux_sociaux,3,Proposer livraison gratuite,would not recommend
9b71e46c,66,search,Opna Women's Short Sleeve Moisture,women's clothing,7.949999809265137,4.5,email,1,Continuer navigation,fast shipping
dcc7f06a,28,view,DANVOUY Womens T Shirt Casual Cotton Short,women's clothing,12.989999771118164,3.5999999046325684,direct,1,Continuer navigation,very pleased
ba4b98b4,168,view,"Fjallraven - Foldsack No. 1 Backpack, Fits 15 Laptops",men's clothing,109.94999694824219,3.9000000953674316,pub,1,Continuer navigation,fast shipping
19ab5469,23,add_to_cart,Mens Casual Premium Slim Fit T-Shirts ,men's clothing,22.299999237060547,4.099999904632568,reseaux_sociaux,3,Proposer livraison gratuite,poor quality
64eac756,164,add_to_cart,Mens Cotton Jacket,men's clothing,55.9900016784668,4.699999809265137,reseaux_sociaux,3,Proposer livraison gratuite,very pleased
5bdd98e4,80,add_to_cart,Mens Casual Slim Fit,men's clothing,15.989999771118164,2.0999999046325684,direct,3,Proposer livraison gratuite,very happy with my purchase
ff1e7ed5,163,abandon,John Hardy Women's Legends Naga Gold & Silver Dragon Station Chain Bracelet,jewelery,695,4.599999904632568,reseaux_sociaux,-1,Envoyer coupon -20%,very pleased
93ddecb5,51,purchase,Solid Gold Petite Micropave ,jewelery,168,3.9000000953674316,reseaux_sociaux,5,Suggerer produits similaires,great value for money
93895811,143,search,White Gold Plated Princess,jewelery,9.989999771118164,3,email,1,Continuer navigation,very dissatisfied
3432f0a1,142,abandon,Pierced Owl Rose Gold Plated Stainless Steel Double,jewelery,10.989999771118164,1.899999976158142,google,-1,Envoyer coupon -20%,very pleased
bfca1870,177,view,WD 2TB Elements Portable External Hard Drive - USB 3.0 ,electronics,64,3.299999952316284,direct,1,Continuer navigation,great product
4285cafe,14,search,SanDisk SSD PLUS 1TB Internal SSD - SATA III 6 Gb/s,electronics,109,2.9000000953674316,pub,1,Continuer navigation,would not recommend
3ef74343,109,purchase,Silicon Power 256GB SSD 3D NAND A55 SLC Cache Performance Boost SATA III 2.5,electronics,109,4.800000190734863,reseaux_sociaux,5,Suggerer produits similaires,would not recommend
c01b0d26,60,purchase,WD 4TB Gaming Drive Works with Playstation 4 Portable External Hard Drive,electronics,114,4.800000190734863,pub,5,Suggerer produits similaires,great product
84be621e,67,purchase,Acer SB220Q bi 21.5 inches Full HD (1920 x 1080) IPS Ultra-Thin,electronics,599,2.9000000953674316,reseaux_sociaux,5,Suggerer produits similaires,would not recommend
ebb5e99c,183,view,Samsung 49-Inch CHG90 144Hz Curved Gaming Monitor (LC49HG90DMNXZA) – Super Ultrawide Screen QLED ,electronics,999.989990234375,2.200000047683716,email,1,Continuer navigation,great value for money
23198721,79,purchase,BIYLACLESEN Women's 3-in-1 Snowboard Jacket Winter Coats,women's clothing,56.9900016784668,2.5999999046325684,direct,5,Suggerer produits similaires,very disappointed
f3fa9224,81,search,Lock and Love Women's Removable Hooded Faux Leather Moto Biker Jacket,women's clothing,29.950000762939453,2.9000000953674316,google,1,Continuer navigation,highly recommended
f5b668e3,129,search,Rain Jacket Women Windbreaker Striped Climbing Raincoats,women's clothing,39.9900016784668,3.799999952316284,google,1,Continuer navigation,very unhappy with my purchase
0fbaaa98,49,search,MBJ Women's Solid Short Sleeve Boat Neck V ,women's clothing,9.850000381469727,4.699999809265137,pub,1,Continuer navigation,great value for money
e44d5f94,176,search,Opna Women's Short Sleeve Moisture,women's clothing,7.949999809265137,4.5,direct,1,Continuer navigation,disappointing product
90e175cd,152,purchase,DANVOUY Womens T Shirt Casual Cotton Short,women's clothing,12.989999771118164,3.5999999046325684,direct,5,Suggerer produits similaires,great value for money
3f43da49,19,search,"Fjallraven - Foldsack No. 1 Backpack, Fits 15 Laptops",men's clothing,109.94999694824219,3.9000000953674316,google,1,Continuer navigation,awesome product
fd34d20c,134,purchase,Mens Casual Premium Slim Fit T-Shirts ,men's clothing,22.299999237060547,4.099999904632568,pub,5,Suggerer produits similaires,great value for money
a7950605,102,view,Mens Cotton Jacket,men's clothing,55.9900016784668,4.699999809265137,pub,1,Continuer navigation,would not recommend
158aedce,55,add_to_cart,Mens Casual Slim Fit,men's clothing,15.989999771118164,2.0999999046325684,google,3,Proposer livraison gratuite,fast shipping
1d2e6f1e,138,view,John Hardy Women's Legends Naga Gold & Silver Dragon Station Chain Bracelet,jewelery,695,4.599999904632568,email,1,Continuer navigation,very dissatisfied
bd0bd636,157,add_to_cart,Solid Gold Petite Micropave ,jewelery,168,3.9000000953674316,reseaux_sociaux,3,Proposer livraison gratuite,very satisfied
e728ca12,177,abandon,White Gold Plated Princess,jewelery,9.989999771118164,3,reseaux_sociaux,-1,Envoyer coupon -20%,great product
a317d5c9,184,purchase,Pierced Owl Rose Gold Plated Stainless Steel Double,jewelery,10.989999771118164,1.899999976158142,email,5,Suggerer produits similaires,great product
f17d1abe,21,view,WD 2TB Elements Portable External Hard Drive - USB 3.0 ,electronics,64,3.299999952316284,google,1,Continuer navigation,poor quality
bbe7882d,124,search,SanDisk SSD PLUS 1TB Internal SSD - SATA III 6 Gb/s,electronics,109,2.9000000953674316,reseaux_sociaux,1,Continuer navigation,would buy again
fa03d4cb,91,add_to_cart,Silicon Power 256GB SSD 3D NAND A55 SLC Cache Performance Boost SATA III 2.5,electronics,109,4.800000190734863,reseaux_sociaux,3,Proposer livraison gratuite,would not buy again
e4dd79bb,36,add_to_cart,WD 4TB Gaming Drive Works with Playstation 4 Portable External Hard Drive,electronics,114,4.800000190734863,reseaux_sociaux,3,Proposer livraison gratuite,poor quality
d36bc3af,36,abandon,Acer SB220Q bi 21.5 inches Full HD (1920 x 1080) IPS Ultra-Thin,electronics,599,2.9000000953674316,google,-1,Envoyer coupon -20%,highly impressed
591f9e85,145,add_to_cart,Samsung 49-Inch CHG90 144Hz Curved Gaming Monitor (LC49HG90DMNXZA) – Super Ultrawide Screen QLED ,electronics,999.989990234375,2.200000047683716,reseaux_sociaux,3,Proposer livraison gratuite,very pleased
84480e6e,149,purchase,BIYLACLESEN Women's 3-in-1 Snowboard Jacket Winter Coats,women's clothing,56.9900016784668,2.5999999046325684,pub,5,Suggerer produits similaires,would not recommend
071cae4d,15,purchase,Lock and Love Women's Removable Hooded Faux Leather Moto Biker Jacket,women's clothing,29.950000762939453,2.9000000953674316,email,5,Suggerer produits similaires,would not recommend
7311b21e,4,view,Rain Jacket Women Windbreaker Striped Climbing Raincoats,women's clothing,39.9900016784668,3.799999952316284,email,1,Continuer navigation,very disappointed
7f4c3d84,156,purchase,MBJ Women's Solid Short Sleeve Boat Neck V ,women's clothing,9.850000381469727,4.699999809265137,google,5,Suggerer produits similaires,awesome product
595cb0ce,105,abandon,Opna Women's Short Sleeve Moisture,women's clothing,7.949999809265137,4.5,reseaux_sociaux,-1,Envoyer coupon -20%,great product
696b9a32,70,abandon,DANVOUY Womens T Shirt Casual Cotton Short,women's clothing,12.989999771118164,3.5999999046325684,email,-1,Envoyer coupon -20%,very disappointed
b646c4a0,94,search,"Fjallraven - Foldsack No. 1 Backpack, Fits 15 Laptops",men's clothing,109.94999694824219,3.9000000953674316,reseaux_sociaux,1,Continuer navigation,highly impressed
eccf1b0d,150,abandon,Mens Casual Premium Slim Fit T-Shirts ,men's clothing,22.299999237060547,4.099999904632568,pub,-1,Envoyer coupon -20%,awesome product
9dc6a302,119,purchase,Mens Cotton Jacket,men's clothing,55.9900016784668,4.699999809265137,google,5,Suggerer produits similaires,awesome product
fc90d545,199,purchase,Mens Casual Slim Fit,men's clothing,15.989999771118164,2.0999999046325684,google,5,Suggerer produits similaires,excellent quality
11d40863,22,purchase,John Hardy Women's Legends Naga Gold & Silver Dragon Station Chain Bracelet,jewelery,695,4.599999904632568,reseaux_sociaux,5,Suggerer produits similaires,great product
ddee71d4,111,search,Solid Gold Petite Micropave ,jewelery,168,3.9000000953674316,google,1,Continuer navigation,very pleased
3c3a00ea,120,view,White Gold Plated Princess,jewelery,9.989999771118164,3,email,1,Continuer navigation,great product
9e778388,151,view,Pierced Owl Rose Gold Plated Stainless Steel Double,jewelery,10.989999771118164,1.899999976158142,reseaux_sociaux,1,Continuer navigation,would not recommend
bf9708b7,166,search,WD 2TB Elements Portable External Hard Drive - USB 3.0 ,electronics,64,3.299999952316284,direct,1,Continuer navigation,waste of money
aa26ca15,76,view,SanDisk SSD PLUS 1TB Internal SSD - SATA III 6 Gb/s,electronics,109,2.9000000953674316,reseaux_sociaux,1,Continuer navigation,poor quality
a5f16e33,165,view,Silicon Power 256GB SSD 3D NAND A55 SLC Cache Performance Boost SATA III 2.5,electronics,109,4.800000190734863,google,1,Continuer navigation,great value for money
f6e9c125,162,abandon,WD 4TB Gaming Drive Works with Playstation 4 Portable External Hard Drive,electronics,114,4.800000190734863,reseaux_sociaux,-1,Envoyer coupon -20%,very disappointed
57ad27c6,183,add_to_cart,Acer SB220Q bi 21.5 inches Full HD (1920 x 1080) IPS Ultra-Thin,electronics,599,2.9000000953674316,pub,3,Proposer livraison gratuite,poor quality
84fb5215,192,add_to_cart,Samsung 49-Inch CHG90 144Hz Curved Gaming Monitor (LC49HG90DMNXZA) – Super Ultrawide Screen QLED ,electronics,999.989990234375,2.200000047683716,email,3,Proposer livraison gratuite,great value for money
32e657d5,194,add_to_cart,BIYLACLESEN Women's 3-in-1 Snowboard Jacket Winter Coats,women's clothing,56.9900016784668,2.5999999046325684,direct,3,Proposer livraison gratuite,excellent quality
c6c53624,29,view,Lock and Love Women's Removable Hooded Faux Leather Moto Biker Jacket,women's clothing,29.950000762939453,2.9000000953674316,pub,1,Continuer navigation,great value for money
22ad85ea,43,view,Rain Jacket Women Windbreaker Striped Climbing Raincoats,women's clothing,39.9900016784668,3.799999952316284,pub,1,Continuer navigation,very satisfied
ff4c4f39,171,purchase,MBJ Women's Solid Short Sleeve Boat Neck V ,women's clothing,9.850000381469727,4.699999809265137,email,5,Suggerer produits similaires,very satisfied
e722d7cd,200,search,Opna Women's Short Sleeve Moisture,women's clothing,7.949999809265137,4.5,direct,1,Continuer navigation,very dissatisfied
df992516,28,view,DANVOUY Womens T Shirt Casual Cotton Short,women's clothing,12.989999771118164,3.5999999046325684,google,1,Continuer navigation,very dissatisfied
41e68e25,188,purchase,"Fjallraven - Foldsack No. 1 Backpack, Fits 15 Laptops",men's clothing,109.94999694824219,3.9000000953674316,google,5,Suggerer produits similaires,very disappointed
d2b4eab4,83,view,Mens Casual Premium Slim Fit T-Shirts ,men's clothing,22.299999237060547,4.099999904632568,reseaux_sociaux,1,Continuer navigation,excellent quality
910927de,146,view,Mens Cotton Jacket,men's clothing,55.9900016784668,4.699999809265137,pub,1,Continuer navigation,great product
02f37f55,159,purchase,Mens Casual Slim Fit,men's clothing,15.989999771118164,2.0999999046325684,reseaux_sociaux,5,Suggerer produits similaires,fast shipping
88449350,24,search,John Hardy Women's Legends Naga Gold & Silver Dragon Station Chain Bracelet,jewelery,695,4.599999904632568,direct,1,Continuer navigation,very disappointed
16eba7eb,147,add_to_cart,Solid Gold Petite Micropave ,jewelery,168,3.9000000953674316,pub,3,Proposer livraison gratuite,would not recommend
56b945a7,139,purchase,White Gold Plated Princess,jewelery,9.989999771118164,3,google,5,Suggerer produits similaires,very happy with my purchase
b31af43b,94,search,Pierced Owl Rose Gold Plated Stainless Steel Double,jewelery,10.989999771118164,1.899999976158142,pub,1,Continuer navigation,awesome product
ff9ddee2,67,abandon,WD 2TB Elements Portable External Hard Drive - USB 3.0 ,electronics,64,3.299999952316284,email,-1,Envoyer coupon -20%,poor quality
ae96e790,149,view,SanDisk SSD PLUS 1TB Internal SSD - SATA III 6 Gb/s,electronics,109,2.9000000953674316,email,1,Continuer navigation,excellent quality
f8c5b67e,55,add_to_cart,Silicon Power 256GB SSD 3D NAND A55 SLC Cache Performance Boost SATA III 2.5,electronics,109,4.800000190734863,reseaux_sociaux,3,Proposer livraison gratuite,excellent quality
15a0acb5,161,search,WD 4TB Gaming Drive Works with Playstation 4 Portable External Hard Drive,electronics,114,4.800000190734863,pub,1,Continuer navigation,great value for money
57ddd08a,40,view,Acer SB220Q bi 21.5 inches Full HD (1920 x 1080) IPS Ultra-Thin,electronics,599,2.9000000953674316,email,1,Continuer navigation,fast shipping
76133d80,93,view,Samsung 49-Inch CHG90 144Hz Curved Gaming Monitor (LC49HG90DMNXZA) – Super Ultrawide Screen QLED ,electronics,999.989990234375,2.200000047683716,direct,1,Continuer navigation,very happy with my purchase
4f7de417,30,abandon,BIYLACLESEN Women's 3-in-1 Snowboard Jacket Winter Coats,women's clothing,56.9900016784668,2.5999999046325684,direct,-1,Envoyer coupon -20%,great product
10d2d80a,148,purchase,Lock and Love Women's Removable Hooded Faux Leather Moto Biker Jacket,women's clothing,29.950000762939453,2.9000000953674316,reseaux_sociaux,5,Suggerer produits similaires,very pleased
7c39120b,128,view,Rain Jacket Women Windbreaker Striped Climbing Raincoats,women's clothing,39.9900016784668,3.799999952316284,direct,1,Continuer navigation,very pleased
64e30935,107,add_to_cart,MBJ Women's Solid Short Sleeve Boat Neck V ,women's clothing,9.850000381469727,4.699999809265137,email,3,Proposer livraison gratuite,great product
9353f31e,91,purchase,Opna Women's Short Sleeve Moisture,women's clothing,7.949999809265137,4.5,google,5,Suggerer produits similaires,great value for money
369f11f3,159,view,DANVOUY Womens T Shirt Casual Cotton Short,women's clothing,12.989999771118164,3.5999999046325684,google,1,Continuer navigation,fast shipping
4934e822,81,abandon,"Fjallraven - Foldsack No. 1 Backpack, Fits 15 Laptops",men's clothing,109.94999694824219,3.9000000953674316,reseaux_sociaux,-1,Envoyer coupon -20%,very happy with my purchase
70c53464,71,add_to_cart,Mens Casual Premium Slim Fit T-Shirts ,men's clothing,22.299999237060547,4.099999904632568,google,3,Proposer livraison gratuite,would not recommend
27453621,76,view,Mens Cotton Jacket,men's clothing,55.9900016784668,4.699999809265137,direct,1,Continuer navigation,great product
48de3c6b,94,search,Mens Casual Slim Fit,men's clothing,15.989999771118164,2.0999999046325684,email,1,Continuer navigation,would buy again
f003157b,11,view,John Hardy Women's Legends Naga Gold & Silver Dragon Station Chain Bracelet,jewelery,695,4.599999904632568,google,1,Continuer navigation,very dissatisfied
9f9712b1,102,abandon,Solid Gold Petite Micropave ,jewelery,168,3.9000000953674316,direct,-1,Envoyer coupon -20%,poor quality
18a0bbc3,120,add_to_cart,White Gold Plated Princess,jewelery,9.989999771118164,3,google,3,Proposer livraison gratuite,not as described
f8f4f8be,12,view,Pierced Owl Rose Gold Plated Stainless Steel Double,jewelery,10.989999771118164,1.899999976158142,direct,1,Continuer navigation,poor quality
143c24c1,135,view,WD 2TB Elements Portable External Hard Drive - USB 3.0 ,electronics,64,3.299999952316284,email,1,Continuer navigation,waste of money
733ca939,53,add_to_cart,SanDisk SSD PLUS 1TB Internal SSD - SATA III 6 Gb/s,electronics,109,2.9000000953674316,google,3,Proposer livraison gratuite,highly recommended
ad4b6d2a,17,add_to_cart,Silicon Power 256GB SSD 3D NAND A55 SLC Cache Performance Boost SATA III 2.5,electronics,109,4.800000190734863,direct,3,Proposer livraison gratuite,very unhappy with my purchase
687b6340,169,abandon,WD 4TB Gaming Drive Works with Playstation 4 Portable External Hard Drive,electronics,114,4.800000190734863,email,-1,Envoyer coupon -20%,excellent quality
c41d5fea,133,add_to_cart,Acer SB220Q bi 21.5 inches Full HD (1920 x 1080) IPS Ultra-Thin,electronics,599,2.9000000953674316,pub,3,Proposer livraison gratuite,not worth the price
ed2934ff,128,search,Samsung 49-Inch CHG90 144Hz Curved Gaming Monitor (LC49HG90DMNXZA) – Super Ultrawide Screen QLED ,electronics,999.989990234375,2.200000047683716,reseaux_sociaux,1,Continuer navigation,fast shipping
ab5366f3,34,add_to_cart,BIYLACLESEN Women's 3-in-1 Snowboard Jacket Winter Coats,women's clothing,56.9900016784668,2.5999999046325684,reseaux_sociaux,3,Proposer livraison gratuite,highly recommended
31411260,68,purchase,Lock and Love Women's Removable Hooded Faux Leather Moto Biker Jacket,women's clothing,29.950000762939453,2.9000000953674316,pub,5,Suggerer produits similaires,highly recommended
51dcc5ce,107,purchase,Rain Jacket Women Windbreaker Striped Climbing Raincoats,women's clothing,39.9900016784668,3.799999952316284,direct,5,Suggerer produits similaires,highly recommended
cac8c698,90,view,MBJ Women's Solid Short Sleeve Boat Neck V ,women's clothing,9.850000381469727,4.699999809265137,google,1,Continuer navigation,would buy again
7fe19f1c,154,view,Opna Women's Short Sleeve Moisture,women's clothing,7.949999809265137,4.5,reseaux_sociaux,1,Continuer navigation,awesome product
62b62c71,179,add_to_cart,DANVOUY Womens T Shirt Casual Cotton Short,women's clothing,12.989999771118164,3.5999999046325684,reseaux_sociaux,3,Proposer livraison gratuite,very dissatisfied
627c8f3e,46,purchase,"Fjallraven - Foldsack No. 1 Backpack, Fits 15 Laptops",men's clothing,109.94999694824219,3.9000000953674316,google,5,Suggerer produits similaires,great product
22efa70e,116,add_to_cart,Mens Casual Premium Slim Fit T-Shirts ,men's clothing,22.299999237060547,4.099999904632568,google,3,Proposer livraison gratuite,great product
d3c4f4c4,198,purchase,Mens Cotton Jacket,men's clothing,55.9900016784668,4.699999809265137,email,5,Suggerer produits similaires,highly recommended
7c4f8d30,20,search,Mens Casual Slim Fit,men's clothing,15.989999771118164,2.0999999046325684,direct,1,Continuer navigation,highly impressed
f0c03332,94,search,John Hardy Women's Legends Naga Gold & Silver Dragon Station Chain Bracelet,jewelery,695,4.599999904632568,direct,1,Continuer navigation,great value for money
d7727dcd,42,add_to_cart,Solid Gold Petite Micropave ,jewelery,168,3.9000000953674316,direct,3,Proposer livraison gratuite,very disappointed
747c9d18,44,abandon,White Gold Plated Princess,jewelery,9.989999771118164,3,google,-1,Envoyer coupon -20%,highly impressed
32515942,71,search,Pierced Owl Rose Gold Plated Stainless Steel Double,jewelery,10.989999771118164,1.899999976158142,pub,1,Continuer navigation,very satisfied
119e4439,181,search,WD 2TB Elements Portable External Hard Drive - USB 3.0 ,electronics,64,3.299999952316284,reseaux_sociaux,1,Continuer navigation,poor quality
ed12ca5d,40,search,SanDisk SSD PLUS 1TB Internal SSD - SATA III 6 Gb/s,electronics,109,2.9000000953674316,email,1,Continuer navigation,excellent quality
0089b262,18,search,Silicon Power 256GB SSD 3D NAND A55 SLC Cache Performance Boost SATA III 2.5,electronics,109,4.800000190734863,reseaux_sociaux,1,Continuer navigation,great product
8879d0d8,18,purchase,WD 4TB Gaming Drive Works with Playstation 4 Portable External Hard Drive,electronics,114,4.800000190734863,pub,5,Suggerer produits similaires,very happy with my purchase
52b7e71f,152,purchase,Acer SB220Q bi 21.5 inches Full HD (1920 x 1080) IPS Ultra-Thin,electronics,599,2.9000000953674316,google,5,Suggerer produits similaires,poor quality
90c9b476,12,abandon,Samsung 49-Inch CHG90 144Hz Curved Gaming Monitor (LC49HG90DMNXZA) – Super Ultrawide Screen QLED ,electronics,999.989990234375,2.200000047683716,email,-1,Envoyer coupon -20%,poor quality
046034bf,121,view,BIYLACLESEN Women's 3-in-1 Snowboard Jacket Winter Coats,women's clothing,56.9900016784668,2.5999999046325684,direct,1,Continuer navigation,highly impressed
5b2de0a6,104,add_to_cart,Lock and Love Women's Removable Hooded Faux Leather Moto Biker Jacket,women's clothing,29.950000762939453,2.9000000953674316,pub,3,Proposer livraison gratuite,very happy with my purchase
5dd8d621,91,view,Rain Jacket Women Windbreaker Striped Climbing Raincoats,women's clothing,39.9900016784668,3.799999952316284,pub,1,Continuer navigation,very pleased
f2f8206e,196,search,MBJ Women's Solid Short Sleeve Boat Neck V ,women's clothing,9.850000381469727,4.699999809265137,reseaux_sociaux,1,Continuer navigation,excellent quality
a8916dc4,188,purchase,Opna Women's Short Sleeve Moisture,women's clothing,7.949999809265137,4.5,email,5,Suggerer produits similaires,not worth the price
8d6c4c84,66,view,DANVOUY Womens T Shirt Casual Cotton Short,women's clothing,12.989999771118164,3.5999999046325684,email,1,Continuer navigation,would buy again
c28c3cfe,168,purchase,"Fjallraven - Foldsack No. 1 Backpack, Fits 15 Laptops",men's clothing,109.94999694824219,3.9000000953674316,pub,5,Suggerer produits similaires,very dissatisfied
0071d81f,96,search,Mens Casual Premium Slim Fit T-Shirts ,men's clothing,22.299999237060547,4.099999904632568,direct,1,Continuer navigation,would buy again
d02f9c6c,173,view,Mens Cotton Jacket,men's clothing,55.9900016784668,4.699999809265137,email,1,Continuer navigation,poor quality
78d1f8c5,185,search,Mens Casual Slim Fit,men's clothing,15.989999771118164,2.0999999046325684,direct,1,Continuer navigation,would not recommend
5813b8d2,128,abandon,John Hardy Women's Legends Naga Gold & Silver Dragon Station Chain Bracelet,jewelery,695,4.599999904632568,email,-1,Envoyer coupon -20%,very dissatisfied
9446c210,98,purchase,Solid Gold Petite Micropave ,jewelery,168,3.9000000953674316,pub,5,Suggerer produits similaires,great product
f1cbc7ba,20,abandon,White Gold Plated Princess,jewelery,9.989999771118164,3,reseaux_sociaux,-1,Envoyer coupon -20%,would buy again
ed38c308,43,abandon,Pierced Owl Rose Gold Plated Stainless Steel Double,jewelery,10.989999771118164,1.899999976158142,email,-1,Envoyer coupon -20%,would buy again
25852cea,98,search,WD 2TB Elements Portable External Hard Drive - USB 3.0 ,electronics,64,3.299999952316284,google,1,Continuer navigation,poor quality
379086d1,52,purchase,SanDisk SSD PLUS 1TB Internal SSD - SATA III 6 Gb/s,electronics,109,2.9000000953674316,pub,5,Suggerer produits similaires,very satisfied
5cae003d,79,view,Silicon Power 256GB SSD 3D NAND A55 SLC Cache Performance Boost SATA III 2.5,electronics,109,4.800000190734863,pub,1,Continuer navigation,very pleased
503fdbad,55,view,WD 4TB Gaming Drive Works with Playstation 4 Portable External Hard Drive,electronics,114,4.800000190734863,pub,1,Continuer navigation,very satisfied
e014dd8c,9,view,Acer SB220Q bi 21.5 inches Full HD (1920 x 1080) IPS Ultra-Thin,electronics,599,2.9000000953674316,direct,1,Continuer navigation,very unhappy with my purchase
d7e51c2e,195,purchase,Samsung 49-Inch CHG90 144Hz Curved Gaming Monitor (LC49HG90DMNXZA) – Super Ultrawide Screen QLED ,electronics,999.989990234375,2.200000047683716,direct,5,Suggerer produits similaires,very disappointed
b390292c,157,view,BIYLACLESEN Women's 3-in-1 Snowboard Jacket Winter Coats,women's clothing,56.9900016784668,2.5999999046325684,direct,1,Continuer navigation,very pleased
ade0e085,91,search,Lock and Love Women's Removable Hooded Faux Leather Moto Biker Jacket,women's clothing,29.950000762939453,2.9000000953674316,google,1,Continuer navigation,highly impressed
8862b8ee,21,search,Rain Jacket Women Windbreaker Striped Climbing Raincoats,women's clothing,39.9900016784668,3.799999952316284,email,1,Continuer navigation,would not recommend
23c9a348,130,view,MBJ Women's Solid Short Sleeve Boat Neck V ,women's clothing,9.850000381469727,4.699999809265137,pub,1,Continuer navigation,very dissatisfied
790dec99,24,add_to_cart,Opna Women's Short Sleeve Moisture,women's clothing,7.949999809265137,4.5,google,3,Proposer livraison gratuite,poor quality
1fb3d472,166,view,DANVOUY Womens T Shirt Casual Cotton Short,women's clothing,12.989999771118164,3.5999999046325684,pub,1,Continuer navigation,very unhappy with my purchase
efe48cb6,30,purchase,"Fjallraven - Foldsack No. 1 Backpack, Fits 15 Laptops",men's clothing,109.94999694824219,3.9000000953674316,direct,5,Suggerer produits similaires,great value for money
bdc21b81,42,abandon,Mens Casual Premium Slim Fit T-Shirts ,men's clothing,22.299999237060547,4.099999904632568,pub,-1,Envoyer coupon -20%,very disappointed
bd77537e,151,purchase,Mens Cotton Jacket,men's clothing,55.9900016784668,4.699999809265137,reseaux_sociaux,5,Suggerer produits similaires,awesome product
44e2857e,128,add_to_cart,Mens Casual Slim Fit,men's clothing,15.989999771118164,2.0999999046325684,email,3,Proposer livraison gratuite,poor quality
64284188,127,view,John Hardy Women's Legends Naga Gold & Silver Dragon Station Chain Bracelet,jewelery,695,4.599999904632568,email,1,Continuer navigation,very happy with my purchase
67857d13,56,view,Solid Gold Petite Micropave ,jewelery,168,3.9000000953674316,direct,1,Continuer navigation,very unhappy with my purchase
ca2a4635,184,abandon,White Gold Plated Princess,jewelery,9.989999771118164,3,direct,-1,Envoyer coupon -20%,would buy again
adeb2137,113,search,Pierced Owl Rose Gold Plated Stainless Steel Double,jewelery,10.989999771118164,1.899999976158142,pub,1,Continuer navigation,highly impressed
34323d60,114,purchase,WD 2TB Elements Portable External Hard Drive - USB 3.0 ,electronics,64,3.299999952316284,google,5,Suggerer produits similaires,great product
f597cc29,141,abandon,SanDisk SSD PLUS 1TB Internal SSD - SATA III 6 Gb/s,electronics,109,2.9000000953674316,direct,-1,Envoyer coupon -20%,very disappointed
70900e4c,145,search,Silicon Power 256GB SSD 3D NAND A55 SLC Cache Performance Boost SATA III 2.5,electronics,109,4.800000190734863,google,1,Continuer navigation,not worth the price
b425ac52,2,view,WD 4TB Gaming Drive Works with Playstation 4 Portable External Hard Drive,electronics,114,4.800000190734863,pub,1,Continuer navigation,very pleased
e8c42c1b,78,purchase,Acer SB220Q bi 21.5 inches Full HD (1920 x 1080) IPS Ultra-Thin,electronics,599,2.9000000953674316,pub,5,Suggerer produits similaires,great value for money
3fff7c76,194,search,Samsung 49-Inch CHG90 144Hz Curved Gaming Monitor (LC49HG90DMNXZA) – Super Ultrawide Screen QLED ,electronics,999.989990234375,2.200000047683716,pub,1,Continuer navigation,fast shipping
8f805810,177,add_to_cart,BIYLACLESEN Women's 3-in-1 Snowboard Jacket Winter Coats,women's clothing,56.9900016784668,2.5999999046325684,direct,3,Proposer livraison gratuite,fast shipping
5937665c,6,add_to_cart,Lock and Love Women's Removable Hooded Faux Leather Moto Biker Jacket,women's clothing,29.950000762939453,2.9000000953674316,google,3,Proposer livraison gratuite,waste of money
5598dd7f,182,view,Rain Jacket Women Windbreaker Striped Climbing Raincoats,women's clothing,39.9900016784668,3.799999952316284,pub,1,Continuer navigation,great product
44029223,180,abandon,MBJ Women's Solid Short Sleeve Boat Neck V ,women's clothing,9.850000381469727,4.699999809265137,reseaux_sociaux,-1,Envoyer coupon -20%,great product
14008223,158,add_to_cart,Opna Women's Short Sleeve Moisture,women's clothing,7.949999809265137,4.5,email,3,Proposer livraison gratuite,would not recommend
7fe76612,100,view,DANVOUY Womens T Shirt Casual Cotton Short,women's clothing,12.989999771118164,3.5999999046325684,email,1,Continuer navigation,highly impressed
6b4c52d3,186,abandon,"Fjallraven - Foldsack No. 1 Backpack, Fits 15 Laptops",men's clothing,109.94999694824219,3.9000000953674316,email,-1,Envoyer coupon -20%,awesome product
62a3041c,181,view,Mens Casual Premium Slim Fit T-Shirts ,men's clothing,22.299999237060547,4.099999904632568,google,1,Continuer navigation,great value for money
96cf9773,132,abandon,Mens Cotton Jacket,men's clothing,55.9900016784668,4.699999809265137,google,-1,Envoyer coupon -20%,poor quality
ddbfbc7d,186,view,Mens Casual Slim Fit,men's clothing,15.989999771118164,2.0999999046325684,google,1,Continuer navigation,highly impressed
6af097d2,156,search,John Hardy Women's Legends Naga Gold & Silver Dragon Station Chain Bracelet,jewelery,695,4.599999904632568,email,1,Continuer navigation,great product
ed03adb6,50,search,Solid Gold Petite Micropave ,jewelery,168,3.9000000953674316,direct,1,Continuer navigation,very happy with my purchase
504fa8c0,159,search,White Gold Plated Princess,jewelery,9.989999771118164,3,email,1,Continuer navigation,would not recommend
65f66362,147,abandon,Pierced Owl Rose Gold Plated Stainless Steel Double,jewelery,10.989999771118164,1.899999976158142,pub,-1,Envoyer coupon -20%,highly recommended
44bf97cc,34,purchase,WD 2TB Elements Portable External Hard Drive - USB 3.0 ,electronics,64,3.299999952316284,google,5,Suggerer produits similaires,highly impressed
fd5824b0,161,view,SanDisk SSD PLUS 1TB Internal SSD - SATA III 6 Gb/s,electronics,109,2.9000000953674316,pub,1,Continuer navigation,great product
2166611a,89,view,Silicon Power 256GB SSD 3D NAND A55 SLC Cache Performance Boost SATA III 2.5,electronics,109,4.800000190734863,direct,1,Continuer navigation,would not buy again
bcffa579,3,abandon,WD 4TB Gaming Drive Works with Playstation 4 Portable External Hard Drive,electronics,114,4.800000190734863,google,-1,Envoyer coupon -20%,would buy again
817cfdb2,164,abandon,Acer SB220Q bi 21.5 inches Full HD (1920 x 1080) IPS Ultra-Thin,electronics,599,2.9000000953674316,reseaux_sociaux,-1,Envoyer coupon -20%,awesome product
1f1d75ad,16,purchase,Samsung 49-Inch CHG90 144Hz Curved Gaming Monitor (LC49HG90DMNXZA) – Super Ultrawide Screen QLED ,electronics,999.989990234375,2.200000047683716,pub,5,Suggerer produits similaires,not as described
611fa118,37,view,BIYLACLESEN Women's 3-in-1 Snowboard Jacket Winter Coats,women's clothing,56.9900016784668,2.5999999046325684,reseaux_sociaux,1,Continuer navigation,very disappointed
cf3a7a3a,121,search,Lock and Love Women's Removable Hooded Faux Leather Moto Biker Jacket,women's clothing,29.950000762939453,2.9000000953674316,pub,1,Continuer navigation,great product
e394478a,145,abandon,Rain Jacket Women Windbreaker Striped Climbing Raincoats,women's clothing,39.9900016784668,3.799999952316284,pub,-1,Envoyer coupon -20%,very unhappy with my purchase
758d16d0,76,add_to_cart,MBJ Women's Solid Short Sleeve Boat Neck V ,women's clothing,9.850000381469727,4.699999809265137,reseaux_sociaux,3,Proposer livraison gratuite,very pleased
6ba85c4c,37,view,Opna Women's Short Sleeve Moisture,women's clothing,7.949999809265137,4.5,reseaux_sociaux,1,Continuer navigation,would not recommend
107a3a3b,68,add_to_cart,DANVOUY Womens T Shirt Casual Cotton Short,women's clothing,12.989999771118164,3.5999999046325684,email,3,Proposer livraison gratuite,great product
71400013,145,view,"Fjallraven - Foldsack No. 1 Backpack, Fits 15 Laptops",men's clothing,109.94999694824219,3.9000000953674316,email,1,Continuer navigation,very dissatisfied
7de069be,104,abandon,Mens Casual Premium Slim Fit T-Shirts ,men's clothing,22.299999237060547,4.099999904632568,email,-1,Envoyer coupon -20%,poor quality
b3a17e96,85,purchase,Mens Cotton Jacket,men's clothing,55.9900016784668,4.699999809265137,email,5,Suggerer produits similaires,excellent quality
a0963845,169,abandon,Mens Casual Slim Fit,men's clothing,15.989999771118164,2.0999999046325684,reseaux_sociaux,-1,Envoyer coupon -20%,great value for money
295f1d27,62,purchase,John Hardy Women's Legends Naga Gold & Silver Dragon Station Chain Bracelet,jewelery,695,4.599999904632568,direct,5,Suggerer produits similaires,fast shipping
a7ec16e2,23,view,Solid Gold Petite Micropave ,jewelery,168,3.9000000953674316,pub,1,Continuer navigation,very happy with my purchase
ac06f656,41,add_to_cart,White Gold Plated Princess,jewelery,9.989999771118164,3,google,3,Proposer livraison gratuite,poor quality
dd8b0818,63,abandon,Pierced Owl Rose Gold Plated Stainless Steel Double,jewelery,10.989999771118164,1.899999976158142,direct,-1,Envoyer coupon -20%,highly recommended
56a8c026,58,search,WD 2TB Elements Portable External Hard Drive - USB 3.0 ,electronics,64,3.299999952316284,pub,1,Continuer navigation,very satisfied
4fb61261,20,abandon,SanDisk SSD PLUS 1TB Internal SSD - SATA III 6 Gb/s,electronics,109,2.9000000953674316,direct,-1,Envoyer coupon -20%,great value for money
18e262a9,9,purchase,Silicon Power 256GB SSD 3D NAND A55 SLC Cache Performance Boost SATA III 2.5,electronics,109,4.800000190734863,pub,5,Suggerer produits similaires,fast shipping
a6913a3a,99,search,WD 4TB Gaming Drive Works with Playstation 4 Portable External Hard Drive,electronics,114,4.800000190734863,google,1,Continuer navigation,would buy again
5be9dc6c,37,view,Acer SB220Q bi 21.5 inches Full HD (1920 x 1080) IPS Ultra-Thin,electronics,599,2.9000000953674316,google,1,Continuer navigation,very pleased
291c878e,19,view,Samsung 49-Inch CHG90 144Hz Curved Gaming Monitor (LC49HG90DMNXZA) – Super Ultrawide Screen QLED ,electronics,999.989990234375,2.200000047683716,email,1,Continuer navigation,very pleased
55ef43f0,63,view,BIYLACLESEN Women's 3-in-1 Snowboard Jacket Winter Coats,women's clothing,56.9900016784668,2.5999999046325684,direct,1,Continuer navigation,great product
af1f20a2,145,add_to_cart,Lock and Love Women's Removable Hooded Faux Leather Moto Biker Jacket,women's clothing,29.950000762939453,2.9000000953674316,pub,3,Proposer livraison gratuite,highly impressed
7322c6b3,72,search,Rain Jacket Women Windbreaker Striped Climbing Raincoats,women's clothing,39.9900016784668,3.799999952316284,pub,1,Continuer navigation,very unhappy with my purchase
3d9811dd,9,purchase,MBJ Women's Solid Short Sleeve Boat Neck V ,women's clothing,9.850000381469727,4.699999809265137,pub,5,Suggerer produits similaires,poor quality
6065edcc,6,view,Opna Women's Short Sleeve Moisture,women's clothing,7.949999809265137,4.5,google,1,Continuer navigation,great value for money
0fd12d6e,138,view,DANVOUY Womens T Shirt Casual Cotton Short,women's clothing,12.989999771118164,3.5999999046325684,email,1,Continuer navigation,fast shipping
a875dedf,81,view,"Fjallraven - Foldsack No. 1 Backpack, Fits 15 Laptops",men's clothing,109.94999694824219,3.9000000953674316,reseaux_sociaux,1,Continuer navigation,disappointing product
0b08be00,80,add_to_cart,Mens Casual Premium Slim Fit T-Shirts ,men's clothing,22.299999237060547,4.099999904632568,pub,3,Proposer livraison gratuite,great product
f965c616,78,search,Mens Cotton Jacket,men's clothing,55.9900016784668,4.699999809265137,pub,1,Continuer navigation,great product
419cbceb,49,search,Mens Casual Slim Fit,men's clothing,15.989999771118164,2.0999999046325684,direct,1,Continuer navigation,excellent quality
dedb06ca,86,search,John Hardy Women's Legends Naga Gold & Silver Dragon Station Chain Bracelet,jewelery,695,4.599999904632568,direct,1,Continuer navigation,not worth the price
af5f41e0,163,abandon,Solid Gold Petite Micropave ,jewelery,168,3.9000000953674316,pub,-1,Envoyer coupon -20%,highly impressed
e93dda8e,57,add_to_cart,White Gold Plated Princess,jewelery,9.989999771118164,3,pub,3,Proposer livraison gratuite,highly recommended
7b6bd27f,28,purchase,Pierced Owl Rose Gold Plated Stainless Steel Double,jewelery,10.989999771118164,1.899999976158142,pub,5,Suggerer produits similaires,great value for money
a04a8ff4,104,search,WD 2TB Elements Portable External Hard Drive - USB 3.0 ,electronics,64,3.299999952316284,google,1,Continuer navigation,very dissatisfied
ae5cc4ad,155,add_to_cart,SanDisk SSD PLUS 1TB Internal SSD - SATA III 6 Gb/s,electronics,109,2.9000000953674316,google,3,Proposer livraison gratuite,would not recommend
2e06f23f,123,view,Silicon Power 256GB SSD 3D NAND A55 SLC Cache Performance Boost SATA III 2.5,electronics,109,4.800000190734863,direct,1,Continuer navigation,awesome product
0a0674b8,172,view,WD 4TB Gaming Drive Works with Playstation 4 Portable External Hard Drive,electronics,114,4.800000190734863,google,1,Continuer navigation,would not recommend
37cbf328,105,add_to_cart,Acer SB220Q bi 21.5 inches Full HD (1920 x 1080) IPS Ultra-Thin,electronics,599,2.9000000953674316,email,3,Proposer livraison gratuite,highly impressed
fd3c9a85,107,view,Samsung 49-Inch CHG90 144Hz Curved Gaming Monitor (LC49HG90DMNXZA) – Super Ultrawide Screen QLED ,electronics,999.989990234375,2.200000047683716,email,1,Continuer navigation,very satisfied
5a9422f2,191,abandon,BIYLACLESEN Women's 3-in-1 Snowboard Jacket Winter Coats,women's clothing,56.9900016784668,2.5999999046325684,pub,-1,Envoyer coupon -20%,very happy with my purchase
a4609d5a,121,search,Lock and Love Women's Removable Hooded Faux Leather Moto Biker Jacket,women's clothing,29.950000762939453,2.9000000953674316,google,1,Continuer navigation,would not buy again
8716327f,138,purchase,Rain Jacket Women Windbreaker Striped Climbing Raincoats,women's clothing,39.9900016784668,3.799999952316284,email,5,Suggerer produits similaires,would buy again
2f99f914,31,abandon,MBJ Women's Solid Short Sleeve Boat Neck V ,women's clothing,9.850000381469727,4.699999809265137,reseaux_sociaux,-1,Envoyer coupon -20%,very disappointed
15cb3f63,46,add_to_cart,Opna Women's Short Sleeve Moisture,women's clothing,7.949999809265137,4.5,direct,3,Proposer livraison gratuite,waste of money
2af61db6,13,abandon,DANVOUY Womens T Shirt Casual Cotton Short,women's clothing,12.989999771118164,3.5999999046325684,pub,-1,Envoyer coupon -20%,highly impressed
ec81430d,174,add_to_cart,"Fjallraven - Foldsack No. 1 Backpack, Fits 15 Laptops",men's clothing,109.94999694824219,3.9000000953674316,reseaux_sociaux,3,Proposer livraison gratuite,waste of money
6fb94630,19,search,Mens Casual Premium Slim Fit T-Shirts ,men's clothing,22.299999237060547,4.099999904632568,reseaux_sociaux,1,Continuer navigation,great product
016f71fc,154,add_to_cart,Mens Cotton Jacket,men's clothing,55.9900016784668,4.699999809265137,google,3,Proposer livraison gratuite,poor quality
614a835e,150,view,Mens Casual Slim Fit,men's clothing,15.989999771118164,2.0999999046325684,direct,1,Continuer navigation,would buy again
1b0e6767,161,search,John Hardy Women's Legends Naga Gold & Silver Dragon Station Chain Bracelet,jewelery,695,4.599999904632568,email,1,Continuer navigation,not worth the price
cdccb208,18,abandon,Solid Gold Petite Micropave ,jewelery,168,3.9000000953674316,pub,-1,Envoyer coupon -20%,would not buy again
681bc94d,121,abandon,White Gold Plated Princess,jewelery,9.989999771118164,3,google,-1,Envoyer coupon -20%,very dissatisfied
3e4d8062,9,search,Pierced Owl Rose Gold Plated Stainless Steel Double,jewelery,10.989999771118164,1.899999976158142,email,1,Continuer navigation,great product
375aa400,185,purchase,WD 2TB Elements Portable External Hard Drive - USB 3.0 ,electronics,64,3.299999952316284,google,5,Suggerer produits similaires,very satisfied
d69a6991,94,view,SanDisk SSD PLUS 1TB Internal SSD - SATA III 6 Gb/s,electronics,109,2.9000000953674316,google,1,Continuer navigation,great product
4fcead6d,136,purchase,Silicon Power 256GB SSD 3D NAND A55 SLC Cache Performance Boost SATA III 2.5,electronics,109,4.800000190734863,email,5,Suggerer produits similaires,fast shipping
75420d4a,30,abandon,WD 4TB Gaming Drive Works with Playstation 4 Portable External Hard Drive,electronics,114,4.800000190734863,google,-1,Envoyer coupon -20%,excellent quality
ae78336f,77,search,Acer SB220Q bi 21.5 inches Full HD (1920 x 1080) IPS Ultra-Thin,electronics,599,2.9000000953674316,direct,1,Continuer navigation,very satisfied
5a665e54,151,purchase,Samsung 49-Inch CHG90 144Hz Curved Gaming Monitor (LC49HG90DMNXZA) – Super Ultrawide Screen QLED ,electronics,999.989990234375,2.200000047683716,reseaux_sociaux,5,Suggerer produits similaires,would not recommend
715f109c,151,search,BIYLACLESEN Women's 3-in-1 Snowboard Jacket Winter Coats,women's clothing,56.9900016784668,2.5999999046325684,email,1,Continuer navigation,not as described
3fa0af02,184,purchase,Lock and Love Women's Removable Hooded Faux Leather Moto Biker Jacket,women's clothing,29.950000762939453,2.9000000953674316,pub,5,Suggerer produits similaires,poor quality
d0aaf991,78,abandon,Rain Jacket Women Windbreaker Striped Climbing Raincoats,women's clothing,39.9900016784668,3.799999952316284,google,-1,Envoyer coupon -20%,great product
21ce2b21,162,search,MBJ Women's Solid Short Sleeve Boat Neck V ,women's clothing,9.850000381469727,4.699999809265137,reseaux_sociaux,1,Continuer navigation,would not recommend
61941a7d,149,add_to_cart,Opna Women's Short Sleeve Moisture,women's clothing,7.949999809265137,4.5,email,3,Proposer livraison gratuite,great product
8c6f7980,81,add_to_cart,DANVOUY Womens T Shirt Casual Cotton Short,women's clothing,12.989999771118164,3.5999999046325684,email,3,Proposer livraison gratuite,very unhappy with my purchase
f1e457eb,111,abandon,"Fjallraven - Foldsack No. 1 Backpack, Fits 15 Laptops",men's clothing,109.94999694824219,3.9000000953674316,email,-1,Envoyer coupon -20%,waste of money
9f159052,180,view,Mens Casual Premium Slim Fit T-Shirts ,men's clothing,22.299999237060547,4.099999904632568,direct,1,Continuer navigation,very happy with my purchase
620b94db,47,abandon,Mens Cotton Jacket,men's clothing,55.9900016784668,4.699999809265137,reseaux_sociaux,-1,Envoyer coupon -20%,highly impressed
bf705eb6,58,view,Mens Casual Slim Fit,men's clothing,15.989999771118164,2.0999999046325684,direct,1,Continuer navigation,great value for money
9f03dd82,125,search,John Hardy Women's Legends Naga Gold & Silver Dragon Station Chain Bracelet,jewelery,695,4.599999904632568,email,1,Continuer navigation,would buy again
31c989dd,167,abandon,Solid Gold Petite Micropave ,jewelery,168,3.9000000953674316,pub,-1,Envoyer coupon -20%,excellent quality
0a591c80,128,search,White Gold Plated Princess,jewelery,9.989999771118164,3,pub,1,Continuer navigation,fast shipping
353911ac,55,add_to_cart,Pierced Owl Rose Gold Plated Stainless Steel Double,jewelery,10.989999771118164,1.899999976158142,google,3,Proposer livraison gratuite,very dissatisfied
e156c53b,76,abandon,WD 2TB Elements Portable External Hard Drive - USB 3.0 ,electronics,64,3.299999952316284,reseaux_sociaux,-1,Envoyer coupon -20%,great value for money
a05d85b5,1,search,SanDisk SSD PLUS 1TB Internal SSD - SATA III 6 Gb/s,electronics,109,2.9000000953674316,email,1,Continuer navigation,would not recommend
9ae5627c,69,purchase,Silicon Power 256GB SSD 3D NAND A55 SLC Cache Performance Boost SATA III 2.5,electronics,109,4.800000190734863,google,5,Suggerer produits similaires,very pleased
044b0981,184,search,WD 4TB Gaming Drive Works with Playstation 4 Portable External Hard Drive,electronics,114,4.800000190734863,pub,1,Continuer navigation,would not recommend
9d41356e,86,purchase,Acer SB220Q bi 21.5 inches Full HD (1920 x 1080) IPS Ultra-Thin,electronics,599,2.9000000953674316,reseaux_sociaux,5,Suggerer produits similaires,highly impressed
442b5e34,183,add_to_cart,Samsung 49-Inch CHG90 144Hz Curved Gaming Monitor (LC49HG90DMNXZA) – Super Ultrawide Screen QLED ,electronics,999.989990234375,2.200000047683716,email,3,Proposer livraison gratuite,would buy again
f6ebc547,171,purchase,BIYLACLESEN Women's 3-in-1 Snowboard Jacket Winter Coats,women's clothing,56.9900016784668,2.5999999046325684,google,5,Suggerer produits similaires,great value for money
7d0dff1c,38,abandon,Lock and Love Women's Removable Hooded Faux Leather Moto Biker Jacket,women's clothing,29.950000762939453,2.9000000953674316,email,-1,Envoyer coupon -20%,very disappointed
862b59ea,146,search,Rain Jacket Women Windbreaker Striped Climbing Raincoats,women's clothing,39.9900016784668,3.799999952316284,pub,1,Continuer navigation,awesome product
97ee96f1,159,add_to_cart,MBJ Women's Solid Short Sleeve Boat Neck V ,women's clothing,9.850000381469727,4.699999809265137,pub,3,Proposer livraison gratuite,fast shipping
875381af,199,purchase,Opna Women's Short Sleeve Moisture,women's clothing,7.949999809265137,4.5,email,5,Suggerer produits similaires,would buy again
04653786,14,add_to_cart,DANVOUY Womens T Shirt Casual Cotton Short,women's clothing,12.989999771118164,3.5999999046325684,direct,3,Proposer livraison gratuite,fast shipping
7989e9b6,125,abandon,"Fjallraven - Foldsack No. 1 Backpack, Fits 15 Laptops",men's clothing,109.94999694824219,3.9000000953674316,direct,-1,Envoyer coupon -20%,highly impressed
e0a8b68e,155,add_to_cart,Mens Casual Premium Slim Fit T-Shirts ,men's clothing,22.299999237060547,4.099999904632568,google,3,Proposer livraison gratuite,very pleased
9aebd0d2,135,view,Mens Cotton Jacket,men's clothing,55.9900016784668,4.699999809265137,direct,1,Continuer navigation,very disappointed
54ca7a5b,194,view,Mens Casual Slim Fit,men's clothing,15.989999771118164,2.0999999046325684,email,1,Continuer navigation,very disappointed
1a5e9966,115,abandon,John Hardy Women's Legends Naga Gold & Silver Dragon Station Chain Bracelet,jewelery,695,4.599999904632568,reseaux_sociaux,-1,Envoyer coupon -20%,excellent quality
f9bb6c03,153,view,Solid Gold Petite Micropave ,jewelery,168,3.9000000953674316,reseaux_sociaux,1,Continuer navigation,waste of money
6b698aba,168,add_to_cart,White Gold Plated Princess,jewelery,9.989999771118164,3,email,3,Proposer livraison gratuite,poor quality
d563596d,147,search,Pierced Owl Rose Gold Plated Stainless Steel Double,jewelery,10.989999771118164,1.899999976158142,pub,1,Continuer navigation,highly impressed
4843380e,56,abandon,WD 2TB Elements Portable External Hard Drive - USB 3.0 ,electronics,64,3.299999952316284,reseaux_sociaux,-1,Envoyer coupon -20%,very dissatisfied
48765c12,45,purchase,SanDisk SSD PLUS 1TB Internal SSD - SATA III 6 Gb/s,electronics,109,2.9000000953674316,google,5,Suggerer produits similaires,awesome product
fe2923a4,93,abandon,Silicon Power 256GB SSD 3D NAND A55 SLC Cache Performance Boost SATA III 2.5,electronics,109,4.800000190734863,reseaux_sociaux,-1,Envoyer coupon -20%,excellent quality
a9d47f7a,31,abandon,WD 4TB Gaming Drive Works with Playstation 4 Portable External Hard Drive,electronics,114,4.800000190734863,pub,-1,Envoyer coupon -20%,would not recommend
dc0145ef,51,view,Acer SB220Q bi 21.5 inches Full HD (1920 x 1080) IPS Ultra-Thin,electronics,599,2.9000000953674316,reseaux_sociaux,1,Continuer navigation,very happy with my purchase
03ff5f7d,64,add_to_cart,Samsung 49-Inch CHG90 144Hz Curved Gaming Monitor (LC49HG90DMNXZA) – Super Ultrawide Screen QLED ,electronics,999.989990234375,2.200000047683716,direct,3,Proposer livraison gratuite,very pleased
d8953b23,120,add_to_cart,BIYLACLESEN Women's 3-in-1 Snowboard Jacket Winter Coats,women's clothing,56.9900016784668,2.5999999046325684,google,3,Proposer livraison gratuite,awesome product
754885f5,169,search,Lock and Love Women's Removable Hooded Faux Leather Moto Biker Jacket,women's clothing,29.950000762939453,2.9000000953674316,reseaux_sociaux,1,Continuer navigation,highly impressed
d3a9f0e7,114,add_to_cart,Rain Jacket Women Windbreaker Striped Climbing Raincoats,women's clothing,39.9900016784668,3.799999952316284,email,3,Proposer livraison gratuite,would buy again
f5c868be,3,search,MBJ Women's Solid Short Sleeve Boat Neck V ,women's clothing,9.850000381469727,4.699999809265137,direct,1,Continuer navigation,great product
98492cae,52,search,Opna Women's Short Sleeve Moisture,women's clothing,7.949999809265137,4.5,reseaux_sociaux,1,Continuer navigation,would not recommend
370b7c56,197,add_to_cart,DANVOUY Womens T Shirt Casual Cotton Short,women's clothing,12.989999771118164,3.5999999046325684,reseaux_sociaux,3,Proposer livraison gratuite,great product
a389a588,111,abandon,"Fjallraven - Foldsack No. 1 Backpack, Fits 15 Laptops",men's clothing,109.94999694824219,3.9000000953674316,email,-1,Envoyer coupon -20%,would buy again
705ffcce,14,abandon,Mens Casual Premium Slim Fit T-Shirts ,men's clothing,22.299999237060547,4.099999904632568,email,-1,Envoyer coupon -20%,great product
ed3b0161,106,abandon,Mens Cotton Jacket,men's clothing,55.9900016784668,4.699999809265137,reseaux_sociaux,-1,Envoyer coupon -20%,would not buy again
7216b3ac,179,purchase,Mens Casual Slim Fit,men's clothing,15.989999771118164,2.0999999046325684,google,5,Suggerer produits similaires,poor quality
2b572a5a,19,view,John Hardy Women's Legends Naga Gold & Silver Dragon Station Chain Bracelet,jewelery,695,4.599999904632568,direct,1,Continuer navigation,waste of money
391ae685,142,purchase,Solid Gold Petite Micropave ,jewelery,168,3.9000000953674316,email,5,Suggerer produits similaires,very unhappy with my purchase
f2776dc9,198,search,White Gold Plated Princess,jewelery,9.989999771118164,3,reseaux_sociaux,1,Continuer navigation,excellent quality
a17743ae,36,purchase,Pierced Owl Rose Gold Plated Stainless Steel Double,jewelery,10.989999771118164,1.899999976158142,email,5,Suggerer produits similaires,excellent quality
07abd556,141,abandon,WD 2TB Elements Portable External Hard Drive - USB 3.0 ,electronics,64,3.299999952316284,pub,-1,Envoyer coupon -20%,highly recommended
2879989f,101,add_to_cart,SanDisk SSD PLUS 1TB Internal SSD - SATA III 6 Gb/s,electronics,109,2.9000000953674316,pub,3,Proposer livraison gratuite,would not recommend
df22a0e3,98,purchase,Silicon Power 256GB SSD 3D NAND A55 SLC Cache Performance Boost SATA III 2.5,electronics,109,4.800000190734863,email,5,Suggerer produits similaires,awesome product
f77af086,4,purchase,WD 4TB Gaming Drive Works with Playstation 4 Portable External Hard Drive,electronics,114,4.800000190734863,email,5,Suggerer produits similaires,awesome product
13c359c8,118,search,Acer SB220Q bi 21.5 inches Full HD (1920 x 1080) IPS Ultra-Thin,electronics,599,2.9000000953674316,email,1,Continuer navigation,would not recommend
ebdec1ad,159,view,Samsung 49-Inch CHG90 144Hz Curved Gaming Monitor (LC49HG90DMNXZA) – Super Ultrawide Screen QLED ,electronics,999.989990234375,2.200000047683716,google,1,Continuer navigation,would not buy again
d235106e,125,purchase,BIYLACLESEN Women's 3-in-1 Snowboard Jacket Winter Coats,women's clothing,56.9900016784668,2.5999999046325684,email,5,Suggerer produits similaires,awesome product
71ae80f8,78,abandon,Lock and Love Women's Removable Hooded Faux Leather Moto Biker Jacket,women's clothing,29.950000762939453,2.9000000953674316,reseaux_sociaux,-1,Envoyer coupon -20%,great product
db8afd8c,71,view,Rain Jacket Women Windbreaker Striped Climbing Raincoats,women's clothing,39.9900016784668,3.799999952316284,direct,1,Continuer navigation,fast shipping
002752d9,82,add_to_cart,MBJ Women's Solid Short Sleeve Boat Neck V ,women's clothing,9.850000381469727,4.699999809265137,email,3,Proposer livraison gratuite,would not recommend
886ffb21,141,search,Opna Women's Short Sleeve Moisture,women's clothing,7.949999809265137,4.5,reseaux_sociaux,1,Continuer navigation,poor quality
571c3710,193,view,DANVOUY Womens T Shirt Casual Cotton Short,women's clothing,12.989999771118164,3.5999999046325684,reseaux_sociaux,1,Continuer navigation,waste of money
2e92c982,198,purchase,"Fjallraven - Foldsack No. 1 Backpack, Fits 15 Laptops",men's clothing,109.94999694824219,3.9000000953674316,email,5,Suggerer produits similaires,excellent quality
e2ddcfb8,33,purchase,Mens Casual Premium Slim Fit T-Shirts ,men's clothing,22.299999237060547,4.099999904632568,google,5,Suggerer produits similaires,very disappointed
a655781a,26,purchase,Mens Cotton Jacket,men's clothing,55.9900016784668,4.699999809265137,google,5,Suggerer produits similaires,very unhappy with my purchase
0a5f5fca,154,abandon,Mens Casual Slim Fit,men's clothing,15.989999771118164,2.0999999046325684,pub,-1,Envoyer coupon -20%,awesome product
43782634,49,search,John Hardy Women's Legends Naga Gold & Silver Dragon Station Chain Bracelet,jewelery,695,4.599999904632568,reseaux_sociaux,1,Continuer navigation,very unhappy with my purchase
5051e0f8,17,add_to_cart,Solid Gold Petite Micropave ,jewelery,168,3.9000000953674316,direct,3,Proposer livraison gratuite,very happy with my purchase
3507fd4b,51,add_to_cart,White Gold Plated Princess,jewelery,9.989999771118164,3,direct,3,Proposer livraison gratuite,would buy again
38cb7f8f,93,view,Pierced Owl Rose Gold Plated Stainless Steel Double,jewelery,10.989999771118164,1.899999976158142,google,1,Continuer navigation,poor quality
9eca8579,145,view,WD 2TB Elements Portable External Hard Drive - USB 3.0 ,electronics,64,3.299999952316284,email,1,Continuer navigation,awesome product
f8142797,185,search,SanDisk SSD PLUS 1TB Internal SSD - SATA III 6 Gb/s,electronics,109,2.9000000953674316,google,1,Continuer navigation,very disappointed
7c51e080,156,purchase,Silicon Power 256GB SSD 3D NAND A55 SLC Cache Performance Boost SATA III 2.5,electronics,109,4.800000190734863,pub,5,Suggerer produits similaires,very dissatisfied
fee5e2ef,1,abandon,WD 4TB Gaming Drive Works with Playstation 4 Portable External Hard Drive,electronics,114,4.800000190734863,email,-1,Envoyer coupon -20%,very happy with my purchase
63d3c100,131,purchase,Acer SB220Q bi 21.5 inches Full HD (1920 x 1080) IPS Ultra-Thin,electronics,599,2.9000000953674316,pub,5,Suggerer produits similaires,very unhappy with my purchase
a3f741b7,13,purchase,Samsung 49-Inch CHG90 144Hz Curved Gaming Monitor (LC49HG90DMNXZA) – Super Ultrawide Screen QLED ,electronics,999.989990234375,2.200000047683716,pub,5,Suggerer produits similaires,would buy again
f49223dd,161,abandon,BIYLACLESEN Women's 3-in-1 Snowboard Jacket Winter Coats,women's clothing,56.9900016784668,2.5999999046325684,email,-1,Envoyer coupon -20%,poor quality
724e8db3,54,abandon,Lock and Love Women's Removable Hooded Faux Leather Moto Biker Jacket,women's clothing,29.950000762939453,2.9000000953674316,google,-1,Envoyer coupon -20%,very disappointed
072d0f83,97,abandon,Rain Jacket Women Windbreaker Striped Climbing Raincoats,women's clothing,39.9900016784668,3.799999952316284,direct,-1,Envoyer coupon -20%,poor quality
9fcd56d9,132,view,MBJ Women's Solid Short Sleeve Boat Neck V ,women's clothing,9.850000381469727,4.699999809265137,reseaux_sociaux,1,Continuer navigation,highly impressed
7ee07c18,150,add_to_cart,Opna Women's Short Sleeve Moisture,women's clothing,7.949999809265137,4.5,pub,3,Proposer livraison gratuite,very disappointed
705f6813,13,add_to_cart,DANVOUY Womens T Shirt Casual Cotton Short,women's clothing,12.989999771118164,3.5999999046325684,direct,3,Proposer livraison gratuite,very happy with my purchase
9c37a3b5,42,purchase,"Fjallraven - Foldsack No. 1 Backpack, Fits 15 Laptops",men's clothing,109.94999694824219,3.9000000953674316,reseaux_sociaux,5,Suggerer produits similaires,very satisfied
cefee239,182,view,Mens Casual Premium Slim Fit T-Shirts ,men's clothing,22.299999237060547,4.099999904632568,google,1,Continuer navigation,great product
2538f035,152,add_to_cart,Mens Cotton Jacket,men's clothing,55.9900016784668,4.699999809265137,google,3,Proposer livraison gratuite,excellent quality
5d90c25a,127,abandon,Mens Casual Slim Fit,men's clothing,15.989999771118164,2.0999999046325684,email,-1,Envoyer coupon -20%,very pleased
e77e8858,62,add_to_cart,John Hardy Women's Legends Naga Gold & Silver Dragon Station Chain Bracelet,jewelery,695,4.599999904632568,reseaux_sociaux,3,Proposer livraison gratuite,excellent quality
5fc33ec6,23,add_to_cart,Solid Gold Petite Micropave ,jewelery,168,3.9000000953674316,pub,3,Proposer livraison gratuite,excellent quality
368c7a68,5,abandon,White Gold Plated Princess,jewelery,9.989999771118164,3,reseaux_sociaux,-1,Envoyer coupon -20%,would not recommend
dd3cbcbc,200,abandon,Pierced Owl Rose Gold Plated Stainless Steel Double,jewelery,10.989999771118164,1.899999976158142,pub,-1,Envoyer coupon -20%,very dissatisfied
a233d1c1,134,purchase,WD 2TB Elements Portable External Hard Drive - USB 3.0 ,electronics,64,3.299999952316284,reseaux_sociaux,5,Suggerer produits similaires,waste of money
548b9fda,165,view,SanDisk SSD PLUS 1TB Internal SSD - SATA III 6 Gb/s,electronics,109,2.9000000953674316,reseaux_sociaux,1,Continuer navigation,very unhappy with my purchase
b6325286,134,abandon,Silicon Power 256GB SSD 3D NAND A55 SLC Cache Performance Boost SATA III 2.5,electronics,109,4.800000190734863,pub,-1,Envoyer coupon -20%,very happy with my purchase
21f9d4c5,195,purchase,WD 4TB Gaming Drive Works with Playstation 4 Portable External Hard Drive,electronics,114,4.800000190734863,direct,5,Suggerer produits similaires,fast shipping
811c34a8,72,search,Acer SB220Q bi 21.5 inches Full HD (1920 x 1080) IPS Ultra-Thin,electronics,599,2.9000000953674316,google,1,Continuer navigation,excellent quality
f061bcf9,8,add_to_cart,Samsung 49-Inch CHG90 144Hz Curved Gaming Monitor (LC49HG90DMNXZA) – Super Ultrawide Screen QLED ,electronics,999.989990234375,2.200000047683716,direct,3,Proposer livraison gratuite,poor quality
3b896ee6,59,view,BIYLACLESEN Women's 3-in-1 Snowboard Jacket Winter Coats,women's clothing,56.9900016784668,2.5999999046325684,pub,1,Continuer navigation,highly recommended
939a22c4,65,add_to_cart,Lock and Love Women's Removable Hooded Faux Leather Moto Biker Jacket,women's clothing,29.950000762939453,2.9000000953674316,direct,3,Proposer livraison gratuite,excellent quality
1ffe4814,54,abandon,Rain Jacket Women Windbreaker Striped Climbing Raincoats,women's clothing,39.9900016784668,3.799999952316284,reseaux_sociaux,-1,Envoyer coupon -20%,poor quality
866bbb12,175,view,MBJ Women's Solid Short Sleeve Boat Neck V ,women's clothing,9.850000381469727,4.699999809265137,direct,1,Continuer navigation,very unhappy with my purchase
e9174303,11,add_to_cart,Opna Women's Short Sleeve Moisture,women's clothing,7.949999809265137,4.5,reseaux_sociaux,3,Proposer livraison gratuite,very satisfied
25d0b6c6,126,add_to_cart,DANVOUY Womens T Shirt Casual Cotton Short,women's clothing,12.989999771118164,3.5999999046325684,pub,3,Proposer livraison gratuite,highly impressed
c39a3912,92,abandon,"Fjallraven - Foldsack No. 1 Backpack, Fits 15 Laptops",men's clothing,109.94999694824219,3.9000000953674316,pub,-1,Envoyer coupon -20%,would not recommend
0b05a800,6,add_to_cart,Mens Casual Premium Slim Fit T-Shirts ,men's clothing,22.299999237060547,4.099999904632568,google,3,Proposer livraison gratuite,very unhappy with my purchase
f3e95239,47,add_to_cart,Mens Cotton Jacket,men's clothing,55.9900016784668,4.699999809265137,reseaux_sociaux,3,Proposer livraison gratuite,would buy again
0f9f0fc4,132,search,Mens Casual Slim Fit,men's clothing,15.989999771118164,2.0999999046325684,direct,1,Continuer navigation,waste of money
fb4f748e,161,search,John Hardy Women's Legends Naga Gold & Silver Dragon Station Chain Bracelet,jewelery,695,4.599999904632568,reseaux_sociaux,1,Continuer navigation,very happy with my purchase
cb2d66d8,39,purchase,Solid Gold Petite Micropave ,jewelery,168,3.9000000953674316,reseaux_sociaux,5,Suggerer produits similaires,fast shipping
46ff1ccf,168,add_to_cart,White Gold Plated Princess,jewelery,9.989999771118164,3,direct,3,Proposer livraison gratuite,poor quality
d5624be9,80,abandon,Pierced Owl Rose Gold Plated Stainless Steel Double,jewelery,10.989999771118164,1.899999976158142,email,-1,Envoyer coupon -20%,very dissatisfied
06536982,145,view,WD 2TB Elements Portable External Hard Drive - USB 3.0 ,electronics,64,3.299999952316284,google,1,Continuer navigation,would not recommend
554e7405,53,view,SanDisk SSD PLUS 1TB Internal SSD - SATA III 6 Gb/s,electronics,109,2.9000000953674316,google,1,Continuer navigation,awesome product
04c2d058,177,view,Silicon Power 256GB SSD 3D NAND A55 SLC Cache Performance Boost SATA III 2.5,electronics,109,4.800000190734863,email,1,Continuer navigation,very dissatisfied
738a645e,27,view,WD 4TB Gaming Drive Works with Playstation 4 Portable External Hard Drive,electronics,114,4.800000190734863,reseaux_sociaux,1,Continuer navigation,awesome product
22d9d8ab,198,view,Acer SB220Q bi 21.5 inches Full HD (1920 x 1080) IPS Ultra-Thin,electronics,599,2.9000000953674316,google,1,Continuer navigation,would not buy again
50aa5353,71,search,Samsung 49-Inch CHG90 144Hz Curved Gaming Monitor (LC49HG90DMNXZA) – Super Ultrawide Screen QLED ,electronics,999.989990234375,2.200000047683716,reseaux_sociaux,1,Continuer navigation,highly impressed
11bf7a7e,74,view,BIYLACLESEN Women's 3-in-1 Snowboard Jacket Winter Coats,women's clothing,56.9900016784668,2.5999999046325684,reseaux_sociaux,1,Continuer navigation,great value for money
0e81e2a4,105,purchase,Lock and Love Women's Removable Hooded Faux Leather Moto Biker Jacket,women's clothing,29.950000762939453,2.9000000953674316,direct,5,Suggerer produits similaires,great product
c2916be7,52,purchase,Rain Jacket Women Windbreaker Striped Climbing Raincoats,women's clothing,39.9900016784668,3.799999952316284,google,5,Suggerer produits similaires,great value for money
06dee880,184,purchase,MBJ Women's Solid Short Sleeve Boat Neck V ,women's clothing,9.850000381469727,4.699999809265137,reseaux_sociaux,5,Suggerer produits similaires,awesome product
abc7ff1d,183,search,Opna Women's Short Sleeve Moisture,women's clothing,7.949999809265137,4.5,pub,1,Continuer navigation,great product
08047e4b,81,add_to_cart,DANVOUY Womens T Shirt Casual Cotton Short,women's clothing,12.989999771118164,3.5999999046325684,email,3,Proposer livraison gratuite,would not recommend
5573550b,34,add_to_cart,"Fjallraven - Foldsack No. 1 Backpack, Fits 15 Laptops",men's clothing,109.94999694824219,3.9000000953674316,email,3,Proposer livraison gratuite,fast shipping
d89df47b,154,add_to_cart,Mens Casual Premium Slim Fit T-Shirts ,men's clothing,22.299999237060547,4.099999904632568,pub,3,Proposer livraison gratuite,very happy with my purchase
0698cefb,29,add_to_cart,Mens Cotton Jacket,men's clothing,55.9900016784668,4.699999809265137,pub,3,Proposer livraison gratuite,great product
bc1315b0,167,view,Mens Casual Slim Fit,men's clothing,15.989999771118164,2.0999999046325684,google,1,Continuer navigation,awesome product
ba65b66d,106,abandon,John Hardy Women's Legends Naga Gold & Silver Dragon Station Chain Bracelet,jewelery,695,4.599999904632568,direct,-1,Envoyer coupon -20%,great product
f7296201,56,purchase,Solid Gold Petite Micropave ,jewelery,168,3.9000000953674316,pub,5,Suggerer produits similaires,very pleased
2e6e9448,126,add_to_cart,White Gold Plated Princess,jewelery,9.989999771118164,3,reseaux_sociaux,3,Proposer livraison gratuite,great product
d2a5f937,148,view,Pierced Owl Rose Gold Plated Stainless Steel Double,jewelery,10.989999771118164,1.899999976158142,reseaux_sociaux,1,Continuer navigation,very dissatisfied
5bcc30ea,5,add_to_cart,WD 2TB Elements Portable External Hard Drive - USB 3.0 ,electronics,64,3.299999952316284,reseaux_sociaux,3,Proposer livraison gratuite,poor quality
57fbf3d5,6,add_to_cart,SanDisk SSD PLUS 1TB Internal SSD - SATA III 6 Gb/s,electronics,109,2.9000000953674316,email,3,Proposer livraison gratuite,great product
20a80932,106,search,Silicon Power 256GB SSD 3D NAND A55 SLC Cache Performance Boost SATA III 2.5,electronics,109,4.800000190734863,reseaux_sociaux,1,Continuer navigation,highly impressed
a0ab3b9f,93,abandon,WD 4TB Gaming Drive Works with Playstation 4 Portable External Hard Drive,electronics,114,4.800000190734863,reseaux_sociaux,-1,Envoyer coupon -20%,poor quality
e5ad4724,103,abandon,Acer SB220Q bi 21.5 inches Full HD (1920 x 1080) IPS Ultra-Thin,electronics,599,2.9000000953674316,pub,-1,Envoyer coupon -20%,not worth the price
2461b626,38,view,Samsung 49-Inch CHG90 144Hz Curved Gaming Monitor (LC49HG90DMNXZA) – Super Ultrawide Screen QLED ,electronics,999.989990234375,2.200000047683716,google,1,Continuer navigation,very happy with my purchase
5deb5a79,86,purchase,BIYLACLESEN Women's 3-in-1 Snowboard Jacket Winter Coats,women's clothing,56.9900016784668,2.5999999046325684,pub,5,Suggerer produits similaires,would not recommend
a730b270,68,view,Lock and Love Women's Removable Hooded Faux Leather Moto Biker Jacket,women's clothing,29.950000762939453,2.9000000953674316,google,1,Continuer navigation,very unhappy with my purchase
9867989f,56,view,Rain Jacket Women Windbreaker Striped Climbing Raincoats,women's clothing,39.9900016784668,3.799999952316284,direct,1,Continuer navigation,highly recommended
3bb5ae33,36,purchase,MBJ Women's Solid Short Sleeve Boat Neck V ,women's clothing,9.850000381469727,4.699999809265137,email,5,Suggerer produits similaires,very unhappy with my purchase
e17c860c,95,search,Opna Women's Short Sleeve Moisture,women's clothing,7.949999809265137,4.5,reseaux_sociaux,1,Continuer navigation,highly recommended
d88a6d42,84,search,DANVOUY Womens T Shirt Casual Cotton Short,women's clothing,12.989999771118164,3.5999999046325684,pub,1,Continuer navigation,very disappointed
888e5312,148,view,"Fjallraven - Foldsack No. 1 Backpack, Fits 15 Laptops",men's clothing,109.94999694824219,3.9000000953674316,email,1,Continuer navigation,very pleased
abfd6ce6,24,view,Mens Casual Premium Slim Fit T-Shirts ,men's clothing,22.299999237060547,4.099999904632568,email,1,Continuer navigation,great product
27eef3d0,171,abandon,Mens Cotton Jacket,men's clothing,55.9900016784668,4.699999809265137,direct,-1,Envoyer coupon -20%,very satisfied
72b75142,40,search,Mens Casual Slim Fit,men's clothing,15.989999771118164,2.0999999046325684,google,1,Continuer navigation,would not recommend
de94ed20,50,search,John Hardy Women's Legends Naga Gold & Silver Dragon Station Chain Bracelet,jewelery,695,4.599999904632568,reseaux_sociaux,1,Continuer navigation,excellent quality
f16d4f5f,89,add_to_cart,Solid Gold Petite Micropave ,jewelery,168,3.9000000953674316,reseaux_sociaux,3,Proposer livraison gratuite,fast shipping
48928b4c,120,add_to_cart,White Gold Plated Princess,jewelery,9.989999771118164,3,pub,3,Proposer livraison gratuite,waste of money
133abc2c,44,view,Pierced Owl Rose Gold Plated Stainless Steel Double,jewelery,10.989999771118164,1.899999976158142,direct,1,Continuer navigation,great product
8ae982b4,137,purchase,WD 2TB Elements Portable External Hard Drive - USB 3.0 ,electronics,64,3.299999952316284,email,5,Suggerer produits similaires,waste of money
c88d4810,200,add_to_cart,SanDisk SSD PLUS 1TB Internal SSD - SATA III 6 Gb/s,electronics,109,2.9000000953674316,google,3,Proposer livraison gratuite,very pleased
92820a0d,194,add_to_cart,Silicon Power 256GB SSD 3D NAND A55 SLC Cache Performance Boost SATA III 2.5,electronics,109,4.800000190734863,reseaux_sociaux,3,Proposer livraison gratuite,great product
a0239fb0,178,view,WD 4TB Gaming Drive Works with Playstation 4 Portable External Hard Drive,electronics,114,4.800000190734863,direct,1,Continuer navigation,poor quality
9e0f7d7d,186,add_to_cart,Acer SB220Q bi 21.5 inches Full HD (1920 x 1080) IPS Ultra-Thin,electronics,599,2.9000000953674316,direct,3,Proposer livraison gratuite,very happy with my purchase
20d20f79,109,search,Samsung 49-Inch CHG90 144Hz Curved Gaming Monitor (LC49HG90DMNXZA) – Super Ultrawide Screen QLED ,electronics,999.989990234375,2.200000047683716,pub,1,Continuer navigation,great product
50cfabc5,192,search,BIYLACLESEN Women's 3-in-1 Snowboard Jacket Winter Coats,women's clothing,56.9900016784668,2.5999999046325684,reseaux_sociaux,1,Continuer navigation,would not recommend
9d8b7df5,163,abandon,Lock and Love Women's Removable Hooded Faux Leather Moto Biker Jacket,women's clothing,29.950000762939453,2.9000000953674316,pub,-1,Envoyer coupon -20%,highly impressed
4ce26eac,89,add_to_cart,Rain Jacket Women Windbreaker Striped Climbing Raincoats,women's clothing,39.9900016784668,3.799999952316284,google,3,Proposer livraison gratuite,not as described
c3d0994c,100,search,MBJ Women's Solid Short Sleeve Boat Neck V ,women's clothing,9.850000381469727,4.699999809265137,google,1,Continuer navigation,great product
3258b582,18,add_to_cart,Opna Women's Short Sleeve Moisture,women's clothing,7.949999809265137,4.5,pub,3,Proposer livraison gratuite,great value for money
c0127d55,123,search,DANVOUY Womens T Shirt Casual Cotton Short,women's clothing,12.989999771118164,3.5999999046325684,reseaux_sociaux,1,Continuer navigation,highly impressed
b37ccb8e,122,search,"Fjallraven - Foldsack No. 1 Backpack, Fits 15 Laptops",men's clothing,109.94999694824219,3.9000000953674316,pub,1,Continuer navigation,would not recommend
b3978315,101,view,Mens Casual Premium Slim Fit T-Shirts ,men's clothing,22.299999237060547,4.099999904632568,google,1,Continuer navigation,very disappointed
59d014a7,34,add_to_cart,Mens Cotton Jacket,men's clothing,55.9900016784668,4.699999809265137,pub,3,Proposer livraison gratuite,would not recommend
28602f08,179,view,Mens Casual Slim Fit,men's clothing,15.989999771118164,2.0999999046325684,email,1,Continuer navigation,waste of money
1b078bfc,162,view,John Hardy Women's Legends Naga Gold & Silver Dragon Station Chain Bracelet,jewelery,695,4.599999904632568,google,1,Continuer navigation,very dissatisfied
e11e7fbd,178,view,Solid Gold Petite Micropave ,jewelery,168,3.9000000953674316,email,1,Continuer navigation,very unhappy with my purchase
b39fab58,14,add_to_cart,White Gold Plated Princess,jewelery,9.989999771118164,3,pub,3,Proposer livraison gratuite,waste of money
6bca5d4d,13,add_to_cart,Pierced Owl Rose Gold Plated Stainless Steel Double,jewelery,10.989999771118164,1.899999976158142,pub,3,Proposer livraison gratuite,highly impressed
baec028f,135,add_to_cart,WD 2TB Elements Portable External Hard Drive - USB 3.0 ,electronics,64,3.299999952316284,pub,3,Proposer livraison gratuite,highly recommended
d58c1145,110,add_to_cart,SanDisk SSD PLUS 1TB Internal SSD - SATA III 6 Gb/s,electronics,109,2.9000000953674316,reseaux_sociaux,3,Proposer livraison gratuite,very disappointed
b4cc3f3c,139,purchase,Silicon Power 256GB SSD 3D NAND A55 SLC Cache Performance Boost SATA III 2.5,electronics,109,4.800000190734863,direct,5,Suggerer produits similaires,very disappointed
9417dbfb,92,view,WD 4TB Gaming Drive Works with Playstation 4 Portable External Hard Drive,electronics,114,4.800000190734863,google,1,Continuer navigation,very disappointed
ba250298,24,purchase,Acer SB220Q bi 21.5 inches Full HD (1920 x 1080) IPS Ultra-Thin,electronics,599,2.9000000953674316,direct,5,Suggerer produits similaires,fast shipping
799a3183,78,abandon,Samsung 49-Inch CHG90 144Hz Curved Gaming Monitor (LC49HG90DMNXZA) – Super Ultrawide Screen QLED ,electronics,999.989990234375,2.200000047683716,email,-1,Envoyer coupon -20%,highly recommended
baa57d3e,65,view,BIYLACLESEN Women's 3-in-1 Snowboard Jacket Winter Coats,women's clothing,56.9900016784668,2.5999999046325684,reseaux_sociaux,1,Continuer navigation,highly recommended
34c01af6,195,add_to_cart,Lock and Love Women's Removable Hooded Faux Leather Moto Biker Jacket,women's clothing,29.950000762939453,2.9000000953674316,google,3,Proposer livraison gratuite,great product
c7c66122,150,search,Rain Jacket Women Windbreaker Striped Climbing Raincoats,women's clothing,39.9900016784668,3.799999952316284,direct,1,Continuer navigation,highly recommended
966d8a7e,116,add_to_cart,MBJ Women's Solid Short Sleeve Boat Neck V ,women's clothing,9.850000381469727,4.699999809265137,email,3,Proposer livraison gratuite,great product
b7680375,66,add_to_cart,Opna Women's Short Sleeve Moisture,women's clothing,7.949999809265137,4.5,reseaux_sociaux,3,Proposer livraison gratuite,very happy with my purchase
7659e85b,165,add_to_cart,DANVOUY Womens T Shirt Casual Cotton Short,women's clothing,12.989999771118164,3.5999999046325684,email,3,Proposer livraison gratuite,very unhappy with my purchase
d0529510,66,purchase,"Fjallraven - Foldsack No. 1 Backpack, Fits 15 Laptops",men's clothing,109.94999694824219,3.9000000953674316,reseaux_sociaux,5,Suggerer produits similaires,would buy again
0eb18b81,93,purchase,Mens Casual Premium Slim Fit T-Shirts ,men's clothing,22.299999237060547,4.099999904632568,reseaux_sociaux,5,Suggerer produits similaires,great product
80da5f23,43,view,Mens Cotton Jacket,men's clothing,55.9900016784668,4.699999809265137,direct,1,Continuer navigation,highly recommended
d206ab2b,131,search,Mens Casual Slim Fit,men's clothing,15.989999771118164,2.0999999046325684,email,1,Continuer navigation,very pleased
6710c94f,31,abandon,John Hardy Women's Legends Naga Gold & Silver Dragon Station Chain Bracelet,jewelery,695,4.599999904632568,reseaux_sociaux,-1,Envoyer coupon -20%,would not recommend
6707f1e6,103,abandon,Solid Gold Petite Micropave ,jewelery,168,3.9000000953674316,google,-1,Envoyer coupon -20%,excellent quality
b15aa006,138,purchase,White Gold Plated Princess,jewelery,9.989999771118164,3,direct,5,Suggerer produits similaires,fast shipping
2fe67cba,56,add_to_cart,Pierced Owl Rose Gold Plated Stainless Steel Double,jewelery,10.989999771118164,1.899999976158142,email,3,Proposer livraison gratuite,great value for money
24c1d2af,164,abandon,WD 2TB Elements Portable External Hard Drive - USB 3.0 ,electronics,64,3.299999952316284,reseaux_sociaux,-1,Envoyer coupon -20%,not as described
44b8cb8d,144,add_to_cart,SanDisk SSD PLUS 1TB Internal SSD - SATA III 6 Gb/s,electronics,109,2.9000000953674316,pub,3,Proposer livraison gratuite,would not buy again
b83ba324,89,add_to_cart,Silicon Power 256GB SSD 3D NAND A55 SLC Cache Performance Boost SATA III 2.5,electronics,109,4.800000190734863,reseaux_sociaux,3,Proposer livraison gratuite,not worth the price
6a1d742e,26,search,WD 4TB Gaming Drive Works with Playstation 4 Portable External Hard Drive,electronics,114,4.800000190734863,google,1,Continuer navigation,excellent quality
fa951e4b,75,view,Acer SB220Q bi 21.5 inches Full HD (1920 x 1080) IPS Ultra-Thin,electronics,599,2.9000000953674316,email,1,Continuer navigation,very disappointed
4ce53b2c,41,abandon,Samsung 49-Inch CHG90 144Hz Curved Gaming Monitor (LC49HG90DMNXZA) – Super Ultrawide Screen QLED ,electronics,999.989990234375,2.200000047683716,google,-1,Envoyer coupon -20%,fast shipping
808abbaa,102,abandon,BIYLACLESEN Women's 3-in-1 Snowboard Jacket Winter Coats,women's clothing,56.9900016784668,2.5999999046325684,reseaux_sociaux,-1,Envoyer coupon -20%,poor quality
550fa8c6,110,abandon,Lock and Love Women's Removable Hooded Faux Leather Moto Biker Jacket,women's clothing,29.950000762939453,2.9000000953674316,google,-1,Envoyer coupon -20%,great product
31139cb4,172,add_to_cart,Rain Jacket Women Windbreaker Striped Climbing Raincoats,women's clothing,39.9900016784668,3.799999952316284,reseaux_sociaux,3,Proposer livraison gratuite,highly impressed
1bf2ce91,118,view,MBJ Women's Solid Short Sleeve Boat Neck V ,women's clothing,9.850000381469727,4.699999809265137,direct,1,Continuer navigation,highly recommended
61b189c7,143,purchase,Opna Women's Short Sleeve Moisture,women's clothing,7.949999809265137,4.5,direct,5,Suggerer produits similaires,very disappointed
ce62a04e,120,abandon,DANVOUY Womens T Shirt Casual Cotton Short,women's clothing,12.989999771118164,3.5999999046325684,email,-1,Envoyer coupon -20%,great value for money
08df1c63,33,search,"Fjallraven - Foldsack No. 1 Backpack, Fits 15 Laptops",men's clothing,109.94999694824219,3.9000000953674316,google,1,Continuer navigation,poor quality
f65c5a0e,134,search,Mens Casual Premium Slim Fit T-Shirts ,men's clothing,22.299999237060547,4.099999904632568,email,1,Continuer navigation,highly impressed
aa489fe5,100,purchase,Mens Cotton Jacket,men's clothing,55.9900016784668,4.699999809265137,direct,5,Suggerer produits similaires,very dissatisfied
fa048739,126,view,Mens Casual Slim Fit,men's clothing,15.989999771118164,2.0999999046325684,reseaux_sociaux,1,Continuer navigation,very unhappy with my purchase
0f60bd09,87,purchase,John Hardy Women's Legends Naga Gold & Silver Dragon Station Chain Bracelet,jewelery,695,4.599999904632568,google,5,Suggerer produits similaires,would buy again
a3db1e51,19,search,Solid Gold Petite Micropave ,jewelery,168,3.9000000953674316,email,1,Continuer navigation,disappointing product
ee4d1153,25,view,White Gold Plated Princess,jewelery,9.989999771118164,3,pub,1,Continuer navigation,fast shipping
a7d34772,3,search,Pierced Owl Rose Gold Plated Stainless Steel Double,jewelery,10.989999771118164,1.899999976158142,direct,1,Continuer navigation,would buy again
64344b72,28,view,WD 2TB Elements Portable External Hard Drive - USB 3.0 ,electronics,64,3.299999952316284,pub,1,Continuer navigation,awesome product
24470dd3,61,view,SanDisk SSD PLUS 1TB Internal SSD - SATA III 6 Gb/s,electronics,109,2.9000000953674316,pub,1,Continuer navigation,not worth the price
2442cf27,138,add_to_cart,Silicon Power 256GB SSD 3D NAND A55 SLC Cache Performance Boost SATA III 2.5,electronics,109,4.800000190734863,google,3,Proposer livraison gratuite,poor quality
e1a6c11d,105,purchase,WD 4TB Gaming Drive Works with Playstation 4 Portable External Hard Drive,electronics,114,4.800000190734863,google,5,Suggerer produits similaires,great product
c2a73f78,59,view,Acer SB220Q bi 21.5 inches Full HD (1920 x 1080) IPS Ultra-Thin,electronics,599,2.9000000953674316,email,1,Continuer navigation,highly recommended
b9838522,27,abandon,Samsung 49-Inch CHG90 144Hz Curved Gaming Monitor (LC49HG90DMNXZA) – Super Ultrawide Screen QLED ,electronics,999.989990234375,2.200000047683716,email,-1,Envoyer coupon -20%,great product
ed67f216,190,view,BIYLACLESEN Women's 3-in-1 Snowboard Jacket Winter Coats,women's clothing,56.9900016784668,2.5999999046325684,direct,1,Continuer navigation,very pleased
f57131b3,7,add_to_cart,Lock and Love Women's Removable Hooded Faux Leather Moto Biker Jacket,women's clothing,29.950000762939453,2.9000000953674316,direct,3,Proposer livraison gratuite,very happy with my purchase
da7c3732,91,view,Rain Jacket Women Windbreaker Striped Climbing Raincoats,women's clothing,39.9900016784668,3.799999952316284,direct,1,Continuer navigation,poor quality
a8bd3590,108,add_to_cart,MBJ Women's Solid Short Sleeve Boat Neck V ,women's clothing,9.850000381469727,4.699999809265137,reseaux_sociaux,3,Proposer livraison gratuite,highly impressed
90ef2204,57,view,Opna Women's Short Sleeve Moisture,women's clothing,7.949999809265137,4.5,reseaux_sociaux,1,Continuer navigation,would not recommend
6e4c6593,21,purchase,DANVOUY Womens T Shirt Casual Cotton Short,women's clothing,12.989999771118164,3.5999999046325684,email,5,Suggerer produits similaires,excellent quality
9bfb8ca0,17,search,"Fjallraven - Foldsack No. 1 Backpack, Fits 15 Laptops",men's clothing,109.94999694824219,3.9000000953674316,pub,1,Continuer navigation,very dissatisfied
22a0c881,14,abandon,Mens Casual Premium Slim Fit T-Shirts ,men's clothing,22.299999237060547,4.099999904632568,pub,-1,Envoyer coupon -20%,highly impressed
8916f2e3,13,abandon,Mens Cotton Jacket,men's clothing,55.9900016784668,4.699999809265137,direct,-1,Envoyer coupon -20%,great value for money
55600085,187,search,Mens Casual Slim Fit,men's clothing,15.989999771118164,2.0999999046325684,email,1,Continuer navigation,very unhappy with my purchase
ad5fd763,73,purchase,John Hardy Women's Legends Naga Gold & Silver Dragon Station Chain Bracelet,jewelery,695,4.599999904632568,reseaux_sociaux,5,Suggerer produits similaires,very disappointed
4f2d800a,93,abandon,Solid Gold Petite Micropave ,jewelery,168,3.9000000953674316,reseaux_sociaux,-1,Envoyer coupon -20%,excellent quality
5a73f5f2,47,add_to_cart,White Gold Plated Princess,jewelery,9.989999771118164,3,direct,3,Proposer livraison gratuite,excellent quality
c68bd739,131,abandon,Pierced Owl Rose Gold Plated Stainless Steel Double,jewelery,10.989999771118164,1.899999976158142,direct,-1,Envoyer coupon -20%,very unhappy with my purchase
90cfb932,120,purchase,WD 2TB Elements Portable External Hard Drive - USB 3.0 ,electronics,64,3.299999952316284,pub,5,Suggerer produits similaires,very disappointed
921cca66,7,add_to_cart,SanDisk SSD PLUS 1TB Internal SSD - SATA III 6 Gb/s,electronics,109,2.9000000953674316,reseaux_sociaux,3,Proposer livraison gratuite,very unhappy with my purchase
8739156d,170,view,Silicon Power 256GB SSD 3D NAND A55 SLC Cache Performance Boost SATA III 2.5,electronics,109,4.800000190734863,google,1,Continuer navigation,very happy with my purchase
f4f7909e,33,add_to_cart,WD 4TB Gaming Drive Works with Playstation 4 Portable External Hard Drive,electronics,114,4.800000190734863,google,3,Proposer livraison gratuite,highly impressed
ba11e6b4,46,abandon,Acer SB220Q bi 21.5 inches Full HD (1920 x 1080) IPS Ultra-Thin,electronics,599,2.9000000953674316,google,-1,Envoyer coupon -20%,highly impressed
58406b6d,5,purchase,Samsung 49-Inch CHG90 144Hz Curved Gaming Monitor (LC49HG90DMNXZA) – Super Ultrawide Screen QLED ,electronics,999.989990234375,2.200000047683716,reseaux_sociaux,5,Suggerer produits similaires,not as described
d4158154,47,search,BIYLACLESEN Women's 3-in-1 Snowboard Jacket Winter Coats,women's clothing,56.9900016784668,2.5999999046325684,pub,1,Continuer navigation,great product
b833959b,100,view,Lock and Love Women's Removable Hooded Faux Leather Moto Biker Jacket,women's clothing,29.950000762939453,2.9000000953674316,email,1,Continuer navigation,highly impressed
7a07e2f8,159,purchase,Rain Jacket Women Windbreaker Striped Climbing Raincoats,women's clothing,39.9900016784668,3.799999952316284,reseaux_sociaux,5,Suggerer produits similaires,excellent quality
d46d7ebb,106,abandon,MBJ Women's Solid Short Sleeve Boat Neck V ,women's clothing,9.850000381469727,4.699999809265137,pub,-1,Envoyer coupon -20%,very unhappy with my purchase
4b7c308e,124,search,Opna Women's Short Sleeve Moisture,women's clothing,7.949999809265137,4.5,reseaux_sociaux,1,Continuer navigation,great product
4587bba8,165,abandon,DANVOUY Womens T Shirt Casual Cotton Short,women's clothing,12.989999771118164,3.5999999046325684,google,-1,Envoyer coupon -20%,highly impressed
610fe320,81,search,"Fjallraven - Foldsack No. 1 Backpack, Fits 15 Laptops",men's clothing,109.94999694824219,3.9000000953674316,google,1,Continuer navigation,highly impressed
d4dc605f,146,view,Mens Casual Premium Slim Fit T-Shirts ,men's clothing,22.299999237060547,4.099999904632568,google,1,Continuer navigation,great value for money
28031f50,200,search,Mens Cotton Jacket,men's clothing,55.9900016784668,4.699999809265137,reseaux_sociaux,1,Continuer navigation,poor quality
bab6f4e7,98,add_to_cart,Mens Casual Slim Fit,men's clothing,15.989999771118164,2.0999999046325684,google,3,Proposer livraison gratuite,highly impressed
979fb6fc,12,add_to_cart,John Hardy Women's Legends Naga Gold & Silver Dragon Station Chain Bracelet,jewelery,695,4.599999904632568,google,3,Proposer livraison gratuite,great product
1e5e6b3e,64,purchase,Solid Gold Petite Micropave ,jewelery,168,3.9000000953674316,reseaux_sociaux,5,Suggerer produits similaires,very dissatisfied
2090afa8,130,add_to_cart,White Gold Plated Princess,jewelery,9.989999771118164,3,pub,3,Proposer livraison gratuite,highly impressed
acca022f,31,abandon,Pierced Owl Rose Gold Plated Stainless Steel Double,jewelery,10.989999771118164,1.899999976158142,pub,-1,Envoyer coupon -20%,disappointing product
9c555f4d,119,view,WD 2TB Elements Portable External Hard Drive - USB 3.0 ,electronics,64,3.299999952316284,direct,1,Continuer navigation,highly impressed
97b4bed9,6,view,SanDisk SSD PLUS 1TB Internal SSD - SATA III 6 Gb/s,electronics,109,2.9000000953674316,direct,1,Continuer navigation,very happy with my purchase
df808846,74,abandon,Silicon Power 256GB SSD 3D NAND A55 SLC Cache Performance Boost SATA III 2.5,electronics,109,4.800000190734863,pub,-1,Envoyer coupon -20%,highly recommended
112278d0,98,view,WD 4TB Gaming Drive Works with Playstation 4 Portable External Hard Drive,electronics,114,4.800000190734863,pub,1,Continuer navigation,great product
8163bd31,40,add_to_cart,Acer SB220Q bi 21.5 inches Full HD (1920 x 1080) IPS Ultra-Thin,electronics,599,2.9000000953674316,email,3,Proposer livraison gratuite,not worth the price
5c0a68bf,155,abandon,Samsung 49-Inch CHG90 144Hz Curved Gaming Monitor (LC49HG90DMNXZA) – Super Ultrawide Screen QLED ,electronics,999.989990234375,2.200000047683716,reseaux_sociaux,-1,Envoyer coupon -20%,very dissatisfied
d3063014,63,add_to_cart,BIYLACLESEN Women's 3-in-1 Snowboard Jacket Winter Coats,women's clothing,56.9900016784668,2.5999999046325684,email,3,Proposer livraison gratuite,very happy with my purchase
39be346d,124,purchase,Lock and Love Women's Removable Hooded Faux Leather Moto Biker Jacket,women's clothing,29.950000762939453,2.9000000953674316,direct,5,Suggerer produits similaires,not as described
4f56d6c7,51,abandon,Rain Jacket Women Windbreaker Striped Climbing Raincoats,women's clothing,39.9900016784668,3.799999952316284,google,-1,Envoyer coupon -20%,great product
a63646a1,111,abandon,MBJ Women's Solid Short Sleeve Boat Neck V ,women's clothing,9.850000381469727,4.699999809265137,google,-1,Envoyer coupon -20%,excellent quality
405f2e03,194,purchase,Opna Women's Short Sleeve Moisture,women's clothing,7.949999809265137,4.5,email,5,Suggerer produits similaires,poor quality
f6231be5,22,purchase,DANVOUY Womens T Shirt Casual Cotton Short,women's clothing,12.989999771118164,3.5999999046325684,pub,5,Suggerer produits similaires,great value for money
8d83d40f,182,search,"Fjallraven - Foldsack No. 1 Backpack, Fits 15 Laptops",men's clothing,109.94999694824219,3.9000000953674316,direct,1,Continuer navigation,fast shipping
8540ff6a,185,abandon,Mens Casual Premium Slim Fit T-Shirts ,men's clothing,22.299999237060547,4.099999904632568,pub,-1,Envoyer coupon -20%,very dissatisfied
a842c055,64,purchase,Mens Cotton Jacket,men's clothing,55.9900016784668,4.699999809265137,reseaux_sociaux,5,Suggerer produits similaires,poor quality
7be1f9b4,136,purchase,Mens Casual Slim Fit,men's clothing,15.989999771118164,2.0999999046325684,direct,5,Suggerer produits similaires,highly recommended
37bf4389,22,search,John Hardy Women's Legends Naga Gold & Silver Dragon Station Chain Bracelet,jewelery,695,4.599999904632568,email,1,Continuer navigation,fast shipping
0f212182,188,search,Solid Gold Petite Micropave ,jewelery,168,3.9000000953674316,reseaux_sociaux,1,Continuer navigation,very unhappy with my purchase
b14183b6,31,abandon,White Gold Plated Princess,jewelery,9.989999771118164,3,email,-1,Envoyer coupon -20%,would not recommend
b9f0afce,173,search,Pierced Owl Rose Gold Plated Stainless Steel Double,jewelery,10.989999771118164,1.899999976158142,pub,1,Continuer navigation,would not recommend
0c5e1a78,134,purchase,WD 2TB Elements Portable External Hard Drive - USB 3.0 ,electronics,64,3.299999952316284,reseaux_sociaux,5,Suggerer produits similaires,great product
57e2e6cd,175,add_to_cart,SanDisk SSD PLUS 1TB Internal SSD - SATA III 6 Gb/s,electronics,109,2.9000000953674316,pub,3,Proposer livraison gratuite,waste of money
c816cfcb,177,view,Silicon Power 256GB SSD 3D NAND A55 SLC Cache Performance Boost SATA III 2.5,electronics,109,4.800000190734863,reseaux_sociaux,1,Continuer navigation,very dissatisfied
b140bbe5,188,add_to_cart,WD 4TB Gaming Drive Works with Playstation 4 Portable External Hard Drive,electronics,114,4.800000190734863,pub,3,Proposer livraison gratuite,would buy again
a290c24b,57,search,Acer SB220Q bi 21.5 inches Full HD (1920 x 1080) IPS Ultra-Thin,electronics,599,2.9000000953674316,direct,1,Continuer navigation,very pleased
79245bd9,76,abandon,Samsung 49-Inch CHG90 144Hz Curved Gaming Monitor (LC49HG90DMNXZA) – Super Ultrawide Screen QLED ,electronics,999.989990234375,2.200000047683716,email,-1,Envoyer coupon -20%,would not buy again
63ea6800,13,view,BIYLACLESEN Women's 3-in-1 Snowboard Jacket Winter Coats,women's clothing,56.9900016784668,2.5999999046325684,email,1,Continuer navigation,very happy with my purchase
4d68d6f1,74,search,Lock and Love Women's Removable Hooded Faux Leather Moto Biker Jacket,women's clothing,29.950000762939453,2.9000000953674316,reseaux_sociaux,1,Continuer navigation,great product
322960c2,197,view,Rain Jacket Women Windbreaker Striped Climbing Raincoats,women's clothing,39.9900016784668,3.799999952316284,google,1,Continuer navigation,very satisfied
3e93fc93,191,purchase,MBJ Women's Solid Short Sleeve Boat Neck V ,women's clothing,9.850000381469727,4.699999809265137,pub,5,Suggerer produits similaires,would buy again
32642030,28,view,Opna Women's Short Sleeve Moisture,women's clothing,7.949999809265137,4.5,direct,1,Continuer navigation,very unhappy with my purchase
baa32c5b,4,search,DANVOUY Womens T Shirt Casual Cotton Short,women's clothing,12.989999771118164,3.5999999046325684,email,1,Continuer navigation,very dissatisfied
6e73ae4e,33,search,"Fjallraven - Foldsack No. 1 Backpack, Fits 15 Laptops",men's clothing,109.94999694824219,3.9000000953674316,pub,1,Continuer navigation,awesome product
0a310d68,106,add_to_cart,Mens Casual Premium Slim Fit T-Shirts ,men's clothing,22.299999237060547,4.099999904632568,direct,3,Proposer livraison gratuite,poor quality
8168fc4c,176,search,Mens Cotton Jacket,men's clothing,55.9900016784668,4.699999809265137,direct,1,Continuer navigation,highly impressed
30431d9a,109,view,Mens Casual Slim Fit,men's clothing,15.989999771118164,2.0999999046325684,reseaux_sociaux,1,Continuer navigation,very dissatisfied
65e3ae92,128,add_to_cart,John Hardy Women's Legends Naga Gold & Silver Dragon Station Chain Bracelet,jewelery,695,4.599999904632568,google,3,Proposer livraison gratuite,very happy with my purchase
f10e2df4,43,purchase,Solid Gold Petite Micropave ,jewelery,168,3.9000000953674316,email,5,Suggerer produits similaires,great value for money
db2f3d8b,179,purchase,White Gold Plated Princess,jewelery,9.989999771118164,3,pub,5,Suggerer produits similaires,very happy with my purchase
533096ec,200,abandon,Pierced Owl Rose Gold Plated Stainless Steel Double,jewelery,10.989999771118164,1.899999976158142,direct,-1,Envoyer coupon -20%,great product
a71fb3d8,185,add_to_cart,WD 2TB Elements Portable External Hard Drive - USB 3.0 ,electronics,64,3.299999952316284,direct,3,Proposer livraison gratuite,very happy with my purchase
077e5120,14,add_to_cart,SanDisk SSD PLUS 1TB Internal SSD - SATA III 6 Gb/s,electronics,109,2.9000000953674316,google,3,Proposer livraison gratuite,very disappointed
bd7d8d44,47,abandon,Silicon Power 256GB SSD 3D NAND A55 SLC Cache Performance Boost SATA III 2.5,electronics,109,4.800000190734863,pub,-1,Envoyer coupon -20%,would buy again
cb36c12c,33,add_to_cart,WD 4TB Gaming Drive Works with Playstation 4 Portable External Hard Drive,electronics,114,4.800000190734863,reseaux_sociaux,3,Proposer livraison gratuite,highly recommended
df54382e,176,view,Acer SB220Q bi 21.5 inches Full HD (1920 x 1080) IPS Ultra-Thin,electronics,599,2.9000000953674316,reseaux_sociaux,1,Continuer navigation,great product
64c17ead,125,purchase,Samsung 49-Inch CHG90 144Hz Curved Gaming Monitor (LC49HG90DMNXZA) – Super Ultrawide Screen QLED ,electronics,999.989990234375,2.200000047683716,reseaux_sociaux,5,Suggerer produits similaires,would not buy again
254932e0,108,search,BIYLACLESEN Women's 3-in-1 Snowboard Jacket Winter Coats,women's clothing,56.9900016784668,2.5999999046325684,google,1,Continuer navigation,very happy with my purchase
492ff293,16,view,Lock and Love Women's Removable Hooded Faux Leather Moto Biker Jacket,women's clothing,29.950000762939453,2.9000000953674316,direct,1,Continuer navigation,would buy again
3a6c2777,128,add_to_cart,Rain Jacket Women Windbreaker Striped Climbing Raincoats,women's clothing,39.9900016784668,3.799999952316284,reseaux_sociaux,3,Proposer livraison gratuite,would not recommend
354bce05,44,view,MBJ Women's Solid Short Sleeve Boat Neck V ,women's clothing,9.850000381469727,4.699999809265137,reseaux_sociaux,1,Continuer navigation,not worth the price
2c441b2e,184,search,Opna Women's Short Sleeve Moisture,women's clothing,7.949999809265137,4.5,google,1,Continuer navigation,highly recommended
51b28e2f,200,add_to_cart,DANVOUY Womens T Shirt Casual Cotton Short,women's clothing,12.989999771118164,3.5999999046325684,email,3,Proposer livraison gratuite,highly recommended
415a4eb2,128,abandon,"Fjallraven - Foldsack No. 1 Backpack, Fits 15 Laptops",men's clothing,109.94999694824219,3.9000000953674316,google,-1,Envoyer coupon -20%,very pleased
30681bfa,103,add_to_cart,Mens Casual Premium Slim Fit T-Shirts ,men's clothing,22.299999237060547,4.099999904632568,pub,3,Proposer livraison gratuite,excellent quality
ac0534a1,189,search,Mens Cotton Jacket,men's clothing,55.9900016784668,4.699999809265137,pub,1,Continuer navigation,very disappointed
8aa4a832,148,purchase,Mens Casual Slim Fit,men's clothing,15.989999771118164,2.0999999046325684,email,5,Suggerer produits similaires,very satisfied
d4b63f8f,109,search,John Hardy Women's Legends Naga Gold & Silver Dragon Station Chain Bracelet,jewelery,695,4.599999904632568,pub,1,Continuer navigation,would not recommend
c0b3b008,200,view,Solid Gold Petite Micropave ,jewelery,168,3.9000000953674316,reseaux_sociaux,1,Continuer navigation,not as described
826d6172,56,purchase,White Gold Plated Princess,jewelery,9.989999771118164,3,reseaux_sociaux,5,Suggerer produits similaires,great value for money
eb2da9d3,24,view,Pierced Owl Rose Gold Plated Stainless Steel Double,jewelery,10.989999771118164,1.899999976158142,email,1,Continuer navigation,very happy with my purchase
4ec6d20a,48,abandon,WD 2TB Elements Portable External Hard Drive - USB 3.0 ,electronics,64,3.299999952316284,email,-1,Envoyer coupon -20%,very unhappy with my purchase
e9af88f8,102,view,SanDisk SSD PLUS 1TB Internal SSD - SATA III 6 Gb/s,electronics,109,2.9000000953674316,direct,1,Continuer navigation,excellent quality
fba47e99,197,purchase,Silicon Power 256GB SSD 3D NAND A55 SLC Cache Performance Boost SATA III 2.5,electronics,109,4.800000190734863,email,5,Suggerer produits similaires,fast shipping
912c24b3,6,abandon,WD 4TB Gaming Drive Works with Playstation 4 Portable External Hard Drive,electronics,114,4.800000190734863,pub,-1,Envoyer coupon -20%,very disappointed
c997aa59,51,view,Acer SB220Q bi 21.5 inches Full HD (1920 x 1080) IPS Ultra-Thin,electronics,599,2.9000000953674316,email,1,Continuer navigation,would not recommend
0e9f5392,135,search,Samsung 49-Inch CHG90 144Hz Curved Gaming Monitor (LC49HG90DMNXZA) – Super Ultrawide Screen QLED ,electronics,999.989990234375,2.200000047683716,email,1,Continuer navigation,waste of money
4e6f2662,80,add_to_cart,BIYLACLESEN Women's 3-in-1 Snowboard Jacket Winter Coats,women's clothing,56.9900016784668,2.5999999046325684,reseaux_sociaux,3,Proposer livraison gratuite,very unhappy with my purchase
16d79bf8,26,view,Lock and Love Women's Removable Hooded Faux Leather Moto Biker Jacket,women's clothing,29.950000762939453,2.9000000953674316,direct,1,Continuer navigation,very happy with my purchase
6932e1b5,169,abandon,Rain Jacket Women Windbreaker Striped Climbing Raincoats,women's clothing,39.9900016784668,3.799999952316284,direct,-1,Envoyer coupon -20%,waste of money
494dd310,58,abandon,MBJ Women's Solid Short Sleeve Boat Neck V ,women's clothing,9.850000381469727,4.699999809265137,google,-1,Envoyer coupon -20%,would buy again
a527820a,86,search,Opna Women's Short Sleeve Moisture,women's clothing,7.949999809265137,4.5,reseaux_sociaux,1,Continuer navigation,excellent quality
8eaee9fb,200,view,DANVOUY Womens T Shirt Casual Cotton Short,women's clothing,12.989999771118164,3.5999999046325684,reseaux_sociaux,1,Continuer navigation,would not recommend
76ef91a0,39,search,"Fjallraven - Foldsack No. 1 Backpack, Fits 15 Laptops",men's clothing,109.94999694824219,3.9000000953674316,reseaux_sociaux,1,Continuer navigation,great product
33a661fe,55,abandon,Mens Casual Premium Slim Fit T-Shirts ,men's clothing,22.299999237060547,4.099999904632568,google,-1,Envoyer coupon -20%,would not recommend
21225398,107,view,Mens Cotton Jacket,men's clothing,55.9900016784668,4.699999809265137,email,1,Continuer navigation,great product
217fe263,188,add_to_cart,Mens Casual Slim Fit,men's clothing,15.989999771118164,2.0999999046325684,reseaux_sociaux,3,Proposer livraison gratuite,awesome product
7ef49249,111,view,John Hardy Women's Legends Naga Gold & Silver Dragon Station Chain Bracelet,jewelery,695,4.599999904632568,google,1,Continuer navigation,fast shipping
9b8afad8,8,abandon,Solid Gold Petite Micropave ,jewelery,168,3.9000000953674316,google,-1,Envoyer coupon -20%,excellent quality
16d7a436,159,view,White Gold Plated Princess,jewelery,9.989999771118164,3,pub,1,Continuer navigation,would not buy again
b27d4ab5,168,purchase,Pierced Owl Rose Gold Plated Stainless Steel Double,jewelery,10.989999771118164,1.899999976158142,pub,5,Suggerer produits similaires,excellent quality
c833afbb,57,view,WD 2TB Elements Portable External Hard Drive - USB 3.0 ,electronics,64,3.299999952316284,direct,1,Continuer navigation,awesome product
6b91c0af,96,search,SanDisk SSD PLUS 1TB Internal SSD - SATA III 6 Gb/s,electronics,109,2.9000000953674316,email,1,Continuer navigation,very disappointed
aa5981be,69,abandon,Silicon Power 256GB SSD 3D NAND A55 SLC Cache Performance Boost SATA III 2.5,electronics,109,4.800000190734863,direct,-1,Envoyer coupon -20%,very dissatisfied
03e566d7,13,add_to_cart,WD 4TB Gaming Drive Works with Playstation 4 Portable External Hard Drive,electronics,114,4.800000190734863,google,3,Proposer livraison gratuite,great product
536881a7,48,abandon,Acer SB220Q bi 21.5 inches Full HD (1920 x 1080) IPS Ultra-Thin,electronics,599,2.9000000953674316,direct,-1,Envoyer coupon -20%,great value for money
1ad008ba,71,view,Samsung 49-Inch CHG90 144Hz Curved Gaming Monitor (LC49HG90DMNXZA) – Super Ultrawide Screen QLED ,electronics,999.989990234375,2.200000047683716,pub,1,Continuer navigation,very happy with my purchase
44fc66ba,140,add_to_cart,BIYLACLESEN Women's 3-in-1 Snowboard Jacket Winter Coats,women's clothing,56.9900016784668,2.5999999046325684,email,3,Proposer livraison gratuite,highly impressed
2e2daa46,53,purchase,Lock and Love Women's Removable Hooded Faux Leather Moto Biker Jacket,women's clothing,29.950000762939453,2.9000000953674316,pub,5,Suggerer produits similaires,very unhappy with my purchase
6e23c831,22,add_to_cart,Rain Jacket Women Windbreaker Striped Climbing Raincoats,women's clothing,39.9900016784668,3.799999952316284,google,3,Proposer livraison gratuite,great product
3d813ee4,17,abandon,MBJ Women's Solid Short Sleeve Boat Neck V ,women's clothing,9.850000381469727,4.699999809265137,google,-1,Envoyer coupon -20%,highly recommended
2cba39a7,60,abandon,Opna Women's Short Sleeve Moisture,women's clothing,7.949999809265137,4.5,email,-1,Envoyer coupon -20%,highly recommended
6f5969cb,116,add_to_cart,DANVOUY Womens T Shirt Casual Cotton Short,women's clothing,12.989999771118164,3.5999999046325684,reseaux_sociaux,3,Proposer livraison gratuite,great product
849d2fcf,53,add_to_cart,"Fjallraven - Foldsack No. 1 Backpack, Fits 15 Laptops",men's clothing,109.94999694824219,3.9000000953674316,email,3,Proposer livraison gratuite,great value for money
2a6a17e4,103,abandon,Mens Casual Premium Slim Fit T-Shirts ,men's clothing,22.299999237060547,4.099999904632568,google,-1,Envoyer coupon -20%,very pleased
82fd2351,21,purchase,Mens Cotton Jacket,men's clothing,55.9900016784668,4.699999809265137,direct,5,Suggerer produits similaires,very disappointed
1842377c,132,search,Mens Casual Slim Fit,men's clothing,15.989999771118164,2.0999999046325684,direct,1,Continuer navigation,would buy again
c505066e,64,add_to_cart,John Hardy Women's Legends Naga Gold & Silver Dragon Station Chain Bracelet,jewelery,695,4.599999904632568,reseaux_sociaux,3,Proposer livraison gratuite,very happy with my purchase
4e4a1ca5,42,add_to_cart,Solid Gold Petite Micropave ,jewelery,168,3.9000000953674316,google,3,Proposer livraison gratuite,great value for money
eff4e479,127,add_to_cart,White Gold Plated Princess,jewelery,9.989999771118164,3,direct,3,Proposer livraison gratuite,highly recommended
4a704fec,113,add_to_cart,Pierced Owl Rose Gold Plated Stainless Steel Double,jewelery,10.989999771118164,1.899999976158142,email,3,Proposer livraison gratuite,great product
091b0719,145,purchase,WD 2TB Elements Portable External Hard Drive - USB 3.0 ,electronics,64,3.299999952316284,pub,5,Suggerer produits similaires,excellent quality
6cb0fdfd,171,purchase,SanDisk SSD PLUS 1TB Internal SSD - SATA III 6 Gb/s,electronics,109,2.9000000953674316,direct,5,Suggerer produits similaires,highly recommended
befaecf1,139,search,Silicon Power 256GB SSD 3D NAND A55 SLC Cache Performance Boost SATA III 2.5,electronics,109,4.800000190734863,email,1,Continuer navigation,very happy with my purchase
aed9fb9c,138,abandon,WD 4TB Gaming Drive Works with Playstation 4 Portable External Hard Drive,electronics,114,4.800000190734863,pub,-1,Envoyer coupon -20%,very dissatisfied
42103224,110,abandon,Acer SB220Q bi 21.5 inches Full HD (1920 x 1080) IPS Ultra-Thin,electronics,599,2.9000000953674316,email,-1,Envoyer coupon -20%,very happy with my purchase
41ff5407,28,purchase,Samsung 49-Inch CHG90 144Hz Curved Gaming Monitor (LC49HG90DMNXZA) – Super Ultrawide Screen QLED ,electronics,999.989990234375,2.200000047683716,pub,5,Suggerer produits similaires,would buy again
657aac49,130,add_to_cart,BIYLACLESEN Women's 3-in-1 Snowboard Jacket Winter Coats,women's clothing,56.9900016784668,2.5999999046325684,pub,3,Proposer livraison gratuite,great product
78370edd,118,search,Lock and Love Women's Removable Hooded Faux Leather Moto Biker Jacket,women's clothing,29.950000762939453,2.9000000953674316,reseaux_sociaux,1,Continuer navigation,great value for money
0a8a07ce,71,add_to_cart,Rain Jacket Women Windbreaker Striped Climbing Raincoats,women's clothing,39.9900016784668,3.799999952316284,reseaux_sociaux,3,Proposer livraison gratuite,great product
a192d388,111,add_to_cart,MBJ Women's Solid Short Sleeve Boat Neck V ,women's clothing,9.850000381469727,4.699999809265137,google,3,Proposer livraison gratuite,fast shipping
9e4a857e,57,abandon,Opna Women's Short Sleeve Moisture,women's clothing,7.949999809265137,4.5,reseaux_sociaux,-1,Envoyer coupon -20%,poor quality
9f92d3bc,91,add_to_cart,DANVOUY Womens T Shirt Casual Cotton Short,women's clothing,12.989999771118164,3.5999999046325684,direct,3,Proposer livraison gratuite,not as described
283f2fca,104,search,"Fjallraven - Foldsack No. 1 Backpack, Fits 15 Laptops",men's clothing,109.94999694824219,3.9000000953674316,google,1,Continuer navigation,would not buy again
b734a948,193,view,Mens Casual Premium Slim Fit T-Shirts ,men's clothing,22.299999237060547,4.099999904632568,email,1,Continuer navigation,not worth the price
530215b8,69,view,Mens Cotton Jacket,men's clothing,55.9900016784668,4.699999809265137,email,1,Continuer navigation,great product
c535f5ca,96,purchase,Mens Casual Slim Fit,men's clothing,15.989999771118164,2.0999999046325684,reseaux_sociaux,5,Suggerer produits similaires,great value for money
0048d336,150,search,John Hardy Women's Legends Naga Gold & Silver Dragon Station Chain Bracelet,jewelery,695,4.599999904632568,google,1,Continuer navigation,very disappointed
efc6229e,178,search,Solid Gold Petite Micropave ,jewelery,168,3.9000000953674316,reseaux_sociaux,1,Continuer navigation,fast shipping
041ad251,188,purchase,White Gold Plated Princess,jewelery,9.989999771118164,3,direct,5,Suggerer produits similaires,very dissatisfied
79367a0e,143,purchase,Pierced Owl Rose Gold Plated Stainless Steel Double,jewelery,10.989999771118164,1.899999976158142,pub,5,Suggerer produits similaires,great value for money
6cddc1d7,45,add_to_cart,WD 2TB Elements Portable External Hard Drive - USB 3.0 ,electronics,64,3.299999952316284,pub,3,Proposer livraison gratuite,great product
59f5eed1,52,search,SanDisk SSD PLUS 1TB Internal SSD - SATA III 6 Gb/s,electronics,109,2.9000000953674316,email,1,Continuer navigation,would not recommend
29c0d64c,79,purchase,Silicon Power 256GB SSD 3D NAND A55 SLC Cache Performance Boost SATA III 2.5,electronics,109,4.800000190734863,pub,5,Suggerer produits similaires,very happy with my purchase
433be910,187,purchase,WD 4TB Gaming Drive Works with Playstation 4 Portable External Hard Drive,electronics,114,4.800000190734863,reseaux_sociaux,5,Suggerer produits similaires,great product
98413748,52,search,Acer SB220Q bi 21.5 inches Full HD (1920 x 1080) IPS Ultra-Thin,electronics,599,2.9000000953674316,direct,1,Continuer navigation,would not recommend
a422f395,174,view,Samsung 49-Inch CHG90 144Hz Curved Gaming Monitor (LC49HG90DMNXZA) – Super Ultrawide Screen QLED ,electronics,999.989990234375,2.200000047683716,google,1,Continuer navigation,would not recommend
7c619830,122,add_to_cart,BIYLACLESEN Women's 3-in-1 Snowboard Jacket Winter Coats,women's clothing,56.9900016784668,2.5999999046325684,google,3,Proposer livraison gratuite,would buy again
b5d3de56,108,purchase,Lock and Love Women's Removable Hooded Faux Leather Moto Biker Jacket,women's clothing,29.950000762939453,2.9000000953674316,direct,5,Suggerer produits similaires,would buy again
f3376df2,133,add_to_cart,Rain Jacket Women Windbreaker Striped Climbing Raincoats,women's clothing,39.9900016784668,3.799999952316284,direct,3,Proposer livraison gratuite,highly impressed
5ba199a9,91,view,MBJ Women's Solid Short Sleeve Boat Neck V ,women's clothing,9.850000381469727,4.699999809265137,pub,1,Continuer navigation,highly recommended
8297dc99,169,search,Opna Women's Short Sleeve Moisture,women's clothing,7.949999809265137,4.5,email,1,Continuer navigation,excellent quality
445c53a3,128,search,DANVOUY Womens T Shirt Casual Cotton Short,women's clothing,12.989999771118164,3.5999999046325684,google,1,Continuer navigation,would not buy again
c9f2101a,43,purchase,"Fjallraven - Foldsack No. 1 Backpack, Fits 15 Laptops",men's clothing,109.94999694824219,3.9000000953674316,reseaux_sociaux,5,Suggerer produits similaires,poor quality
b4bacae8,79,search,Mens Casual Premium Slim Fit T-Shirts ,men's clothing,22.299999237060547,4.099999904632568,reseaux_sociaux,1,Continuer navigation,very satisfied
2209a05e,194,abandon,Mens Cotton Jacket,men's clothing,55.9900016784668,4.699999809265137,google,-1,Envoyer coupon -20%,great product
2f0938a8,155,add_to_cart,Mens Casual Slim Fit,men's clothing,15.989999771118164,2.0999999046325684,google,3,Proposer livraison gratuite,would not recommend
da5bd04f,4,search,John Hardy Women's Legends Naga Gold & Silver Dragon Station Chain Bracelet,jewelery,695,4.599999904632568,pub,1,Continuer navigation,waste of money
02eede29,108,search,Solid Gold Petite Micropave ,jewelery,168,3.9000000953674316,email,1,Continuer navigation,great product
e58f9c2e,58,purchase,White Gold Plated Princess,jewelery,9.989999771118164,3,email,5,Suggerer produits similaires,would not recommend
ea2b45d3,181,view,Pierced Owl Rose Gold Plated Stainless Steel Double,jewelery,10.989999771118164,1.899999976158142,email,1,Continuer navigation,excellent quality
87abecb3,76,purchase,WD 2TB Elements Portable External Hard Drive - USB 3.0 ,electronics,64,3.299999952316284,pub,5,Suggerer produits similaires,very happy with my purchase
bfd3d24c,87,add_to_cart,SanDisk SSD PLUS 1TB Internal SSD - SATA III 6 Gb/s,electronics,109,2.9000000953674316,google,3,Proposer livraison gratuite,very disappointed
3c738ed5,101,search,Silicon Power 256GB SSD 3D NAND A55 SLC Cache Performance Boost SATA III 2.5,electronics,109,4.800000190734863,pub,1,Continuer navigation,fast shipping
9755f0b7,115,search,WD 4TB Gaming Drive Works with Playstation 4 Portable External Hard Drive,electronics,114,4.800000190734863,google,1,Continuer navigation,excellent quality
2a1dbbd8,13,abandon,Acer SB220Q bi 21.5 inches Full HD (1920 x 1080) IPS Ultra-Thin,electronics,599,2.9000000953674316,email,-1,Envoyer coupon -20%,poor quality
3ab21854,128,purchase,Samsung 49-Inch CHG90 144Hz Curved Gaming Monitor (LC49HG90DMNXZA) – Super Ultrawide Screen QLED ,electronics,999.989990234375,2.200000047683716,pub,5,Suggerer produits similaires,highly recommended
43a484cc,33,search,BIYLACLESEN Women's 3-in-1 Snowboard Jacket Winter Coats,women's clothing,56.9900016784668,2.5999999046325684,reseaux_sociaux,1,Continuer navigation,would not recommend
a125f04f,142,abandon,Lock and Love Women's Removable Hooded Faux Leather Moto Biker Jacket,women's clothing,29.950000762939453,2.9000000953674316,google,-1,Envoyer coupon -20%,highly recommended
1835b158,188,search,Rain Jacket Women Windbreaker Striped Climbing Raincoats,women's clothing,39.9900016784668,3.799999952316284,email,1,Continuer navigation,highly recommended
09fea01f,171,abandon,MBJ Women's Solid Short Sleeve Boat Neck V ,women's clothing,9.850000381469727,4.699999809265137,direct,-1,Envoyer coupon -20%,very disappointed
330f5d8b,176,purchase,Opna Women's Short Sleeve Moisture,women's clothing,7.949999809265137,4.5,email,5,Suggerer produits similaires,great value for money
c8dac5d5,118,purchase,DANVOUY Womens T Shirt Casual Cotton Short,women's clothing,12.989999771118164,3.5999999046325684,google,5,Suggerer produits similaires,highly impressed
01607e14,86,view,"Fjallraven - Foldsack No. 1 Backpack, Fits 15 Laptops",men's clothing,109.94999694824219,3.9000000953674316,google,1,Continuer navigation,great value for money
89459874,65,view,Mens Casual Premium Slim Fit T-Shirts ,men's clothing,22.299999237060547,4.099999904632568,email,1,Continuer navigation,poor quality
75415d12,151,view,Mens Cotton Jacket,men's clothing,55.9900016784668,4.699999809265137,pub,1,Continuer navigation,excellent quality
85ee9bc1,60,view,Mens Casual Slim Fit,men's clothing,15.989999771118164,2.0999999046325684,email,1,Continuer navigation,not worth the price
4bc2f9e1,131,search,John Hardy Women's Legends Naga Gold & Silver Dragon Station Chain Bracelet,jewelery,695,4.599999904632568,direct,1,Continuer navigation,awesome product
cb987c5d,50,view,Solid Gold Petite Micropave ,jewelery,168,3.9000000953674316,reseaux_sociaux,1,Continuer navigation,very disappointed
8288e615,126,search,White Gold Plated Princess,jewelery,9.989999771118164,3,pub,1,Continuer navigation,great value for money
368de708,54,search,Pierced Owl Rose Gold Plated Stainless Steel Double,jewelery,10.989999771118164,1.899999976158142,direct,1,Continuer navigation,fast shipping
f5f1b374,167,abandon,WD 2TB Elements Portable External Hard Drive - USB 3.0 ,electronics,64,3.299999952316284,reseaux_sociaux,-1,Envoyer coupon -20%,would not recommend
13ae2373,121,search,SanDisk SSD PLUS 1TB Internal SSD - SATA III 6 Gb/s,electronics,109,2.9000000953674316,pub,1,Continuer navigation,disappointing product
ede5c728,136,abandon,Silicon Power 256GB SSD 3D NAND A55 SLC Cache Performance Boost SATA III 2.5,electronics,109,4.800000190734863,direct,-1,Envoyer coupon -20%,very unhappy with my purchase
e6a34d89,127,add_to_cart,WD 4TB Gaming Drive Works with Playstation 4 Portable External Hard Drive,electronics,114,4.800000190734863,google,3,Proposer livraison gratuite,very happy with my purchase
ae5d8aa8,198,add_to_cart,Acer SB220Q bi 21.5 inches Full HD (1920 x 1080) IPS Ultra-Thin,electronics,599,2.9000000953674316,google,3,Proposer livraison gratuite,poor quality
57472db7,46,view,Samsung 49-Inch CHG90 144Hz Curved Gaming Monitor (LC49HG90DMNXZA) – Super Ultrawide Screen QLED ,electronics,999.989990234375,2.200000047683716,google,1,Continuer navigation,great product
b7dedef9,115,search,BIYLACLESEN Women's 3-in-1 Snowboard Jacket Winter Coats,women's clothing,56.9900016784668,2.5999999046325684,reseaux_sociaux,1,Continuer navigation,great product
96f90f56,94,abandon,Lock and Love Women's Removable Hooded Faux Leather Moto Biker Jacket,women's clothing,29.950000762939453,2.9000000953674316,email,-1,Envoyer coupon -20%,fast shipping
f1e7753c,190,view,Rain Jacket Women Windbreaker Striped Climbing Raincoats,women's clothing,39.9900016784668,3.799999952316284,email,1,Continuer navigation,would buy again
932363f2,112,abandon,MBJ Women's Solid Short Sleeve Boat Neck V ,women's clothing,9.850000381469727,4.699999809265137,email,-1,Envoyer coupon -20%,would not recommend
a58d3d5d,39,purchase,Opna Women's Short Sleeve Moisture,women's clothing,7.949999809265137,4.5,email,5,Suggerer produits similaires,great value for money
37adbbdc,68,purchase,DANVOUY Womens T Shirt Casual Cotton Short,women's clothing,12.989999771118164,3.5999999046325684,email,5,Suggerer produits similaires,highly recommended
3eb2cf52,90,abandon,"Fjallraven - Foldsack No. 1 Backpack, Fits 15 Laptops",men's clothing,109.94999694824219,3.9000000953674316,reseaux_sociaux,-1,Envoyer coupon -20%,excellent quality
84055da5,21,purchase,Mens Casual Premium Slim Fit T-Shirts ,men's clothing,22.299999237060547,4.099999904632568,email,5,Suggerer produits similaires,great product
0d51b6b6,74,view,Mens Cotton Jacket,men's clothing,55.9900016784668,4.699999809265137,email,1,Continuer navigation,highly recommended
f0387c18,27,abandon,Mens Casual Slim Fit,men's clothing,15.989999771118164,2.0999999046325684,pub,-1,Envoyer coupon -20%,very pleased
3cb4c914,9,search,John Hardy Women's Legends Naga Gold & Silver Dragon Station Chain Bracelet,jewelery,695,4.599999904632568,pub,1,Continuer navigation,waste of money
9f18d808,108,abandon,Solid Gold Petite Micropave ,jewelery,168,3.9000000953674316,direct,-1,Envoyer coupon -20%,would not recommend
36bb9a03,139,view,White Gold Plated Princess,jewelery,9.989999771118164,3,pub,1,Continuer navigation,great product
c1dafc45,158,search,Pierced Owl Rose Gold Plated Stainless Steel Double,jewelery,10.989999771118164,1.899999976158142,reseaux_sociaux,1,Continuer navigation,poor quality
10badf90,6,purchase,WD 2TB Elements Portable External Hard Drive - USB 3.0 ,electronics,64,3.299999952316284,direct,5,Suggerer produits similaires,highly impressed
5478ef89,49,add_to_cart,SanDisk SSD PLUS 1TB Internal SSD - SATA III 6 Gb/s,electronics,109,2.9000000953674316,email,3,Proposer livraison gratuite,great product
aa6ecca6,144,abandon,Silicon Power 256GB SSD 3D NAND A55 SLC Cache Performance Boost SATA III 2.5,electronics,109,4.800000190734863,google,-1,Envoyer coupon -20%,very satisfied
5d23a928,135,add_to_cart,WD 4TB Gaming Drive Works with Playstation 4 Portable External Hard Drive,electronics,114,4.800000190734863,email,3,Proposer livraison gratuite,great product
e5591c45,79,purchase,Acer SB220Q bi 21.5 inches Full HD (1920 x 1080) IPS Ultra-Thin,electronics,599,2.9000000953674316,google,5,Suggerer produits similaires,would buy again
90398444,172,purchase,Samsung 49-Inch CHG90 144Hz Curved Gaming Monitor (LC49HG90DMNXZA) – Super Ultrawide Screen QLED ,electronics,999.989990234375,2.200000047683716,direct,5,Suggerer produits similaires,very happy with my purchase
551d248e,136,purchase,BIYLACLESEN Women's 3-in-1 Snowboard Jacket Winter Coats,women's clothing,56.9900016784668,2.5999999046325684,email,5,Suggerer produits similaires,fast shipping
089cd042,199,search,Lock and Love Women's Removable Hooded Faux Leather Moto Biker Jacket,women's clothing,29.950000762939453,2.9000000953674316,direct,1,Continuer navigation,great product
f4c564fc,43,view,Rain Jacket Women Windbreaker Striped Climbing Raincoats,women's clothing,39.9900016784668,3.799999952316284,email,1,Continuer navigation,awesome product
2cad6bfe,18,add_to_cart,MBJ Women's Solid Short Sleeve Boat Neck V ,women's clothing,9.850000381469727,4.699999809265137,reseaux_sociaux,3,Proposer livraison gratuite,awesome product
69838d5e,83,abandon,Opna Women's Short Sleeve Moisture,women's clothing,7.949999809265137,4.5,pub,-1,Envoyer coupon -20%,not worth the price
0ff79ae1,182,view,DANVOUY Womens T Shirt Casual Cotton Short,women's clothing,12.989999771118164,3.5999999046325684,pub,1,Continuer navigation,very satisfied
3f2babbb,124,search,"Fjallraven - Foldsack No. 1 Backpack, Fits 15 Laptops",men's clothing,109.94999694824219,3.9000000953674316,reseaux_sociaux,1,Continuer navigation,very happy with my purchase
2873b885,20,view,Mens Casual Premium Slim Fit T-Shirts ,men's clothing,22.299999237060547,4.099999904632568,email,1,Continuer navigation,would not recommend
6a7157b9,105,view,Mens Cotton Jacket,men's clothing,55.9900016784668,4.699999809265137,pub,1,Continuer navigation,very unhappy with my purchase
fd31dfde,83,add_to_cart,Mens Casual Slim Fit,men's clothing,15.989999771118164,2.0999999046325684,google,3,Proposer livraison gratuite,fast shipping
6e7498ab,64,purchase,John Hardy Women's Legends Naga Gold & Silver Dragon Station Chain Bracelet,jewelery,695,4.599999904632568,pub,5,Suggerer produits similaires,excellent quality
2f12006a,108,view,Solid Gold Petite Micropave ,jewelery,168,3.9000000953674316,direct,1,Continuer navigation,highly impressed
ff9ce865,11,add_to_cart,White Gold Plated Princess,jewelery,9.989999771118164,3,google,3,Proposer livraison gratuite,would buy again
a221414a,83,view,Pierced Owl Rose Gold Plated Stainless Steel Double,jewelery,10.989999771118164,1.899999976158142,pub,1,Continuer navigation,great product
b8687792,139,view,WD 2TB Elements Portable External Hard Drive - USB 3.0 ,electronics,64,3.299999952316284,email,1,Continuer navigation,would not recommend
8634b2f4,176,view,SanDisk SSD PLUS 1TB Internal SSD - SATA III 6 Gb/s,electronics,109,2.9000000953674316,email,1,Continuer navigation,poor quality
9a97b534,10,view,Silicon Power 256GB SSD 3D NAND A55 SLC Cache Performance Boost SATA III 2.5,electronics,109,4.800000190734863,direct,1,Continuer navigation,highly impressed
2403d764,98,add_to_cart,WD 4TB Gaming Drive Works with Playstation 4 Portable External Hard Drive,electronics,114,4.800000190734863,pub,3,Proposer livraison gratuite,poor quality
c75246dd,2,view,Acer SB220Q bi 21.5 inches Full HD (1920 x 1080) IPS Ultra-Thin,electronics,599,2.9000000953674316,google,1,Continuer navigation,poor quality
1550fe65,23,search,Samsung 49-Inch CHG90 144Hz Curved Gaming Monitor (LC49HG90DMNXZA) – Super Ultrawide Screen QLED ,electronics,999.989990234375,2.200000047683716,direct,1,Continuer navigation,highly impressed
52b35207,101,add_to_cart,BIYLACLESEN Women's 3-in-1 Snowboard Jacket Winter Coats,women's clothing,56.9900016784668,2.5999999046325684,reseaux_sociaux,3,Proposer livraison gratuite,great product
c03c69e0,38,abandon,Lock and Love Women's Removable Hooded Faux Leather Moto Biker Jacket,women's clothing,29.950000762939453,2.9000000953674316,google,-1,Envoyer coupon -20%,waste of money
3337545c,69,abandon,Rain Jacket Women Windbreaker Striped Climbing Raincoats,women's clothing,39.9900016784668,3.799999952316284,pub,-1,Envoyer coupon -20%,very pleased
b06a434f,105,search,MBJ Women's Solid Short Sleeve Boat Neck V ,women's clothing,9.850000381469727,4.699999809265137,reseaux_sociaux,1,Continuer navigation,very happy with my purchase
94f460a9,60,abandon,Opna Women's Short Sleeve Moisture,women's clothing,7.949999809265137,4.5,pub,-1,Envoyer coupon -20%,great product
dd82aadf,19,purchase,DANVOUY Womens T Shirt Casual Cotton Short,women's clothing,12.989999771118164,3.5999999046325684,email,5,Suggerer produits similaires,fast shipping
4204767d,183,search,"Fjallraven - Foldsack No. 1 Backpack, Fits 15 Laptops",men's clothing,109.94999694824219,3.9000000953674316,reseaux_sociaux,1,Continuer navigation,highly impressed
539620c3,189,abandon,Mens Casual Premium Slim Fit T-Shirts ,men's clothing,22.299999237060547,4.099999904632568,pub,-1,Envoyer coupon -20%,would not recommend
a434d1dc,110,view,Mens Cotton Jacket,men's clothing,55.9900016784668,4.699999809265137,direct,1,Continuer navigation,very pleased
ec72dac6,58,view,Mens Casual Slim Fit,men's clothing,15.989999771118164,2.0999999046325684,pub,1,Continuer navigation,would not buy again
f74bbdc7,107,abandon,John Hardy Women's Legends Naga Gold & Silver Dragon Station Chain Bracelet,jewelery,695,4.599999904632568,reseaux_sociaux,-1,Envoyer coupon -20%,excellent quality
669507a4,55,purchase,Solid Gold Petite Micropave ,jewelery,168,3.9000000953674316,direct,5,Suggerer produits similaires,great product
df634c8c,78,search,White Gold Plated Princess,jewelery,9.989999771118164,3,email,1,Continuer navigation,very pleased
cf92147e,32,purchase,Pierced Owl Rose Gold Plated Stainless Steel Double,jewelery,10.989999771118164,1.899999976158142,pub,5,Suggerer produits similaires,highly recommended
9f13746c,54,add_to_cart,WD 2TB Elements Portable External Hard Drive - USB 3.0 ,electronics,64,3.299999952316284,google,3,Proposer livraison gratuite,highly impressed
91dfefae,94,view,SanDisk SSD PLUS 1TB Internal SSD - SATA III 6 Gb/s,electronics,109,2.9000000953674316,pub,1,Continuer navigation,very pleased
78c07047,141,view,Silicon Power 256GB SSD 3D NAND A55 SLC Cache Performance Boost SATA III 2.5,electronics,109,4.800000190734863,direct,1,Continuer navigation,poor quality
b030bfd4,14,purchase,WD 4TB Gaming Drive Works with Playstation 4 Portable External Hard Drive,electronics,114,4.800000190734863,google,5,Suggerer produits similaires,would not recommend
8ac50b5a,170,purchase,Acer SB220Q bi 21.5 inches Full HD (1920 x 1080) IPS Ultra-Thin,electronics,599,2.9000000953674316,email,5,Suggerer produits similaires,great product
1938ee16,200,abandon,Samsung 49-Inch CHG90 144Hz Curved Gaming Monitor (LC49HG90DMNXZA) – Super Ultrawide Screen QLED ,electronics,999.989990234375,2.200000047683716,google,-1,Envoyer coupon -20%,great value for money
42a0198b,126,purchase,BIYLACLESEN Women's 3-in-1 Snowboard Jacket Winter Coats,women's clothing,56.9900016784668,2.5999999046325684,pub,5,Suggerer produits similaires,very disappointed
efe164d0,133,add_to_cart,Lock and Love Women's Removable Hooded Faux Leather Moto Biker Jacket,women's clothing,29.950000762939453,2.9000000953674316,google,3,Proposer livraison gratuite,disappointing product
521abaa9,194,purchase,Rain Jacket Women Windbreaker Striped Climbing Raincoats,women's clothing,39.9900016784668,3.799999952316284,reseaux_sociaux,5,Suggerer produits similaires,would not buy again
e51ab0b2,113,search,MBJ Women's Solid Short Sleeve Boat Neck V ,women's clothing,9.850000381469727,4.699999809265137,direct,1,Continuer navigation,awesome product
90dadf20,46,view,Opna Women's Short Sleeve Moisture,women's clothing,7.949999809265137,4.5,pub,1,Continuer navigation,highly impressed
8a69d58a,46,abandon,DANVOUY Womens T Shirt Casual Cotton Short,women's clothing,12.989999771118164,3.5999999046325684,pub,-1,Envoyer coupon -20%,excellent quality
12ff04e5,59,abandon,"Fjallraven - Foldsack No. 1 Backpack, Fits 15 Laptops",men's clothing,109.94999694824219,3.9000000953674316,reseaux_sociaux,-1,Envoyer coupon -20%,very disappointed
af94a925,105,search,Mens Casual Premium Slim Fit T-Shirts ,men's clothing,22.299999237060547,4.099999904632568,pub,1,Continuer navigation,excellent quality
659a753e,162,purchase,Mens Cotton Jacket,men's clothing,55.9900016784668,4.699999809265137,reseaux_sociaux,5,Suggerer produits similaires,fast shipping
36ae7c15,133,search,Mens Casual Slim Fit,men's clothing,15.989999771118164,2.0999999046325684,direct,1,Continuer navigation,not worth the price
312f48ba,39,add_to_cart,John Hardy Women's Legends Naga Gold & Silver Dragon Station Chain Bracelet,jewelery,695,4.599999904632568,pub,3,Proposer livraison gratuite,great product
9f3e6b08,148,abandon,Solid Gold Petite Micropave ,jewelery,168,3.9000000953674316,pub,-1,Envoyer coupon -20%,great product
0d2e196f,187,abandon,White Gold Plated Princess,jewelery,9.989999771118164,3,reseaux_sociaux,-1,Envoyer coupon -20%,waste of money
2313524f,58,abandon,Pierced Owl Rose Gold Plated Stainless Steel Double,jewelery,10.989999771118164,1.899999976158142,google,-1,Envoyer coupon -20%,poor quality
dd57a9e7,192,search,WD 2TB Elements Portable External Hard Drive - USB 3.0 ,electronics,64,3.299999952316284,reseaux_sociaux,1,Continuer navigation,not as described
90166cd2,93,search,SanDisk SSD PLUS 1TB Internal SSD - SATA III 6 Gb/s,electronics,109,2.9000000953674316,email,1,Continuer navigation,poor quality
9eff4dba,74,add_to_cart,Silicon Power 256GB SSD 3D NAND A55 SLC Cache Performance Boost SATA III 2.5,electronics,109,4.800000190734863,pub,3,Proposer livraison gratuite,would buy again
0f3741db,136,search,WD 4TB Gaming Drive Works with Playstation 4 Portable External Hard Drive,electronics,114,4.800000190734863,google,1,Continuer navigation,highly impressed
1930e681,174,purchase,Acer SB220Q bi 21.5 inches Full HD (1920 x 1080) IPS Ultra-Thin,electronics,599,2.9000000953674316,direct,5,Suggerer produits similaires,very happy with my purchase
cf5c84bf,117,add_to_cart,Samsung 49-Inch CHG90 144Hz Curved Gaming Monitor (LC49HG90DMNXZA) – Super Ultrawide Screen QLED ,electronics,999.989990234375,2.200000047683716,google,3,Proposer livraison gratuite,highly impressed
c5d427df,1,search,BIYLACLESEN Women's 3-in-1 Snowboard Jacket Winter Coats,women's clothing,56.9900016784668,2.5999999046325684,google,1,Continuer navigation,would buy again
96786d0d,67,add_to_cart,Lock and Love Women's Removable Hooded Faux Leather Moto Biker Jacket,women's clothing,29.950000762939453,2.9000000953674316,google,3,Proposer livraison gratuite,highly recommended
63b797cf,191,purchase,Rain Jacket Women Windbreaker Striped Climbing Raincoats,women's clothing,39.9900016784668,3.799999952316284,reseaux_sociaux,5,Suggerer produits similaires,great value for money
29c1d834,108,abandon,MBJ Women's Solid Short Sleeve Boat Neck V ,women's clothing,9.850000381469727,4.699999809265137,pub,-1,Envoyer coupon -20%,great product
5c959986,89,purchase,Opna Women's Short Sleeve Moisture,women's clothing,7.949999809265137,4.5,direct,5,Suggerer produits similaires,poor quality
63e4d3c3,9,purchase,DANVOUY Womens T Shirt Casual Cotton Short,women's clothing,12.989999771118164,3.5999999046325684,direct,5,Suggerer produits similaires,highly impressed
b05a75fa,47,abandon,"Fjallraven - Foldsack No. 1 Backpack, Fits 15 Laptops",men's clothing,109.94999694824219,3.9000000953674316,google,-1,Envoyer coupon -20%,very disappointed
a6f46c67,25,abandon,Mens Casual Premium Slim Fit T-Shirts ,men's clothing,22.299999237060547,4.099999904632568,google,-1,Envoyer coupon -20%,fast shipping
d33803fb,157,view,Mens Cotton Jacket,men's clothing,55.9900016784668,4.699999809265137,email,1,Continuer navigation,very disappointed
98fb16f9,52,abandon,Mens Casual Slim Fit,men's clothing,15.989999771118164,2.0999999046325684,direct,-1,Envoyer coupon -20%,poor quality
f2cbf43b,102,search,John Hardy Women's Legends Naga Gold & Silver Dragon Station Chain Bracelet,jewelery,695,4.599999904632568,google,1,Continuer navigation,very satisfied
ca1a6268,93,abandon,Solid Gold Petite Micropave ,jewelery,168,3.9000000953674316,pub,-1,Envoyer coupon -20%,highly recommended
c1d7cd8b,8,view,White Gold Plated Princess,jewelery,9.989999771118164,3,direct,1,Continuer navigation,very dissatisfied
28908acc,197,view,Pierced Owl Rose Gold Plated Stainless Steel Double,jewelery,10.989999771118164,1.899999976158142,email,1,Continuer navigation,would not recommend
5fbd2254,175,search,WD 2TB Elements Portable External Hard Drive - USB 3.0 ,electronics,64,3.299999952316284,reseaux_sociaux,1,Continuer navigation,would not recommend
2830cb1a,143,view,SanDisk SSD PLUS 1TB Internal SSD - SATA III 6 Gb/s,electronics,109,2.9000000953674316,direct,1,Continuer navigation,disappointing product
2fc9992e,42,add_to_cart,Silicon Power 256GB SSD 3D NAND A55 SLC Cache Performance Boost SATA III 2.5,electronics,109,4.800000190734863,google,3,Proposer livraison gratuite,very disappointed
e374608b,26,search,WD 4TB Gaming Drive Works with Playstation 4 Portable External Hard Drive,electronics,114,4.800000190734863,pub,1,Continuer navigation,highly impressed
debb51a5,67,purchase,Acer SB220Q bi 21.5 inches Full HD (1920 x 1080) IPS Ultra-Thin,electronics,599,2.9000000953674316,reseaux_sociaux,5,Suggerer produits similaires,very dissatisfied
aa16463d,135,abandon,Samsung 49-Inch CHG90 144Hz Curved Gaming Monitor (LC49HG90DMNXZA) – Super Ultrawide Screen QLED ,electronics,999.989990234375,2.200000047683716,google,-1,Envoyer coupon -20%,very dissatisfied
cd503ed1,23,view,BIYLACLESEN Women's 3-in-1 Snowboard Jacket Winter Coats,women's clothing,56.9900016784668,2.5999999046325684,reseaux_sociaux,1,Continuer navigation,highly impressed
c8117dae,106,purchase,Lock and Love Women's Removable Hooded Faux Leather Moto Biker Jacket,women's clothing,29.950000762939453,2.9000000953674316,google,5,Suggerer produits similaires,waste of money
9aa5cd23,200,search,Rain Jacket Women Windbreaker Striped Climbing Raincoats,women's clothing,39.9900016784668,3.799999952316284,google,1,Continuer navigation,awesome product
bf845e16,62,abandon,MBJ Women's Solid Short Sleeve Boat Neck V ,women's clothing,9.850000381469727,4.699999809265137,google,-1,Envoyer coupon -20%,highly impressed
ed177ca0,194,abandon,Opna Women's Short Sleeve Moisture,women's clothing,7.949999809265137,4.5,google,-1,Envoyer coupon -20%,poor quality
87e19dcf,79,search,DANVOUY Womens T Shirt Casual Cotton Short,women's clothing,12.989999771118164,3.5999999046325684,direct,1,Continuer navigation,excellent quality
db167ed8,69,add_to_cart,"Fjallraven - Foldsack No. 1 Backpack, Fits 15 Laptops",men's clothing,109.94999694824219,3.9000000953674316,email,3,Proposer livraison gratuite,great product
2eafb832,3,purchase,Mens Casual Premium Slim Fit T-Shirts ,men's clothing,22.299999237060547,4.099999904632568,direct,5,Suggerer produits similaires,would buy again
de59d25c,16,purchase,Mens Cotton Jacket,men's clothing,55.9900016784668,4.699999809265137,reseaux_sociaux,5,Suggerer produits similaires,poor quality
930863d9,131,view,Mens Casual Slim Fit,men's clothing,15.989999771118164,2.0999999046325684,google,1,Continuer navigation,poor quality
f3604baf,52,abandon,John Hardy Women's Legends Naga Gold & Silver Dragon Station Chain Bracelet,jewelery,695,4.599999904632568,google,-1,Envoyer coupon -20%,not worth the price
a0b49c53,3,purchase,Solid Gold Petite Micropave ,jewelery,168,3.9000000953674316,pub,5,Suggerer produits similaires,would not recommend
02f50d0d,116,add_to_cart,White Gold Plated Princess,jewelery,9.989999771118164,3,pub,3,Proposer livraison gratuite,would not recommend
0e7b1fd4,137,view,Pierced Owl Rose Gold Plated Stainless Steel Double,jewelery,10.989999771118164,1.899999976158142,pub,1,Continuer navigation,great product
f3ea90ee,140,purchase,WD 2TB Elements Portable External Hard Drive - USB 3.0 ,electronics,64,3.299999952316284,direct,5,Suggerer produits similaires,waste of money
1afd5dbd,159,search,SanDisk SSD PLUS 1TB Internal SSD - SATA III 6 Gb/s,electronics,109,2.9000000953674316,pub,1,Continuer navigation,not as described
8cab45dd,26,purchase,Silicon Power 256GB SSD 3D NAND A55 SLC Cache Performance Boost SATA III 2.5,electronics,109,4.800000190734863,reseaux_sociaux,5,Suggerer produits similaires,great value for money
30d62f48,141,view,WD 4TB Gaming Drive Works with Playstation 4 Portable External Hard Drive,electronics,114,4.800000190734863,email,1,Continuer navigation,highly recommended
bc38e055,30,search,Acer SB220Q bi 21.5 inches Full HD (1920 x 1080) IPS Ultra-Thin,electronics,599,2.9000000953674316,email,1,Continuer navigation,highly recommended
12481164,33,abandon,Samsung 49-Inch CHG90 144Hz Curved Gaming Monitor (LC49HG90DMNXZA) – Super Ultrawide Screen QLED ,electronics,999.989990234375,2.200000047683716,direct,-1,Envoyer coupon -20%,very disappointed
2da96c68,46,view,BIYLACLESEN Women's 3-in-1 Snowboard Jacket Winter Coats,women's clothing,56.9900016784668,2.5999999046325684,pub,1,Continuer navigation,highly recommended
6145e6d2,199,search,Lock and Love Women's Removable Hooded Faux Leather Moto Biker Jacket,women's clothing,29.950000762939453,2.9000000953674316,direct,1,Continuer navigation,very disappointed
aee1632d,154,purchase,Rain Jacket Women Windbreaker Striped Climbing Raincoats,women's clothing,39.9900016784668,3.799999952316284,google,5,Suggerer produits similaires,very dissatisfied
d50c7a56,63,search,MBJ Women's Solid Short Sleeve Boat Neck V ,women's clothing,9.850000381469727,4.699999809265137,reseaux_sociaux,1,Continuer navigation,not worth the price
ba8f06c0,12,abandon,Opna Women's Short Sleeve Moisture,women's clothing,7.949999809265137,4.5,direct,-1,Envoyer coupon -20%,very dissatisfied
9c489f4f,15,purchase,DANVOUY Womens T Shirt Casual Cotton Short,women's clothing,12.989999771118164,3.5999999046325684,pub,5,Suggerer produits similaires,would not recommend
caf0ca13,154,search,"Fjallraven - Foldsack No. 1 Backpack, Fits 15 Laptops",men's clothing,109.94999694824219,3.9000000953674316,direct,1,Continuer navigation,great product
10b95a46,102,add_to_cart,Mens Casual Premium Slim Fit T-Shirts ,men's clothing,22.299999237060547,4.099999904632568,reseaux_sociaux,3,Proposer livraison gratuite,highly impressed
934c0a09,195,add_to_cart,Mens Cotton Jacket,men's clothing,55.9900016784668,4.699999809265137,direct,3,Proposer livraison gratuite,would not recommend
7a2dd664,124,search,Mens Casual Slim Fit,men's clothing,15.989999771118164,2.0999999046325684,reseaux_sociaux,1,Continuer navigation,great product
c73e52fa,110,add_to_cart,John Hardy Women's Legends Naga Gold & Silver Dragon Station Chain Bracelet,jewelery,695,4.599999904632568,google,3,Proposer livraison gratuite,fast shipping
ce71c8de,5,add_to_cart,Solid Gold Petite Micropave ,jewelery,168,3.9000000953674316,reseaux_sociaux,3,Proposer livraison gratuite,poor quality
52d1ef5f,14,view,White Gold Plated Princess,jewelery,9.989999771118164,3,pub,1,Continuer navigation,poor quality
5f584cc2,110,add_to_cart,Pierced Owl Rose Gold Plated Stainless Steel Double,jewelery,10.989999771118164,1.899999976158142,google,3,Proposer livraison gratuite,poor quality
2ce65d51,46,view,WD 2TB Elements Portable External Hard Drive - USB 3.0 ,electronics,64,3.299999952316284,reseaux_sociaux,1,Continuer navigation,very happy with my purchase
53612c8a,163,abandon,SanDisk SSD PLUS 1TB Internal SSD - SATA III 6 Gb/s,electronics,109,2.9000000953674316,reseaux_sociaux,-1,Envoyer coupon -20%,great product
ab5001c3,13,view,Silicon Power 256GB SSD 3D NAND A55 SLC Cache Performance Boost SATA III 2.5,electronics,109,4.800000190734863,reseaux_sociaux,1,Continuer navigation,highly recommended
9ede6e82,199,add_to_cart,WD 4TB Gaming Drive Works with Playstation 4 Portable External Hard Drive,electronics,114,4.800000190734863,direct,3,Proposer livraison gratuite,would not buy again
deed446a,7,purchase,Acer SB220Q bi 21.5 inches Full HD (1920 x 1080) IPS Ultra-Thin,electronics,599,2.9000000953674316,google,5,Suggerer produits similaires,very satisfied
042bd4ff,41,abandon,Samsung 49-Inch CHG90 144Hz Curved Gaming Monitor (LC49HG90DMNXZA) – Super Ultrawide Screen QLED ,electronics,999.989990234375,2.200000047683716,pub,-1,Envoyer coupon -20%,very satisfied
de757228,18,view,BIYLACLESEN Women's 3-in-1 Snowboard Jacket Winter Coats,women's clothing,56.9900016784668,2.5999999046325684,pub,1,Continuer navigation,not as described
1c555a4b,27,view,Lock and Love Women's Removable Hooded Faux Leather Moto Biker Jacket,women's clothing,29.950000762939453,2.9000000953674316,pub,1,Continuer navigation,highly recommended
670ed2a7,54,search,Rain Jacket Women Windbreaker Striped Climbing Raincoats,women's clothing,39.9900016784668,3.799999952316284,pub,1,Continuer navigation,highly impressed
02122be0,27,add_to_cart,MBJ Women's Solid Short Sleeve Boat Neck V ,women's clothing,9.850000381469727,4.699999809265137,google,3,Proposer livraison gratuite,excellent quality
f477cc92,115,add_to_cart,Opna Women's Short Sleeve Moisture,women's clothing,7.949999809265137,4.5,direct,3,Proposer livraison gratuite,would buy again
93e1135b,174,add_to_cart,DANVOUY Womens T Shirt Casual Cotton Short,women's clothing,12.989999771118164,3.5999999046325684,direct,3,Proposer livraison gratuite,very disappointed
a7ee17ec,120,abandon,"Fjallraven - Foldsack No. 1 Backpack, Fits 15 Laptops",men's clothing,109.94999694824219,3.9000000953674316,pub,-1,Envoyer coupon -20%,very unhappy with my purchase
3e83c403,199,purchase,Mens Casual Premium Slim Fit T-Shirts ,men's clothing,22.299999237060547,4.099999904632568,email,5,Suggerer produits similaires,highly impressed
6bd875e8,91,view,Mens Cotton Jacket,men's clothing,55.9900016784668,4.699999809265137,google,1,Continuer navigation,great value for money
195c233d,187,abandon,Mens Casual Slim Fit,men's clothing,15.989999771118164,2.0999999046325684,email,-1,Envoyer coupon -20%,would buy again
e84fcdb5,147,purchase,John Hardy Women's Legends Naga Gold & Silver Dragon Station Chain Bracelet,jewelery,695,4.599999904632568,email,5,Suggerer produits similaires,poor quality
3b96068e,93,purchase,Solid Gold Petite Micropave ,jewelery,168,3.9000000953674316,email,5,Suggerer produits similaires,would not recommend
f77f6392,135,search,White Gold Plated Princess,jewelery,9.989999771118164,3,direct,1,Continuer navigation,awesome product
fce6029f,22,view,Pierced Owl Rose Gold Plated Stainless Steel Double,jewelery,10.989999771118164,1.899999976158142,pub,1,Continuer navigation,very unhappy with my purchase
fdd8a060,172,purchase,WD 2TB Elements Portable External Hard Drive - USB 3.0 ,electronics,64,3.299999952316284,pub,5,Suggerer produits similaires,highly recommended
558f0617,167,add_to_cart,SanDisk SSD PLUS 1TB Internal SSD - SATA III 6 Gb/s,electronics,109,2.9000000953674316,google,3,Proposer livraison gratuite,highly recommended
e68a8332,179,purchase,Silicon Power 256GB SSD 3D NAND A55 SLC Cache Performance Boost SATA III 2.5,electronics,109,4.800000190734863,google,5,Suggerer produits similaires,very dissatisfied
64a9e0d7,155,view,WD 4TB Gaming Drive Works with Playstation 4 Portable External Hard Drive,electronics,114,4.800000190734863,reseaux_sociaux,1,Continuer navigation,great product
b8da2660,174,search,Acer SB220Q bi 21.5 inches Full HD (1920 x 1080) IPS Ultra-Thin,electronics,599,2.9000000953674316,email,1,Continuer navigation,very pleased
4619576e,78,add_to_cart,Samsung 49-Inch CHG90 144Hz Curved Gaming Monitor (LC49HG90DMNXZA) – Super Ultrawide Screen QLED ,electronics,999.989990234375,2.200000047683716,email,3,Proposer livraison gratuite,poor quality
99cc1278,103,add_to_cart,BIYLACLESEN Women's 3-in-1 Snowboard Jacket Winter Coats,women's clothing,56.9900016784668,2.5999999046325684,direct,3,Proposer livraison gratuite,very unhappy with my purchase
a8567c9d,117,purchase,Lock and Love Women's Removable Hooded Faux Leather Moto Biker Jacket,women's clothing,29.950000762939453,2.9000000953674316,reseaux_sociaux,5,Suggerer produits similaires,poor quality
66618d89,54,search,Rain Jacket Women Windbreaker Striped Climbing Raincoats,women's clothing,39.9900016784668,3.799999952316284,email,1,Continuer navigation,very pleased
5984835e,192,purchase,MBJ Women's Solid Short Sleeve Boat Neck V ,women's clothing,9.850000381469727,4.699999809265137,direct,5,Suggerer produits similaires,excellent quality
c3a8fcff,126,abandon,Opna Women's Short Sleeve Moisture,women's clothing,7.949999809265137,4.5,direct,-1,Envoyer coupon -20%,excellent quality
47993153,199,purchase,DANVOUY Womens T Shirt Casual Cotton Short,women's clothing,12.989999771118164,3.5999999046325684,google,5,Suggerer produits similaires,awesome product
88072de4,49,search,"Fjallraven - Foldsack No. 1 Backpack, Fits 15 Laptops",men's clothing,109.94999694824219,3.9000000953674316,google,1,Continuer navigation,awesome product
0b06706f,126,add_to_cart,Mens Casual Premium Slim Fit T-Shirts ,men's clothing,22.299999237060547,4.099999904632568,direct,3,Proposer livraison gratuite,very happy with my purchase
125b953e,26,view,Mens Cotton Jacket,men's clothing,55.9900016784668,4.699999809265137,pub,1,Continuer navigation,very satisfied
402e4ea9,184,search,Mens Casual Slim Fit,men's clothing,15.989999771118164,2.0999999046325684,pub,1,Continuer navigation,would buy again
4a046633,117,add_to_cart,John Hardy Women's Legends Naga Gold & Silver Dragon Station Chain Bracelet,jewelery,695,4.599999904632568,reseaux_sociaux,3,Proposer livraison gratuite,not worth the price
769757cc,18,add_to_cart,Solid Gold Petite Micropave ,jewelery,168,3.9000000953674316,reseaux_sociaux,3,Proposer livraison gratuite,great product
69da0d4d,82,abandon,White Gold Plated Princess,jewelery,9.989999771118164,3,direct,-1,Envoyer coupon -20%,highly impressed
61118bc8,25,abandon,Pierced Owl Rose Gold Plated Stainless Steel Double,jewelery,10.989999771118164,1.899999976158142,pub,-1,Envoyer coupon -20%,would not recommend
bd9682b3,163,add_to_cart,WD 2TB Elements Portable External Hard Drive - USB 3.0 ,electronics,64,3.299999952316284,google,3,Proposer livraison gratuite,very happy with my purchase
3772c8f4,22,purchase,SanDisk SSD PLUS 1TB Internal SSD - SATA III 6 Gb/s,electronics,109,2.9000000953674316,reseaux_sociaux,5,Suggerer produits similaires,would not recommend
a3318ef8,200,add_to_cart,Silicon Power 256GB SSD 3D NAND A55 SLC Cache Performance Boost SATA III 2.5,electronics,109,4.800000190734863,pub,3,Proposer livraison gratuite,very disappointed
a9ddbc19,132,add_to_cart,WD 4TB Gaming Drive Works with Playstation 4 Portable External Hard Drive,electronics,114,4.800000190734863,email,3,Proposer livraison gratuite,awesome product
6ecea49c,75,add_to_cart,Acer SB220Q bi 21.5 inches Full HD (1920 x 1080) IPS Ultra-Thin,electronics,599,2.9000000953674316,reseaux_sociaux,3,Proposer livraison gratuite,poor quality
237ec0eb,125,add_to_cart,Samsung 49-Inch CHG90 144Hz Curved Gaming Monitor (LC49HG90DMNXZA) – Super Ultrawide Screen QLED ,electronics,999.989990234375,2.200000047683716,email,3,Proposer livraison gratuite,great product
f4687183,26,abandon,BIYLACLESEN Women's 3-in-1 Snowboard Jacket Winter Coats,women's clothing,56.9900016784668,2.5999999046325684,pub,-1,Envoyer coupon -20%,highly recommended
c42e4447,101,purchase,Lock and Love Women's Removable Hooded Faux Leather Moto Biker Jacket,women's clothing,29.950000762939453,2.9000000953674316,email,5,Suggerer produits similaires,excellent quality
540b938e,186,search,Rain Jacket Women Windbreaker Striped Climbing Raincoats,women's clothing,39.9900016784668,3.799999952316284,email,1,Continuer navigation,highly recommended
93d007f3,43,view,MBJ Women's Solid Short Sleeve Boat Neck V ,women's clothing,9.850000381469727,4.699999809265137,email,1,Continuer navigation,great product
4bd5fff7,13,purchase,Opna Women's Short Sleeve Moisture,women's clothing,7.949999809265137,4.5,pub,5,Suggerer produits similaires,fast shipping
3625be7f,198,purchase,DANVOUY Womens T Shirt Casual Cotton Short,women's clothing,12.989999771118164,3.5999999046325684,google,5,Suggerer produits similaires,poor quality
6ecba66d,62,add_to_cart,"Fjallraven - Foldsack No. 1 Backpack, Fits 15 Laptops",men's clothing,109.94999694824219,3.9000000953674316,email,3,Proposer livraison gratuite,would not recommend
f5ee2e6c,8,add_to_cart,Mens Casual Premium Slim Fit T-Shirts ,men's clothing,22.299999237060547,4.099999904632568,google,3,Proposer livraison gratuite,highly recommended
6f1cda56,79,search,Mens Cotton Jacket,men's clothing,55.9900016784668,4.699999809265137,pub,1,Continuer navigation,great value for money
619f6474,166,view,Mens Casual Slim Fit,men's clothing,15.989999771118164,2.0999999046325684,direct,1,Continuer navigation,very pleased
a499910f,103,search,John Hardy Women's Legends Naga Gold & Silver Dragon Station Chain Bracelet,jewelery,695,4.599999904632568,direct,1,Continuer navigation,great value for money
176ac798,47,add_to_cart,Solid Gold Petite Micropave ,jewelery,168,3.9000000953674316,email,3,Proposer livraison gratuite,awesome product
d9c181f4,105,search,White Gold Plated Princess,jewelery,9.989999771118164,3,direct,1,Continuer navigation,fast shipping
a08b2512,161,abandon,Pierced Owl Rose Gold Plated Stainless Steel Double,jewelery,10.989999771118164,1.899999976158142,email,-1,Envoyer coupon -20%,would buy again
c5b54e6a,107,purchase,WD 2TB Elements Portable External Hard Drive - USB 3.0 ,electronics,64,3.299999952316284,email,5,Suggerer produits similaires,great product
a3a5e7ee,83,abandon,SanDisk SSD PLUS 1TB Internal SSD - SATA III 6 Gb/s,electronics,109,2.9000000953674316,google,-1,Envoyer coupon -20%,excellent quality
7a2122f1,168,purchase,Silicon Power 256GB SSD 3D NAND A55 SLC Cache Performance Boost SATA III 2.5,electronics,109,4.800000190734863,email,5,Suggerer produits similaires,excellent quality
e4ab1067,132,search,WD 4TB Gaming Drive Works with Playstation 4 Portable External Hard Drive,electronics,114,4.800000190734863,pub,1,Continuer navigation,excellent quality
761cf664,41,abandon,Acer SB220Q bi 21.5 inches Full HD (1920 x 1080) IPS Ultra-Thin,electronics,599,2.9000000953674316,reseaux_sociaux,-1,Envoyer coupon -20%,would not buy again
a4824043,36,search,Samsung 49-Inch CHG90 144Hz Curved Gaming Monitor (LC49HG90DMNXZA) – Super Ultrawide Screen QLED ,electronics,999.989990234375,2.200000047683716,reseaux_sociaux,1,Continuer navigation,highly impressed
df70b654,152,add_to_cart,BIYLACLESEN Women's 3-in-1 Snowboard Jacket Winter Coats,women's clothing,56.9900016784668,2.5999999046325684,pub,3,Proposer livraison gratuite,highly impressed
8a17d14a,21,purchase,Lock and Love Women's Removable Hooded Faux Leather Moto Biker Jacket,women's clothing,29.950000762939453,2.9000000953674316,direct,5,Suggerer produits similaires,very disappointed
044f9fe7,109,view,Rain Jacket Women Windbreaker Striped Climbing Raincoats,women's clothing,39.9900016784668,3.799999952316284,reseaux_sociaux,1,Continuer navigation,highly impressed
e60accfd,1,add_to_cart,MBJ Women's Solid Short Sleeve Boat Neck V ,women's clothing,9.850000381469727,4.699999809265137,pub,3,Proposer livraison gratuite,excellent quality
aeba8da8,96,view,Opna Women's Short Sleeve Moisture,women's clothing,7.949999809265137,4.5,direct,1,Continuer navigation,very dissatisfied
18c16553,102,add_to_cart,DANVOUY Womens T Shirt Casual Cotton Short,women's clothing,12.989999771118164,3.5999999046325684,email,3,Proposer livraison gratuite,poor quality
504b2c04,45,add_to_cart,"Fjallraven - Foldsack No. 1 Backpack, Fits 15 Laptops",men's clothing,109.94999694824219,3.9000000953674316,email,3,Proposer livraison gratuite,poor quality
f5da030d,32,abandon,Mens Casual Premium Slim Fit T-Shirts ,men's clothing,22.299999237060547,4.099999904632568,direct,-1,Envoyer coupon -20%,poor quality
b4fc0cd7,11,view,Mens Cotton Jacket,men's clothing,55.9900016784668,4.699999809265137,pub,1,Continuer navigation,fast shipping
de5d7999,186,view,Mens Casual Slim Fit,men's clothing,15.989999771118164,2.0999999046325684,direct,1,Continuer navigation,very unhappy with my purchase
c3f7f86c,194,search,John Hardy Women's Legends Naga Gold & Silver Dragon Station Chain Bracelet,jewelery,695,4.599999904632568,reseaux_sociaux,1,Continuer navigation,very unhappy with my purchase
35970986,129,search,Solid Gold Petite Micropave ,jewelery,168,3.9000000953674316,reseaux_sociaux,1,Continuer navigation,very unhappy with my purchase
7a2926ca,97,purchase,White Gold Plated Princess,jewelery,9.989999771118164,3,direct,5,Suggerer produits similaires,very dissatisfied
12e8f3de,46,view,Pierced Owl Rose Gold Plated Stainless Steel Double,jewelery,10.989999771118164,1.899999976158142,reseaux_sociaux,1,Continuer navigation,excellent quality
88d5324d,149,search,WD 2TB Elements Portable External Hard Drive - USB 3.0 ,electronics,64,3.299999952316284,reseaux_sociaux,1,Continuer navigation,would not recommend
499530f6,48,view,SanDisk SSD PLUS 1TB Internal SSD - SATA III 6 Gb/s,electronics,109,2.9000000953674316,email,1,Continuer navigation,highly recommended
00b354e5,113,search,Silicon Power 256GB SSD 3D NAND A55 SLC Cache Performance Boost SATA III 2.5,electronics,109,4.800000190734863,direct,1,Continuer navigation,great product
31b89a37,91,purchase,WD 4TB Gaming Drive Works with Playstation 4 Portable External Hard Drive,electronics,114,4.800000190734863,direct,5,Suggerer produits similaires,highly recommended
147c7fba,166,purchase,Acer SB220Q bi 21.5 inches Full HD (1920 x 1080) IPS Ultra-Thin,electronics,599,2.9000000953674316,direct,5,Suggerer produits similaires,fast shipping
a4606365,19,add_to_cart,Samsung 49-Inch CHG90 144Hz Curved Gaming Monitor (LC49HG90DMNXZA) – Super Ultrawide Screen QLED ,electronics,999.989990234375,2.200000047683716,pub,3,Proposer livraison gratuite,great product
ae6b37a7,62,add_to_cart,BIYLACLESEN Women's 3-in-1 Snowboard Jacket Winter Coats,women's clothing,56.9900016784668,2.5999999046325684,google,3,Proposer livraison gratuite,would not recommend
09c2c548,178,add_to_cart,Lock and Love Women's Removable Hooded Faux Leather Moto Biker Jacket,women's clothing,29.950000762939453,2.9000000953674316,pub,3,Proposer livraison gratuite,great product
6c3d9473,151,view,Rain Jacket Women Windbreaker Striped Climbing Raincoats,women's clothing,39.9900016784668,3.799999952316284,direct,1,Continuer navigation,excellent quality
8bbc6810,30,view,MBJ Women's Solid Short Sleeve Boat Neck V ,women's clothing,9.850000381469727,4.699999809265137,reseaux_sociaux,1,Continuer navigation,highly impressed
fb6db5ce,83,search,Opna Women's Short Sleeve Moisture,women's clothing,7.949999809265137,4.5,google,1,Continuer navigation,highly impressed
e6385e0b,144,view,DANVOUY Womens T Shirt Casual Cotton Short,women's clothing,12.989999771118164,3.5999999046325684,email,1,Continuer navigation,would not buy again
ac59e4ce,47,add_to_cart,"Fjallraven - Foldsack No. 1 Backpack, Fits 15 Laptops",men's clothing,109.94999694824219,3.9000000953674316,email,3,Proposer livraison gratuite,awesome product
0951ccd5,196,abandon,Mens Casual Premium Slim Fit T-Shirts ,men's clothing,22.299999237060547,4.099999904632568,google,-1,Envoyer coupon -20%,great product
07a6e610,55,search,Mens Cotton Jacket,men's clothing,55.9900016784668,4.699999809265137,direct,1,Continuer navigation,would buy again
84cffa34,184,add_to_cart,Mens Casual Slim Fit,men's clothing,15.989999771118164,2.0999999046325684,google,3,Proposer livraison gratuite,would not buy again
cefa633d,105,abandon,John Hardy Women's Legends Naga Gold & Silver Dragon Station Chain Bracelet,jewelery,695,4.599999904632568,email,-1,Envoyer coupon -20%,excellent quality
108abafe,151,view,Solid Gold Petite Micropave ,jewelery,168,3.9000000953674316,reseaux_sociaux,1,Continuer navigation,awesome product
419da7d1,108,add_to_cart,White Gold Plated Princess,jewelery,9.989999771118164,3,pub,3,Proposer livraison gratuite,highly recommended
451e2087,51,purchase,Pierced Owl Rose Gold Plated Stainless Steel Double,jewelery,10.989999771118164,1.899999976158142,reseaux_sociaux,5,Suggerer produits similaires,disappointing product
ca5a9d51,71,search,WD 2TB Elements Portable External Hard Drive - USB 3.0 ,electronics,64,3.299999952316284,pub,1,Continuer navigation,very satisfied
02f6e0f0,131,abandon,SanDisk SSD PLUS 1TB Internal SSD - SATA III 6 Gb/s,electronics,109,2.9000000953674316,reseaux_sociaux,-1,Envoyer coupon -20%,very pleased
c2be00ee,140,add_to_cart,Silicon Power 256GB SSD 3D NAND A55 SLC Cache Performance Boost SATA III 2.5,electronics,109,4.800000190734863,email,3,Proposer livraison gratuite,poor quality
1c8cfcd3,67,abandon,WD 4TB Gaming Drive Works with Playstation 4 Portable External Hard Drive,electronics,114,4.800000190734863,reseaux_sociaux,-1,Envoyer coupon -20%,would buy again
8925dc49,144,add_to_cart,Acer SB220Q bi 21.5 inches Full HD (1920 x 1080) IPS Ultra-Thin,electronics,599,2.9000000953674316,direct,3,Proposer livraison gratuite,disappointing product
023e3e89,84,view,Samsung 49-Inch CHG90 144Hz Curved Gaming Monitor (LC49HG90DMNXZA) – Super Ultrawide Screen QLED ,electronics,999.989990234375,2.200000047683716,google,1,Continuer navigation,great value for money
90c4d82f,24,abandon,BIYLACLESEN Women's 3-in-1 Snowboard Jacket Winter Coats,women's clothing,56.9900016784668,2.5999999046325684,direct,-1,Envoyer coupon -20%,very satisfied
712088a2,65,add_to_cart,Lock and Love Women's Removable Hooded Faux Leather Moto Biker Jacket,women's clothing,29.950000762939453,2.9000000953674316,email,3,Proposer livraison gratuite,very disappointed
4f8f4a02,140,abandon,Rain Jacket Women Windbreaker Striped Climbing Raincoats,women's clothing,39.9900016784668,3.799999952316284,direct,-1,Envoyer coupon -20%,very dissatisfied
04250392,26,purchase,MBJ Women's Solid Short Sleeve Boat Neck V ,women's clothing,9.850000381469727,4.699999809265137,email,5,Suggerer produits similaires,very disappointed
8eb4a146,109,purchase,Opna Women's Short Sleeve Moisture,women's clothing,7.949999809265137,4.5,google,5,Suggerer produits similaires,very dissatisfied
e7e65bed,155,add_to_cart,DANVOUY Womens T Shirt Casual Cotton Short,women's clothing,12.989999771118164,3.5999999046325684,pub,3,Proposer livraison gratuite,great value for money
212af465,25,purchase,"Fjallraven - Foldsack No. 1 Backpack, Fits 15 Laptops",men's clothing,109.94999694824219,3.9000000953674316,direct,5,Suggerer produits similaires,very dissatisfied
2cc40148,169,add_to_cart,Mens Casual Premium Slim Fit T-Shirts ,men's clothing,22.299999237060547,4.099999904632568,pub,3,Proposer livraison gratuite,poor quality
8d15390a,199,purchase,Mens Cotton Jacket,men's clothing,55.9900016784668,4.699999809265137,pub,5,Suggerer produits similaires,great product
7deb11fd,42,view,Mens Casual Slim Fit,men's clothing,15.989999771118164,2.0999999046325684,direct,1,Continuer navigation,very dissatisfied
82c53961,156,purchase,John Hardy Women's Legends Naga Gold & Silver Dragon Station Chain Bracelet,jewelery,695,4.599999904632568,email,5,Suggerer produits similaires,very disappointed
83454741,71,add_to_cart,Solid Gold Petite Micropave ,jewelery,168,3.9000000953674316,email,3,Proposer livraison gratuite,very disappointed
c084fb40,103,abandon,White Gold Plated Princess,jewelery,9.989999771118164,3,reseaux_sociaux,-1,Envoyer coupon -20%,great product
78f34ab0,87,search,Pierced Owl Rose Gold Plated Stainless Steel Double,jewelery,10.989999771118164,1.899999976158142,direct,1,Continuer navigation,would not recommend
1a3a67fb,13,add_to_cart,WD 2TB Elements Portable External Hard Drive - USB 3.0 ,electronics,64,3.299999952316284,reseaux_sociaux,3,Proposer livraison gratuite,would not recommend
4167e081,4,view,SanDisk SSD PLUS 1TB Internal SSD - SATA III 6 Gb/s,electronics,109,2.9000000953674316,google,1,Continuer navigation,fast shipping
61f90f48,148,search,Silicon Power 256GB SSD 3D NAND A55 SLC Cache Performance Boost SATA III 2.5,electronics,109,4.800000190734863,email,1,Continuer navigation,would buy again
e4881aad,77,purchase,WD 4TB Gaming Drive Works with Playstation 4 Portable External Hard Drive,electronics,114,4.800000190734863,reseaux_sociaux,5,Suggerer produits similaires,highly recommended
afee1b6d,174,add_to_cart,Acer SB220Q bi 21.5 inches Full HD (1920 x 1080) IPS Ultra-Thin,electronics,599,2.9000000953674316,reseaux_sociaux,3,Proposer livraison gratuite,would not recommend
49b9e990,36,purchase,Samsung 49-Inch CHG90 144Hz Curved Gaming Monitor (LC49HG90DMNXZA) – Super Ultrawide Screen QLED ,electronics,999.989990234375,2.200000047683716,reseaux_sociaux,5,Suggerer produits similaires,poor quality
b899793e,60,view,BIYLACLESEN Women's 3-in-1 Snowboard Jacket Winter Coats,women's clothing,56.9900016784668,2.5999999046325684,pub,1,Continuer navigation,not worth the price
f1aff5fe,127,search,Lock and Love Women's Removable Hooded Faux Leather Moto Biker Jacket,women's clothing,29.950000762939453,2.9000000953674316,direct,1,Continuer navigation,highly impressed
9b75236f,137,purchase,Rain Jacket Women Windbreaker Striped Climbing Raincoats,women's clothing,39.9900016784668,3.799999952316284,google,5,Suggerer produits similaires,excellent quality
dc09bec9,9,search,MBJ Women's Solid Short Sleeve Boat Neck V ,women's clothing,9.850000381469727,4.699999809265137,google,1,Continuer navigation,great value for money
2c9440a7,152,purchase,Opna Women's Short Sleeve Moisture,women's clothing,7.949999809265137,4.5,pub,5,Suggerer produits similaires,very happy with my purchase
4ed28217,136,add_to_cart,DANVOUY Womens T Shirt Casual Cotton Short,women's clothing,12.989999771118164,3.5999999046325684,pub,3,Proposer livraison gratuite,highly recommended
7da052b4,32,search,"Fjallraven - Foldsack No. 1 Backpack, Fits 15 Laptops",men's clothing,109.94999694824219,3.9000000953674316,email,1,Continuer navigation,very pleased
99ddc9ed,5,abandon,Mens Casual Premium Slim Fit T-Shirts ,men's clothing,22.299999237060547,4.099999904632568,pub,-1,Envoyer coupon -20%,highly recommended
a2f90ccd,24,purchase,Mens Cotton Jacket,men's clothing,55.9900016784668,4.699999809265137,google,5,Suggerer produits similaires,highly impressed
78ea1efd,163,add_to_cart,Mens Casual Slim Fit,men's clothing,15.989999771118164,2.0999999046325684,direct,3,Proposer livraison gratuite,great product
42ebbaf6,62,view,John Hardy Women's Legends Naga Gold & Silver Dragon Station Chain Bracelet,jewelery,695,4.599999904632568,pub,1,Continuer navigation,excellent quality
9a86877c,89,abandon,Solid Gold Petite Micropave ,jewelery,168,3.9000000953674316,email,-1,Envoyer coupon -20%,would buy again
a43df285,69,add_to_cart,White Gold Plated Princess,jewelery,9.989999771118164,3,reseaux_sociaux,3,Proposer livraison gratuite,great product
decedd95,146,view,Pierced Owl Rose Gold Plated Stainless Steel Double,jewelery,10.989999771118164,1.899999976158142,direct,1,Continuer navigation,very disappointed
d11b99da,52,abandon,WD 2TB Elements Portable External Hard Drive - USB 3.0 ,electronics,64,3.299999952316284,direct,-1,Envoyer coupon -20%,excellent quality
dbed0386,73,purchase,SanDisk SSD PLUS 1TB Internal SSD - SATA III 6 Gb/s,electronics,109,2.9000000953674316,email,5,Suggerer produits similaires,poor quality
56e9f6f3,1,view,Silicon Power 256GB SSD 3D NAND A55 SLC Cache Performance Boost SATA III 2.5,electronics,109,4.800000190734863,direct,1,Continuer navigation,would not recommend
62699935,81,add_to_cart,WD 4TB Gaming Drive Works with Playstation 4 Portable External Hard Drive,electronics,114,4.800000190734863,pub,3,Proposer livraison gratuite,waste of money
7299b1b5,63,abandon,Acer SB220Q bi 21.5 inches Full HD (1920 x 1080) IPS Ultra-Thin,electronics,599,2.9000000953674316,pub,-1,Envoyer coupon -20%,would buy again
816d4542,134,add_to_cart,Samsung 49-Inch CHG90 144Hz Curved Gaming Monitor (LC49HG90DMNXZA) – Super Ultrawide Screen QLED ,electronics,999.989990234375,2.200000047683716,google,3,Proposer livraison gratuite,would buy again
2fcd5f53,155,abandon,BIYLACLESEN Women's 3-in-1 Snowboard Jacket Winter Coats,women's clothing,56.9900016784668,2.5999999046325684,google,-1,Envoyer coupon -20%,would not recommend
988e218f,152,add_to_cart,Lock and Love Women's Removable Hooded Faux Leather Moto Biker Jacket,women's clothing,29.950000762939453,2.9000000953674316,google,3,Proposer livraison gratuite,disappointing product
66fae229,141,purchase,Rain Jacket Women Windbreaker Striped Climbing Raincoats,women's clothing,39.9900016784668,3.799999952316284,direct,5,Suggerer produits similaires,poor quality
9c4e66a1,172,purchase,MBJ Women's Solid Short Sleeve Boat Neck V ,women's clothing,9.850000381469727,4.699999809265137,email,5,Suggerer produits similaires,fast shipping
fc54ee20,83,abandon,Opna Women's Short Sleeve Moisture,women's clothing,7.949999809265137,4.5,google,-1,Envoyer coupon -20%,excellent quality
6ff6688c,20,purchase,DANVOUY Womens T Shirt Casual Cotton Short,women's clothing,12.989999771118164,3.5999999046325684,reseaux_sociaux,5,Suggerer produits similaires,great product
6433c612,35,add_to_cart,"Fjallraven - Foldsack No. 1 Backpack, Fits 15 Laptops",men's clothing,109.94999694824219,3.9000000953674316,reseaux_sociaux,3,Proposer livraison gratuite,fast shipping
d1be3bb3,127,view,Mens Casual Premium Slim Fit T-Shirts ,men's clothing,22.299999237060547,4.099999904632568,pub,1,Continuer navigation,very happy with my purchase
05bd8ba9,32,search,Mens Cotton Jacket,men's clothing,55.9900016784668,4.699999809265137,reseaux_sociaux,1,Continuer navigation,would not recommend
9db41ef6,54,add_to_cart,Mens Casual Slim Fit,men's clothing,15.989999771118164,2.0999999046325684,direct,3,Proposer livraison gratuite,would not buy again
2ed48da8,92,add_to_cart,John Hardy Women's Legends Naga Gold & Silver Dragon Station Chain Bracelet,jewelery,695,4.599999904632568,google,3,Proposer livraison gratuite,fast shipping
76cc9c12,145,view,Solid Gold Petite Micropave ,jewelery,168,3.9000000953674316,reseaux_sociaux,1,Continuer navigation,would not buy again
8262bae2,162,view,White Gold Plated Princess,jewelery,9.989999771118164,3,reseaux_sociaux,1,Continuer navigation,very disappointed
c6354693,75,view,Pierced Owl Rose Gold Plated Stainless Steel Double,jewelery,10.989999771118164,1.899999976158142,email,1,Continuer navigation,very satisfied
dfa84657,128,add_to_cart,WD 2TB Elements Portable External Hard Drive - USB 3.0 ,electronics,64,3.299999952316284,pub,3,Proposer livraison gratuite,highly recommended
7f0d0624,179,abandon,SanDisk SSD PLUS 1TB Internal SSD - SATA III 6 Gb/s,electronics,109,2.9000000953674316,reseaux_sociaux,-1,Envoyer coupon -20%,very unhappy with my purchase
b58b3c54,170,purchase,Silicon Power 256GB SSD 3D NAND A55 SLC Cache Performance Boost SATA III 2.5,electronics,109,4.800000190734863,email,5,Suggerer produits similaires,poor quality
11856106,67,search,WD 4TB Gaming Drive Works with Playstation 4 Portable External Hard Drive,electronics,114,4.800000190734863,pub,1,Continuer navigation,highly impressed
22858836,54,add_to_cart,Acer SB220Q bi 21.5 inches Full HD (1920 x 1080) IPS Ultra-Thin,electronics,599,2.9000000953674316,pub,3,Proposer livraison gratuite,highly recommended
b1cbf3a2,154,search,Samsung 49-Inch CHG90 144Hz Curved Gaming Monitor (LC49HG90DMNXZA) – Super Ultrawide Screen QLED ,electronics,999.989990234375,2.200000047683716,google,1,Continuer navigation,poor quality
a1d08929,77,view,BIYLACLESEN Women's 3-in-1 Snowboard Jacket Winter Coats,women's clothing,56.9900016784668,2.5999999046325684,pub,1,Continuer navigation,excellent quality
69136e23,25,abandon,Lock and Love Women's Removable Hooded Faux Leather Moto Biker Jacket,women's clothing,29.950000762939453,2.9000000953674316,google,-1,Envoyer coupon -20%,poor quality
1eb585e6,10,abandon,Rain Jacket Women Windbreaker Striped Climbing Raincoats,women's clothing,39.9900016784668,3.799999952316284,email,-1,Envoyer coupon -20%,very happy with my purchase
713fbc48,75,add_to_cart,MBJ Women's Solid Short Sleeve Boat Neck V ,women's clothing,9.850000381469727,4.699999809265137,email,3,Proposer livraison gratuite,very happy with my purchase
ed49248e,154,purchase,Opna Women's Short Sleeve Moisture,women's clothing,7.949999809265137,4.5,google,5,Suggerer produits similaires,highly recommended
8b526844,140,add_to_cart,DANVOUY Womens T Shirt Casual Cotton Short,women's clothing,12.989999771118164,3.5999999046325684,direct,3,Proposer livraison gratuite,poor quality
25babcdb,20,abandon,"Fjallraven - Foldsack No. 1 Backpack, Fits 15 Laptops",men's clothing,109.94999694824219,3.9000000953674316,pub,-1,Envoyer coupon -20%,fast shipping
766ef54e,77,view,Mens Casual Premium Slim Fit T-Shirts ,men's clothing,22.299999237060547,4.099999904632568,email,1,Continuer navigation,highly recommended
14aeec83,177,view,Mens Cotton Jacket,men's clothing,55.9900016784668,4.699999809265137,pub,1,Continuer navigation,very unhappy with my purchase
ab16ab4f,111,view,Mens Casual Slim Fit,men's clothing,15.989999771118164,2.0999999046325684,direct,1,Continuer navigation,excellent quality
002077db,27,add_to_cart,John Hardy Women's Legends Naga Gold & Silver Dragon Station Chain Bracelet,jewelery,695,4.599999904632568,direct,3,Proposer livraison gratuite,great value for money
706b4160,10,view,Solid Gold Petite Micropave ,jewelery,168,3.9000000953674316,reseaux_sociaux,1,Continuer navigation,excellent quality
57350220,37,purchase,White Gold Plated Princess,jewelery,9.989999771118164,3,pub,5,Suggerer produits similaires,poor quality
6a136236,190,purchase,Pierced Owl Rose Gold Plated Stainless Steel Double,jewelery,10.989999771118164,1.899999976158142,google,5,Suggerer produits similaires,great product
109da758,152,search,WD 2TB Elements Portable External Hard Drive - USB 3.0 ,electronics,64,3.299999952316284,email,1,Continuer navigation,very unhappy with my purchase
580a13b6,146,abandon,SanDisk SSD PLUS 1TB Internal SSD - SATA III 6 Gb/s,electronics,109,2.9000000953674316,google,-1,Envoyer coupon -20%,would buy again
d61badc8,194,view,Silicon Power 256GB SSD 3D NAND A55 SLC Cache Performance Boost SATA III 2.5,electronics,109,4.800000190734863,reseaux_sociaux,1,Continuer navigation,fast shipping
af69b029,79,search,WD 4TB Gaming Drive Works with Playstation 4 Portable External Hard Drive,electronics,114,4.800000190734863,direct,1,Continuer navigation,very satisfied
59e9f363,135,add_to_cart,Acer SB220Q bi 21.5 inches Full HD (1920 x 1080) IPS Ultra-Thin,electronics,599,2.9000000953674316,google,3,Proposer livraison gratuite,poor quality
62e62bcc,57,purchase,Samsung 49-Inch CHG90 144Hz Curved Gaming Monitor (LC49HG90DMNXZA) – Super Ultrawide Screen QLED ,electronics,999.989990234375,2.200000047683716,pub,5,Suggerer produits similaires,great product
225733ac,148,add_to_cart,BIYLACLESEN Women's 3-in-1 Snowboard Jacket Winter Coats,women's clothing,56.9900016784668,2.5999999046325684,pub,3,Proposer livraison gratuite,not as described
b0f51bfa,145,purchase,Lock and Love Women's Removable Hooded Faux Leather Moto Biker Jacket,women's clothing,29.950000762939453,2.9000000953674316,direct,5,Suggerer produits similaires,very dissatisfied
311497e1,127,search,Rain Jacket Women Windbreaker Striped Climbing Raincoats,women's clothing,39.9900016784668,3.799999952316284,direct,1,Continuer navigation,fast shipping
ef8b0ba0,196,view,MBJ Women's Solid Short Sleeve Boat Neck V ,women's clothing,9.850000381469727,4.699999809265137,google,1,Continuer navigation,fast shipping
7262c519,126,purchase,Opna Women's Short Sleeve Moisture,women's clothing,7.949999809265137,4.5,email,5,Suggerer produits similaires,would buy again
47b973be,195,search,DANVOUY Womens T Shirt Casual Cotton Short,women's clothing,12.989999771118164,3.5999999046325684,reseaux_sociaux,1,Continuer navigation,not as described
19c311e4,110,purchase,"Fjallraven - Foldsack No. 1 Backpack, Fits 15 Laptops",men's clothing,109.94999694824219,3.9000000953674316,google,5,Suggerer produits similaires,great product
f3d06597,123,add_to_cart,Mens Casual Premium Slim Fit T-Shirts ,men's clothing,22.299999237060547,4.099999904632568,direct,3,Proposer livraison gratuite,would buy again
3ae2aa40,54,abandon,Mens Cotton Jacket,men's clothing,55.9900016784668,4.699999809265137,google,-1,Envoyer coupon -20%,highly impressed
1fc03391,2,view,Mens Casual Slim Fit,men's clothing,15.989999771118164,2.0999999046325684,reseaux_sociaux,1,Continuer navigation,great product
040b40f3,134,view,John Hardy Women's Legends Naga Gold & Silver Dragon Station Chain Bracelet,jewelery,695,4.599999904632568,email,1,Continuer navigation,would not recommend
d2a079b5,11,abandon,Solid Gold Petite Micropave ,jewelery,168,3.9000000953674316,google,-1,Envoyer coupon -20%,would buy again
5226a3f3,184,view,White Gold Plated Princess,jewelery,9.989999771118164,3,email,1,Continuer navigation,would buy again
8078d240,181,abandon,Pierced Owl Rose Gold Plated Stainless Steel Double,jewelery,10.989999771118164,1.899999976158142,direct,-1,Envoyer coupon -20%,would not recommend
10f0dbb2,169,abandon,WD 2TB Elements Portable External Hard Drive - USB 3.0 ,electronics,64,3.299999952316284,google,-1,Envoyer coupon -20%,very dissatisfied
28e36356,184,search,SanDisk SSD PLUS 1TB Internal SSD - SATA III 6 Gb/s,electronics,109,2.9000000953674316,email,1,Continuer navigation,would buy again
6b4ee6da,123,add_to_cart,Silicon Power 256GB SSD 3D NAND A55 SLC Cache Performance Boost SATA III 2.5,electronics,109,4.800000190734863,email,3,Proposer livraison gratuite,very disappointed
5818040e,159,view,WD 4TB Gaming Drive Works with Playstation 4 Portable External Hard Drive,electronics,114,4.800000190734863,pub,1,Continuer navigation,very disappointed
af79ff5d,178,abandon,Acer SB220Q bi 21.5 inches Full HD (1920 x 1080) IPS Ultra-Thin,electronics,599,2.9000000953674316,google,-1,Envoyer coupon -20%,would not recommend
48a6e46a,7,purchase,Samsung 49-Inch CHG90 144Hz Curved Gaming Monitor (LC49HG90DMNXZA) – Super Ultrawide Screen QLED ,electronics,999.989990234375,2.200000047683716,email,5,Suggerer produits similaires,highly impressed
2c2d2bd5,30,view,BIYLACLESEN Women's 3-in-1 Snowboard Jacket Winter Coats,women's clothing,56.9900016784668,2.5999999046325684,reseaux_sociaux,1,Continuer navigation,great product
c98dbac1,63,view,Lock and Love Women's Removable Hooded Faux Leather Moto Biker Jacket,women's clothing,29.950000762939453,2.9000000953674316,direct,1,Continuer navigation,would not buy again
0e6ea2d9,93,add_to_cart,Rain Jacket Women Windbreaker Striped Climbing Raincoats,women's clothing,39.9900016784668,3.799999952316284,pub,3,Proposer livraison gratuite,would buy again
7fbe0324,158,view,MBJ Women's Solid Short Sleeve Boat Neck V ,women's clothing,9.850000381469727,4.699999809265137,direct,1,Continuer navigation,excellent quality
fe353849,181,search,Opna Women's Short Sleeve Moisture,women's clothing,7.949999809265137,4.5,direct,1,Continuer navigation,would not buy again
59f4d97e,59,search,DANVOUY Womens T Shirt Casual Cotton Short,women's clothing,12.989999771118164,3.5999999046325684,reseaux_sociaux,1,Continuer navigation,very dissatisfied
3e423bfa,151,search,"Fjallraven - Foldsack No. 1 Backpack, Fits 15 Laptops",men's clothing,109.94999694824219,3.9000000953674316,email,1,Continuer navigation,very unhappy with my purchase
95285819,114,view,Mens Casual Premium Slim Fit T-Shirts ,men's clothing,22.299999237060547,4.099999904632568,email,1,Continuer navigation,very satisfied
15c08235,196,view,Mens Cotton Jacket,men's clothing,55.9900016784668,4.699999809265137,google,1,Continuer navigation,fast shipping
70e405fc,193,search,Mens Casual Slim Fit,men's clothing,15.989999771118164,2.0999999046325684,direct,1,Continuer navigation,highly recommended
315d8d03,177,abandon,John Hardy Women's Legends Naga Gold & Silver Dragon Station Chain Bracelet,jewelery,695,4.599999904632568,reseaux_sociaux,-1,Envoyer coupon -20%,very unhappy with my purchase
3baa0247,119,view,Solid Gold Petite Micropave ,jewelery,168,3.9000000953674316,email,1,Continuer navigation,would not recommend
d3bee833,27,purchase,White Gold Plated Princess,jewelery,9.989999771118164,3,pub,5,Suggerer produits similaires,would buy again
5d15caab,8,purchase,Pierced Owl Rose Gold Plated Stainless Steel Double,jewelery,10.989999771118164,1.899999976158142,direct,5,Suggerer produits similaires,awesome product
ce65df84,97,add_to_cart,WD 2TB Elements Portable External Hard Drive - USB 3.0 ,electronics,64,3.299999952316284,reseaux_sociaux,3,Proposer livraison gratuite,great product
66a14788,68,search,SanDisk SSD PLUS 1TB Internal SSD - SATA III 6 Gb/s,electronics,109,2.9000000953674316,reseaux_sociaux,1,Continuer navigation,would not recommend
22e57550,110,abandon,Silicon Power 256GB SSD 3D NAND A55 SLC Cache Performance Boost SATA III 2.5,electronics,109,4.800000190734863,reseaux_sociaux,-1,Envoyer coupon -20%,would not recommend
0bbe0828,10,abandon,WD 4TB Gaming Drive Works with Playstation 4 Portable External Hard Drive,electronics,114,4.800000190734863,email,-1,Envoyer coupon -20%,highly impressed
bde4283d,27,view,Acer SB220Q bi 21.5 inches Full HD (1920 x 1080) IPS Ultra-Thin,electronics,599,2.9000000953674316,direct,1,Continuer navigation,poor quality
09197d73,23,view,Samsung 49-Inch CHG90 144Hz Curved Gaming Monitor (LC49HG90DMNXZA) – Super Ultrawide Screen QLED ,electronics,999.989990234375,2.200000047683716,google,1,Continuer navigation,highly recommended
0d894b13,6,view,BIYLACLESEN Women's 3-in-1 Snowboard Jacket Winter Coats,women's clothing,56.9900016784668,2.5999999046325684,pub,1,Continuer navigation,highly impressed
a8a4ea41,155,search,Lock and Love Women's Removable Hooded Faux Leather Moto Biker Jacket,women's clothing,29.950000762939453,2.9000000953674316,pub,1,Continuer navigation,poor quality
c81de4ff,165,purchase,Rain Jacket Women Windbreaker Striped Climbing Raincoats,women's clothing,39.9900016784668,3.799999952316284,pub,5,Suggerer produits similaires,very happy with my purchase
8f4d6618,52,search,MBJ Women's Solid Short Sleeve Boat Neck V ,women's clothing,9.850000381469727,4.699999809265137,reseaux_sociaux,1,Continuer navigation,very disappointed
611442c0,113,purchase,Opna Women's Short Sleeve Moisture,women's clothing,7.949999809265137,4.5,pub,5,Suggerer produits similaires,disappointing product
62ab8428,159,abandon,DANVOUY Womens T Shirt Casual Cotton Short,women's clothing,12.989999771118164,3.5999999046325684,google,-1,Envoyer coupon -20%,very happy with my purchase
cc7e2e6f,93,abandon,"Fjallraven - Foldsack No. 1 Backpack, Fits 15 Laptops",men's clothing,109.94999694824219,3.9000000953674316,google,-1,Envoyer coupon -20%,very disappointed
816c9ee2,51,abandon,Mens Casual Premium Slim Fit T-Shirts ,men's clothing,22.299999237060547,4.099999904632568,google,-1,Envoyer coupon -20%,great product
30025206,179,add_to_cart,Mens Cotton Jacket,men's clothing,55.9900016784668,4.699999809265137,reseaux_sociaux,3,Proposer livraison gratuite,very dissatisfied
3657c957,45,purchase,Mens Casual Slim Fit,men's clothing,15.989999771118164,2.0999999046325684,reseaux_sociaux,5,Suggerer produits similaires,would buy again
a8c65ad6,91,search,John Hardy Women's Legends Naga Gold & Silver Dragon Station Chain Bracelet,jewelery,695,4.599999904632568,pub,1,Continuer navigation,excellent quality
848d1b0c,56,purchase,Solid Gold Petite Micropave ,jewelery,168,3.9000000953674316,google,5,Suggerer produits similaires,excellent quality
c970bc0c,160,search,White Gold Plated Princess,jewelery,9.989999771118164,3,reseaux_sociaux,1,Continuer navigation,highly impressed
c639e9a5,81,view,Pierced Owl Rose Gold Plated Stainless Steel Double,jewelery,10.989999771118164,1.899999976158142,google,1,Continuer navigation,highly recommended
3a1fe98e,116,search,WD 2TB Elements Portable External Hard Drive - USB 3.0 ,electronics,64,3.299999952316284,pub,1,Continuer navigation,very pleased
12d1ac34,70,add_to_cart,SanDisk SSD PLUS 1TB Internal SSD - SATA III 6 Gb/s,electronics,109,2.9000000953674316,direct,3,Proposer livraison gratuite,awesome product
f981f6d6,129,view,Silicon Power 256GB SSD 3D NAND A55 SLC Cache Performance Boost SATA III 2.5,electronics,109,4.800000190734863,direct,1,Continuer navigation,poor quality
9b57ed62,168,abandon,WD 4TB Gaming Drive Works with Playstation 4 Portable External Hard Drive,electronics,114,4.800000190734863,reseaux_sociaux,-1,Envoyer coupon -20%,disappointing product
c73e17ea,144,abandon,Acer SB220Q bi 21.5 inches Full HD (1920 x 1080) IPS Ultra-Thin,electronics,599,2.9000000953674316,google,-1,Envoyer coupon -20%,excellent quality
1a4ef205,24,purchase,Samsung 49-Inch CHG90 144Hz Curved Gaming Monitor (LC49HG90DMNXZA) – Super Ultrawide Screen QLED ,electronics,999.989990234375,2.200000047683716,email,5,Suggerer produits similaires,not as described
ad1e16bb,144,abandon,BIYLACLESEN Women's 3-in-1 Snowboard Jacket Winter Coats,women's clothing,56.9900016784668,2.5999999046325684,email,-1,Envoyer coupon -20%,awesome product
4f49415b,115,abandon,Lock and Love Women's Removable Hooded Faux Leather Moto Biker Jacket,women's clothing,29.950000762939453,2.9000000953674316,email,-1,Envoyer coupon -20%,very happy with my purchase
a35df9c7,126,search,Rain Jacket Women Windbreaker Striped Climbing Raincoats,women's clothing,39.9900016784668,3.799999952316284,email,1,Continuer navigation,awesome product
3dc153a3,75,abandon,MBJ Women's Solid Short Sleeve Boat Neck V ,women's clothing,9.850000381469727,4.699999809265137,email,-1,Envoyer coupon -20%,very unhappy with my purchase
25d5d726,28,purchase,Opna Women's Short Sleeve Moisture,women's clothing,7.949999809265137,4.5,direct,5,Suggerer produits similaires,very dissatisfied
3072afc7,190,purchase,DANVOUY Womens T Shirt Casual Cotton Short,women's clothing,12.989999771118164,3.5999999046325684,direct,5,Suggerer produits similaires,waste of money
6071ac2c,88,purchase,"Fjallraven - Foldsack No. 1 Backpack, Fits 15 Laptops",men's clothing,109.94999694824219,3.9000000953674316,google,5,Suggerer produits similaires,very disappointed
825b6f3f,109,search,Mens Casual Premium Slim Fit T-Shirts ,men's clothing,22.299999237060547,4.099999904632568,google,1,Continuer navigation,great product
48dd6ec3,30,add_to_cart,Mens Cotton Jacket,men's clothing,55.9900016784668,4.699999809265137,reseaux_sociaux,3,Proposer livraison gratuite,excellent quality
9c446c3c,167,search,Mens Casual Slim Fit,men's clothing,15.989999771118164,2.0999999046325684,email,1,Continuer navigation,would buy again
37ee6c72,137,purchase,John Hardy Women's Legends Naga Gold & Silver Dragon Station Chain Bracelet,jewelery,695,4.599999904632568,direct,5,Suggerer produits similaires,waste of money
7229af59,100,search,Solid Gold Petite Micropave ,jewelery,168,3.9000000953674316,reseaux_sociaux,1,Continuer navigation,poor quality
d94f23ac,122,view,White Gold Plated Princess,jewelery,9.989999771118164,3,email,1,Continuer navigation,poor quality
2b8b9c96,153,add_to_cart,Pierced Owl Rose Gold Plated Stainless Steel Double,jewelery,10.989999771118164,1.899999976158142,reseaux_sociaux,3,Proposer livraison gratuite,great product
c0f23ef6,157,abandon,WD 2TB Elements Portable External Hard Drive - USB 3.0 ,electronics,64,3.299999952316284,email,-1,Envoyer coupon -20%,great value for money
3ed47201,49,purchase,SanDisk SSD PLUS 1TB Internal SSD - SATA III 6 Gb/s,electronics,109,2.9000000953674316,google,5,Suggerer produits similaires,great product
b4ba5b98,83,view,Silicon Power 256GB SSD 3D NAND A55 SLC Cache Performance Boost SATA III 2.5,electronics,109,4.800000190734863,reseaux_sociaux,1,Continuer navigation,would not recommend
02454210,27,search,WD 4TB Gaming Drive Works with Playstation 4 Portable External Hard Drive,electronics,114,4.800000190734863,direct,1,Continuer navigation,very dissatisfied
640337ad,139,view,Acer SB220Q bi 21.5 inches Full HD (1920 x 1080) IPS Ultra-Thin,electronics,599,2.9000000953674316,reseaux_sociaux,1,Continuer navigation,would not recommend
eb9c3f44,40,search,Samsung 49-Inch CHG90 144Hz Curved Gaming Monitor (LC49HG90DMNXZA) – Super Ultrawide Screen QLED ,electronics,999.989990234375,2.200000047683716,email,1,Continuer navigation,great product
3d0d3330,58,purchase,BIYLACLESEN Women's 3-in-1 Snowboard Jacket Winter Coats,women's clothing,56.9900016784668,2.5999999046325684,direct,5,Suggerer produits similaires,fast shipping
7fd9ba6e,174,purchase,Lock and Love Women's Removable Hooded Faux Leather Moto Biker Jacket,women's clothing,29.950000762939453,2.9000000953674316,google,5,Suggerer produits similaires,great product
be403c82,151,abandon,Rain Jacket Women Windbreaker Striped Climbing Raincoats,women's clothing,39.9900016784668,3.799999952316284,email,-1,Envoyer coupon -20%,very disappointed
215b1a44,60,abandon,MBJ Women's Solid Short Sleeve Boat Neck V ,women's clothing,9.850000381469727,4.699999809265137,direct,-1,Envoyer coupon -20%,fast shipping
5819c6eb,124,abandon,Opna Women's Short Sleeve Moisture,women's clothing,7.949999809265137,4.5,reseaux_sociaux,-1,Envoyer coupon -20%,awesome product
8a3a9f94,34,purchase,DANVOUY Womens T Shirt Casual Cotton Short,women's clothing,12.989999771118164,3.5999999046325684,email,5,Suggerer produits similaires,very disappointed
9cab7bcc,14,search,"Fjallraven - Foldsack No. 1 Backpack, Fits 15 Laptops",men's clothing,109.94999694824219,3.9000000953674316,direct,1,Continuer navigation,awesome product
52f0c0d7,17,add_to_cart,Mens Casual Premium Slim Fit T-Shirts ,men's clothing,22.299999237060547,4.099999904632568,direct,3,Proposer livraison gratuite,fast shipping
cef8e852,148,abandon,Mens Cotton Jacket,men's clothing,55.9900016784668,4.699999809265137,reseaux_sociaux,-1,Envoyer coupon -20%,great product
aad50a46,189,view,Mens Casual Slim Fit,men's clothing,15.989999771118164,2.0999999046325684,email,1,Continuer navigation,great value for money
1018ec8b,36,view,John Hardy Women's Legends Naga Gold & Silver Dragon Station Chain Bracelet,jewelery,695,4.599999904632568,pub,1,Continuer navigation,fast shipping
9ec3f419,109,view,Solid Gold Petite Micropave ,jewelery,168,3.9000000953674316,reseaux_sociaux,1,Continuer navigation,poor quality
6698fdb4,41,purchase,White Gold Plated Princess,jewelery,9.989999771118164,3,direct,5,Suggerer produits similaires,excellent quality
1eb71de8,185,view,Pierced Owl Rose Gold Plated Stainless Steel Double,jewelery,10.989999771118164,1.899999976158142,direct,1,Continuer navigation,waste of money
4b10ccc6,186,abandon,WD 2TB Elements Portable External Hard Drive - USB 3.0 ,electronics,64,3.299999952316284,email,-1,Envoyer coupon -20%,highly recommended
619d773f,118,purchase,SanDisk SSD PLUS 1TB Internal SSD - SATA III 6 Gb/s,electronics,109,2.9000000953674316,pub,5,Suggerer produits similaires,would buy again
0d8eaf33,106,purchase,Silicon Power 256GB SSD 3D NAND A55 SLC Cache Performance Boost SATA III 2.5,electronics,109,4.800000190734863,reseaux_sociaux,5,Suggerer produits similaires,would buy again
f9bce4ee,173,search,WD 4TB Gaming Drive Works with Playstation 4 Portable External Hard Drive,electronics,114,4.800000190734863,pub,1,Continuer navigation,highly impressed
b447b5fb,178,search,Acer SB220Q bi 21.5 inches Full HD (1920 x 1080) IPS Ultra-Thin,electronics,599,2.9000000953674316,pub,1,Continuer navigation,great product
06fd27ea,36,search,Samsung 49-Inch CHG90 144Hz Curved Gaming Monitor (LC49HG90DMNXZA) – Super Ultrawide Screen QLED ,electronics,999.989990234375,2.200000047683716,direct,1,Continuer navigation,awesome product
aff14e65,160,purchase,BIYLACLESEN Women's 3-in-1 Snowboard Jacket Winter Coats,women's clothing,56.9900016784668,2.5999999046325684,reseaux_sociaux,5,Suggerer produits similaires,highly recommended
7d63c3d0,42,abandon,Lock and Love Women's Removable Hooded Faux Leather Moto Biker Jacket,women's clothing,29.950000762939453,2.9000000953674316,google,-1,Envoyer coupon -20%,highly recommended
09fcd147,130,add_to_cart,Rain Jacket Women Windbreaker Striped Climbing Raincoats,women's clothing,39.9900016784668,3.799999952316284,direct,3,Proposer livraison gratuite,great value for money
2c65f2bd,98,purchase,MBJ Women's Solid Short Sleeve Boat Neck V ,women's clothing,9.850000381469727,4.699999809265137,reseaux_sociaux,5,Suggerer produits similaires,excellent quality
34be4dda,154,search,Opna Women's Short Sleeve Moisture,women's clothing,7.949999809265137,4.5,pub,1,Continuer navigation,very satisfied
aae199d6,48,abandon,DANVOUY Womens T Shirt Casual Cotton Short,women's clothing,12.989999771118164,3.5999999046325684,pub,-1,Envoyer coupon -20%,very disappointed
246f601f,22,view,"Fjallraven - Foldsack No. 1 Backpack, Fits 15 Laptops",men's clothing,109.94999694824219,3.9000000953674316,google,1,Continuer navigation,awesome product
439869b8,12,purchase,Mens Casual Premium Slim Fit T-Shirts ,men's clothing,22.299999237060547,4.099999904632568,direct,5,Suggerer produits similaires,very happy with my purchase
68e32daa,103,abandon,Mens Cotton Jacket,men's clothing,55.9900016784668,4.699999809265137,direct,-1,Envoyer coupon -20%,highly recommended
6d87af7b,64,view,Mens Casual Slim Fit,men's clothing,15.989999771118164,2.0999999046325684,pub,1,Continuer navigation,very happy with my purchase
58c99753,129,search,John Hardy Women's Legends Naga Gold & Silver Dragon Station Chain Bracelet,jewelery,695,4.599999904632568,pub,1,Continuer navigation,very disappointed
e3d29be5,26,search,Solid Gold Petite Micropave ,jewelery,168,3.9000000953674316,pub,1,Continuer navigation,excellent quality
8a052490,41,abandon,White Gold Plated Princess,jewelery,9.989999771118164,3,google,-1,Envoyer coupon -20%,very dissatisfied
34040b58,150,add_to_cart,Pierced Owl Rose Gold Plated Stainless Steel Double,jewelery,10.989999771118164,1.899999976158142,reseaux_sociaux,3,Proposer livraison gratuite,great product
396f4f37,65,search,WD 2TB Elements Portable External Hard Drive - USB 3.0 ,electronics,64,3.299999952316284,google,1,Continuer navigation,would buy again
123438c8,150,abandon,SanDisk SSD PLUS 1TB Internal SSD - SATA III 6 Gb/s,electronics,109,2.9000000953674316,direct,-1,Envoyer coupon -20%,highly recommended
1db4f532,65,add_to_cart,Silicon Power 256GB SSD 3D NAND A55 SLC Cache Performance Boost SATA III 2.5,electronics,109,4.800000190734863,google,3,Proposer livraison gratuite,very happy with my purchase
a8107726,63,abandon,WD 4TB Gaming Drive Works with Playstation 4 Portable External Hard Drive,electronics,114,4.800000190734863,reseaux_sociaux,-1,Envoyer coupon -20%,would not buy again
a657fa6d,58,view,Acer SB220Q bi 21.5 inches Full HD (1920 x 1080) IPS Ultra-Thin,electronics,599,2.9000000953674316,reseaux_sociaux,1,Continuer navigation,would not recommend
f840823d,23,search,Samsung 49-Inch CHG90 144Hz Curved Gaming Monitor (LC49HG90DMNXZA) – Super Ultrawide Screen QLED ,electronics,999.989990234375,2.200000047683716,google,1,Continuer navigation,waste of money
ffd821fc,200,search,BIYLACLESEN Women's 3-in-1 Snowboard Jacket Winter Coats,women's clothing,56.9900016784668,2.5999999046325684,google,1,Continuer navigation,awesome product
89f19e9d,48,purchase,Lock and Love Women's Removable Hooded Faux Leather Moto Biker Jacket,women's clothing,29.950000762939453,2.9000000953674316,email,5,Suggerer produits similaires,fast shipping
1ef4882f,19,add_to_cart,Rain Jacket Women Windbreaker Striped Climbing Raincoats,women's clothing,39.9900016784668,3.799999952316284,direct,3,Proposer livraison gratuite,very disappointed
108cce85,68,abandon,MBJ Women's Solid Short Sleeve Boat Neck V ,women's clothing,9.850000381469727,4.699999809265137,direct,-1,Envoyer coupon -20%,great value for money
c1f9b8d3,124,abandon,Opna Women's Short Sleeve Moisture,women's clothing,7.949999809265137,4.5,direct,-1,Envoyer coupon -20%,highly recommended
7443a463,199,purchase,DANVOUY Womens T Shirt Casual Cotton Short,women's clothing,12.989999771118164,3.5999999046325684,email,5,Suggerer produits similaires,highly recommended
7e8a9ec0,113,add_to_cart,"Fjallraven - Foldsack No. 1 Backpack, Fits 15 Laptops",men's clothing,109.94999694824219,3.9000000953674316,pub,3,Proposer livraison gratuite,not worth the price
9ff21430,77,search,Mens Casual Premium Slim Fit T-Shirts ,men's clothing,22.299999237060547,4.099999904632568,google,1,Continuer navigation,awesome product
8b66379c,143,add_to_cart,Mens Cotton Jacket,men's clothing,55.9900016784668,4.699999809265137,email,3,Proposer livraison gratuite,highly recommended
dc219c12,187,add_to_cart,Mens Casual Slim Fit,men's clothing,15.989999771118164,2.0999999046325684,reseaux_sociaux,3,Proposer livraison gratuite,great product
c7d1e801,192,purchase,John Hardy Women's Legends Naga Gold & Silver Dragon Station Chain Bracelet,jewelery,695,4.599999904632568,email,5,Suggerer produits similaires,fast shipping
930b437b,197,purchase,Solid Gold Petite Micropave ,jewelery,168,3.9000000953674316,email,5,Suggerer produits similaires,excellent quality
49c2ffbe,66,view,White Gold Plated Princess,jewelery,9.989999771118164,3,pub,1,Continuer navigation,fast shipping
41dc76bf,66,search,Pierced Owl Rose Gold Plated Stainless Steel Double,jewelery,10.989999771118164,1.899999976158142,reseaux_sociaux,1,Continuer navigation,very pleased
23a73961,148,add_to_cart,WD 2TB Elements Portable External Hard Drive - USB 3.0 ,electronics,64,3.299999952316284,reseaux_sociaux,3,Proposer livraison gratuite,would buy again
7c1e3fc8,39,add_to_cart,SanDisk SSD PLUS 1TB Internal SSD - SATA III 6 Gb/s,electronics,109,2.9000000953674316,reseaux_sociaux,3,Proposer livraison gratuite,highly impressed
17614f71,154,view,Silicon Power 256GB SSD 3D NAND A55 SLC Cache Performance Boost SATA III 2.5,electronics,109,4.800000190734863,direct,1,Continuer navigation,would not buy again
e583c216,43,view,WD 4TB Gaming Drive Works with Playstation 4 Portable External Hard Drive,electronics,114,4.800000190734863,google,1,Continuer navigation,waste of money
1f9f2186,110,abandon,Acer SB220Q bi 21.5 inches Full HD (1920 x 1080) IPS Ultra-Thin,electronics,599,2.9000000953674316,google,-1,Envoyer coupon -20%,very happy with my purchase
b1ca7d5d,79,view,Samsung 49-Inch CHG90 144Hz Curved Gaming Monitor (LC49HG90DMNXZA) – Super Ultrawide Screen QLED ,electronics,999.989990234375,2.200000047683716,google,1,Continuer navigation,excellent quality
9589c51c,149,add_to_cart,BIYLACLESEN Women's 3-in-1 Snowboard Jacket Winter Coats,women's clothing,56.9900016784668,2.5999999046325684,reseaux_sociaux,3,Proposer livraison gratuite,highly recommended
91e8fb4c,64,search,Lock and Love Women's Removable Hooded Faux Leather Moto Biker Jacket,women's clothing,29.950000762939453,2.9000000953674316,direct,1,Continuer navigation,great product
149e0b93,53,purchase,Rain Jacket Women Windbreaker Striped Climbing Raincoats,women's clothing,39.9900016784668,3.799999952316284,direct,5,Suggerer produits similaires,great product
d2f1ee06,136,abandon,MBJ Women's Solid Short Sleeve Boat Neck V ,women's clothing,9.850000381469727,4.699999809265137,pub,-1,Envoyer coupon -20%,would buy again
57b1ccac,67,add_to_cart,Opna Women's Short Sleeve Moisture,women's clothing,7.949999809265137,4.5,google,3,Proposer livraison gratuite,highly impressed
ff96c8ad,86,add_to_cart,DANVOUY Womens T Shirt Casual Cotton Short,women's clothing,12.989999771118164,3.5999999046325684,google,3,Proposer livraison gratuite,would not recommend
a3943c0d,6,purchase,"Fjallraven - Foldsack No. 1 Backpack, Fits 15 Laptops",men's clothing,109.94999694824219,3.9000000953674316,google,5,Suggerer produits similaires,not as described
563f7096,88,abandon,Mens Casual Premium Slim Fit T-Shirts ,men's clothing,22.299999237060547,4.099999904632568,email,-1,Envoyer coupon -20%,would not buy again
1383fbdb,81,view,Mens Cotton Jacket,men's clothing,55.9900016784668,4.699999809265137,pub,1,Continuer navigation,great product
8bf79bcb,76,add_to_cart,Mens Casual Slim Fit,men's clothing,15.989999771118164,2.0999999046325684,reseaux_sociaux,3,Proposer livraison gratuite,highly recommended
5788fa4e,161,purchase,John Hardy Women's Legends Naga Gold & Silver Dragon Station Chain Bracelet,jewelery,695,4.599999904632568,pub,5,Suggerer produits similaires,highly impressed
e9d20380,33,add_to_cart,Solid Gold Petite Micropave ,jewelery,168,3.9000000953674316,email,3,Proposer livraison gratuite,not worth the price
d3334f9a,72,purchase,White Gold Plated Princess,jewelery,9.989999771118164,3,reseaux_sociaux,5,Suggerer produits similaires,excellent quality
04124936,187,add_to_cart,Pierced Owl Rose Gold Plated Stainless Steel Double,jewelery,10.989999771118164,1.899999976158142,direct,3,Proposer livraison gratuite,poor quality
0969be23,179,purchase,WD 2TB Elements Portable External Hard Drive - USB 3.0 ,electronics,64,3.299999952316284,reseaux_sociaux,5,Suggerer produits similaires,very disappointed
2d0f4982,57,abandon,SanDisk SSD PLUS 1TB Internal SSD - SATA III 6 Gb/s,electronics,109,2.9000000953674316,reseaux_sociaux,-1,Envoyer coupon -20%,great value for money
bfc4dc84,63,view,Silicon Power 256GB SSD 3D NAND A55 SLC Cache Performance Boost SATA III 2.5,electronics,109,4.800000190734863,reseaux_sociaux,1,Continuer navigation,excellent quality
24a94a44,55,add_to_cart,WD 4TB Gaming Drive Works with Playstation 4 Portable External Hard Drive,electronics,114,4.800000190734863,pub,3,Proposer livraison gratuite,great product
24fbd80d,170,abandon,Acer SB220Q bi 21.5 inches Full HD (1920 x 1080) IPS Ultra-Thin,electronics,599,2.9000000953674316,email,-1,Envoyer coupon -20%,very dissatisfied
74473f32,195,add_to_cart,Samsung 49-Inch CHG90 144Hz Curved Gaming Monitor (LC49HG90DMNXZA) – Super Ultrawide Screen QLED ,electronics,999.989990234375,2.200000047683716,pub,3,Proposer livraison gratuite,would not buy again
81a08e19,62,abandon,BIYLACLESEN Women's 3-in-1 Snowboard Jacket Winter Coats,women's clothing,56.9900016784668,2.5999999046325684,reseaux_sociaux,-1,Envoyer coupon -20%,great product
41e79f8a,161,add_to_cart,Lock and Love Women's Removable Hooded Faux Leather Moto Biker Jacket,women's clothing,29.950000762939453,2.9000000953674316,email,3,Proposer livraison gratuite,poor quality
bf80109a,38,add_to_cart,Rain Jacket Women Windbreaker Striped Climbing Raincoats,women's clothing,39.9900016784668,3.799999952316284,google,3,Proposer livraison gratuite,would not recommend
21254592,14,purchase,MBJ Women's Solid Short Sleeve Boat Neck V ,women's clothing,9.850000381469727,4.699999809265137,google,5,Suggerer produits similaires,very unhappy with my purchase
02982c4e,199,search,Opna Women's Short Sleeve Moisture,women's clothing,7.949999809265137,4.5,direct,1,Continuer navigation,great value for money
e71782c0,151,search,DANVOUY Womens T Shirt Casual Cotton Short,women's clothing,12.989999771118164,3.5999999046325684,email,1,Continuer navigation,poor quality
0dacf826,83,view,"Fjallraven - Foldsack No. 1 Backpack, Fits 15 Laptops",men's clothing,109.94999694824219,3.9000000953674316,email,1,Continuer navigation,very unhappy with my purchase
f4ac1d8c,58,search,Mens Casual Premium Slim Fit T-Shirts ,men's clothing,22.299999237060547,4.099999904632568,email,1,Continuer navigation,highly recommended
5f7eaa20,110,search,Mens Cotton Jacket,men's clothing,55.9900016784668,4.699999809265137,email,1,Continuer navigation,awesome product
4e250f19,154,add_to_cart,Mens Casual Slim Fit,men's clothing,15.989999771118164,2.0999999046325684,google,3,Proposer livraison gratuite,would buy again
f7b4d4b2,123,abandon,John Hardy Women's Legends Naga Gold & Silver Dragon Station Chain Bracelet,jewelery,695,4.599999904632568,email,-1,Envoyer coupon -20%,great value for money
7b1b9b4f,56,view,Solid Gold Petite Micropave ,jewelery,168,3.9000000953674316,pub,1,Continuer navigation,would buy again
8ffe9310,85,abandon,White Gold Plated Princess,jewelery,9.989999771118164,3,email,-1,Envoyer coupon -20%,very satisfied
37e494ef,149,view,Pierced Owl Rose Gold Plated Stainless Steel Double,jewelery,10.989999771118164,1.899999976158142,reseaux_sociaux,1,Continuer navigation,great value for money
942232d4,160,view,WD 2TB Elements Portable External Hard Drive - USB 3.0 ,electronics,64,3.299999952316284,email,1,Continuer navigation,fast shipping
83bcb39b,61,search,SanDisk SSD PLUS 1TB Internal SSD - SATA III 6 Gb/s,electronics,109,2.9000000953674316,google,1,Continuer navigation,great product
1f62a5fc,190,purchase,Silicon Power 256GB SSD 3D NAND A55 SLC Cache Performance Boost SATA III 2.5,electronics,109,4.800000190734863,google,5,Suggerer produits similaires,very pleased
571dd46b,41,search,WD 4TB Gaming Drive Works with Playstation 4 Portable External Hard Drive,electronics,114,4.800000190734863,email,1,Continuer navigation,poor quality
ffc1ae04,191,view,Acer SB220Q bi 21.5 inches Full HD (1920 x 1080) IPS Ultra-Thin,electronics,599,2.9000000953674316,reseaux_sociaux,1,Continuer navigation,poor quality
ff52fec8,147,search,Samsung 49-Inch CHG90 144Hz Curved Gaming Monitor (LC49HG90DMNXZA) – Super Ultrawide Screen QLED ,electronics,999.989990234375,2.200000047683716,direct,1,Continuer navigation,great product
e31d8bc4,11,abandon,BIYLACLESEN Women's 3-in-1 Snowboard Jacket Winter Coats,women's clothing,56.9900016784668,2.5999999046325684,direct,-1,Envoyer coupon -20%,great value for money
f0c85141,200,add_to_cart,Lock and Love Women's Removable Hooded Faux Leather Moto Biker Jacket,women's clothing,29.950000762939453,2.9000000953674316,email,3,Proposer livraison gratuite,great product
386d9700,10,search,Rain Jacket Women Windbreaker Striped Climbing Raincoats,women's clothing,39.9900016784668,3.799999952316284,email,1,Continuer navigation,highly recommended
5ce6b767,68,view,MBJ Women's Solid Short Sleeve Boat Neck V ,women's clothing,9.850000381469727,4.699999809265137,email,1,Continuer navigation,very unhappy with my purchase
364b5bee,86,abandon,Opna Women's Short Sleeve Moisture,women's clothing,7.949999809265137,4.5,google,-1,Envoyer coupon -20%,highly impressed
8ba1a58a,161,search,DANVOUY Womens T Shirt Casual Cotton Short,women's clothing,12.989999771118164,3.5999999046325684,reseaux_sociaux,1,Continuer navigation,very happy with my purchase
8eb0b94a,186,view,"Fjallraven - Foldsack No. 1 Backpack, Fits 15 Laptops",men's clothing,109.94999694824219,3.9000000953674316,direct,1,Continuer navigation,great product
d66c6c14,18,view,Mens Casual Premium Slim Fit T-Shirts ,men's clothing,22.299999237060547,4.099999904632568,email,1,Continuer navigation,would not recommend
f86c3f09,151,view,Mens Cotton Jacket,men's clothing,55.9900016784668,4.699999809265137,pub,1,Continuer navigation,very dissatisfied
400aa7c3,153,search,Mens Casual Slim Fit,men's clothing,15.989999771118164,2.0999999046325684,email,1,Continuer navigation,very unhappy with my purchase
b871b5f0,88,add_to_cart,John Hardy Women's Legends Naga Gold & Silver Dragon Station Chain Bracelet,jewelery,695,4.599999904632568,email,3,Proposer livraison gratuite,very disappointed
dfb4f8ce,100,view,Solid Gold Petite Micropave ,jewelery,168,3.9000000953674316,pub,1,Continuer navigation,poor quality
9cb14984,46,purchase,White Gold Plated Princess,jewelery,9.989999771118164,3,direct,5,Suggerer produits similaires,great value for money
79942aed,98,add_to_cart,Pierced Owl Rose Gold Plated Stainless Steel Double,jewelery,10.989999771118164,1.899999976158142,email,3,Proposer livraison gratuite,highly impressed
73617100,22,add_to_cart,WD 2TB Elements Portable External Hard Drive - USB 3.0 ,electronics,64,3.299999952316284,pub,3,Proposer livraison gratuite,very disappointed
0f3a103f,136,view,SanDisk SSD PLUS 1TB Internal SSD - SATA III 6 Gb/s,electronics,109,2.9000000953674316,reseaux_sociaux,1,Continuer navigation,poor quality
a55a7b6f,197,add_to_cart,Silicon Power 256GB SSD 3D NAND A55 SLC Cache Performance Boost SATA III 2.5,electronics,109,4.800000190734863,direct,3,Proposer livraison gratuite,poor quality
c3e4c116,133,abandon,WD 4TB Gaming Drive Works with Playstation 4 Portable External Hard Drive,electronics,114,4.800000190734863,email,-1,Envoyer coupon -20%,very unhappy with my purchase
914c9240,44,purchase,Acer SB220Q bi 21.5 inches Full HD (1920 x 1080) IPS Ultra-Thin,electronics,599,2.9000000953674316,pub,5,Suggerer produits similaires,great product
43aa0218,90,add_to_cart,Samsung 49-Inch CHG90 144Hz Curved Gaming Monitor (LC49HG90DMNXZA) – Super Ultrawide Screen QLED ,electronics,999.989990234375,2.200000047683716,pub,3,Proposer livraison gratuite,very happy with my purchase
06592ebd,169,purchase,BIYLACLESEN Women's 3-in-1 Snowboard Jacket Winter Coats,women's clothing,56.9900016784668,2.5999999046325684,pub,5,Suggerer produits similaires,great value for money
81eba441,22,add_to_cart,Lock and Love Women's Removable Hooded Faux Leather Moto Biker Jacket,women's clothing,29.950000762939453,2.9000000953674316,direct,3,Proposer livraison gratuite,great product
60df6ee3,41,add_to_cart,Rain Jacket Women Windbreaker Striped Climbing Raincoats,women's clothing,39.9900016784668,3.799999952316284,reseaux_sociaux,3,Proposer livraison gratuite,excellent quality
816fafbe,82,abandon,MBJ Women's Solid Short Sleeve Boat Neck V ,women's clothing,9.850000381469727,4.699999809265137,google,-1,Envoyer coupon -20%,waste of money
74fafa33,160,search,Opna Women's Short Sleeve Moisture,women's clothing,7.949999809265137,4.5,pub,1,Continuer navigation,highly recommended
d8e8d639,13,view,DANVOUY Womens T Shirt Casual Cotton Short,women's clothing,12.989999771118164,3.5999999046325684,google,1,Continuer navigation,very disappointed
f1d60933,196,add_to_cart,"Fjallraven - Foldsack No. 1 Backpack, Fits 15 Laptops",men's clothing,109.94999694824219,3.9000000953674316,email,3,Proposer livraison gratuite,very unhappy with my purchase
901088a9,16,search,Mens Casual Premium Slim Fit T-Shirts ,men's clothing,22.299999237060547,4.099999904632568,direct,1,Continuer navigation,would not buy again
dbbf40a0,121,abandon,Mens Cotton Jacket,men's clothing,55.9900016784668,4.699999809265137,direct,-1,Envoyer coupon -20%,very dissatisfied
57bfa8c6,170,add_to_cart,Mens Casual Slim Fit,men's clothing,15.989999771118164,2.0999999046325684,reseaux_sociaux,3,Proposer livraison gratuite,would not recommend
17d0f34b,181,view,John Hardy Women's Legends Naga Gold & Silver Dragon Station Chain Bracelet,jewelery,695,4.599999904632568,google,1,Continuer navigation,highly impressed
c335bc6d,16,add_to_cart,Solid Gold Petite Micropave ,jewelery,168,3.9000000953674316,google,3,Proposer livraison gratuite,fast shipping
c59083da,186,search,White Gold Plated Princess,jewelery,9.989999771118164,3,direct,1,Continuer navigation,highly impressed
768e9407,163,add_to_cart,Pierced Owl Rose Gold Plated Stainless Steel Double,jewelery,10.989999771118164,1.899999976158142,google,3,Proposer livraison gratuite,very happy with my purchase
8793b22a,110,add_to_cart,WD 2TB Elements Portable External Hard Drive - USB 3.0 ,electronics,64,3.299999952316284,google,3,Proposer livraison gratuite,highly impressed
b0b2ac79,157,abandon,SanDisk SSD PLUS 1TB Internal SSD - SATA III 6 Gb/s,electronics,109,2.9000000953674316,pub,-1,Envoyer coupon -20%,would not recommend
a96715b9,106,view,Silicon Power 256GB SSD 3D NAND A55 SLC Cache Performance Boost SATA III 2.5,electronics,109,4.800000190734863,pub,1,Continuer navigation,very dissatisfied
65b1de21,4,search,WD 4TB Gaming Drive Works with Playstation 4 Portable External Hard Drive,electronics,114,4.800000190734863,pub,1,Continuer navigation,great product
386034b2,89,abandon,Acer SB220Q bi 21.5 inches Full HD (1920 x 1080) IPS Ultra-Thin,electronics,599,2.9000000953674316,reseaux_sociaux,-1,Envoyer coupon -20%,great product
7b9b2080,90,view,Samsung 49-Inch CHG90 144Hz Curved Gaming Monitor (LC49HG90DMNXZA) – Super Ultrawide Screen QLED ,electronics,999.989990234375,2.200000047683716,reseaux_sociaux,1,Continuer navigation,waste of money
9b621edc,198,purchase,BIYLACLESEN Women's 3-in-1 Snowboard Jacket Winter Coats,women's clothing,56.9900016784668,2.5999999046325684,reseaux_sociaux,5,Suggerer produits similaires,not as described
74db7da3,178,purchase,Lock and Love Women's Removable Hooded Faux Leather Moto Biker Jacket,women's clothing,29.950000762939453,2.9000000953674316,pub,5,Suggerer produits similaires,would not buy again
3c9b5f0f,174,abandon,Rain Jacket Women Windbreaker Striped Climbing Raincoats,women's clothing,39.9900016784668,3.799999952316284,email,-1,Envoyer coupon -20%,very disappointed
5b501ae0,47,abandon,MBJ Women's Solid Short Sleeve Boat Neck V ,women's clothing,9.850000381469727,4.699999809265137,reseaux_sociaux,-1,Envoyer coupon -20%,great value for money
3c320a93,50,view,Opna Women's Short Sleeve Moisture,women's clothing,7.949999809265137,4.5,email,1,Continuer navigation,very dissatisfied
248727a9,21,view,DANVOUY Womens T Shirt Casual Cotton Short,women's clothing,12.989999771118164,3.5999999046325684,direct,1,Continuer navigation,poor quality
b3366bf2,67,abandon,"Fjallraven - Foldsack No. 1 Backpack, Fits 15 Laptops",men's clothing,109.94999694824219,3.9000000953674316,google,-1,Envoyer coupon -20%,fast shipping
39cd3b50,155,purchase,Mens Casual Premium Slim Fit T-Shirts ,men's clothing,22.299999237060547,4.099999904632568,pub,5,Suggerer produits similaires,would buy again
093c8346,58,purchase,Mens Cotton Jacket,men's clothing,55.9900016784668,4.699999809265137,email,5,Suggerer produits similaires,very pleased
db19ccd7,184,abandon,Mens Casual Slim Fit,men's clothing,15.989999771118164,2.0999999046325684,google,-1,Envoyer coupon -20%,poor quality
0a1ecbb5,192,add_to_cart,John Hardy Women's Legends Naga Gold & Silver Dragon Station Chain Bracelet,jewelery,695,4.599999904632568,reseaux_sociaux,3,Proposer livraison gratuite,highly impressed
28834684,157,add_to_cart,Solid Gold Petite Micropave ,jewelery,168,3.9000000953674316,direct,3,Proposer livraison gratuite,very disappointed
d7a2403e,161,abandon,White Gold Plated Princess,jewelery,9.989999771118164,3,direct,-1,Envoyer coupon -20%,would buy again
56e3a620,57,purchase,Pierced Owl Rose Gold Plated Stainless Steel Double,jewelery,10.989999771118164,1.899999976158142,google,5,Suggerer produits similaires,excellent quality
519b9f76,183,view,WD 2TB Elements Portable External Hard Drive - USB 3.0 ,electronics,64,3.299999952316284,google,1,Continuer navigation,poor quality
f49c6a54,128,view,SanDisk SSD PLUS 1TB Internal SSD - SATA III 6 Gb/s,electronics,109,2.9000000953674316,pub,1,Continuer navigation,not as described
b53656da,187,search,Silicon Power 256GB SSD 3D NAND A55 SLC Cache Performance Boost SATA III 2.5,electronics,109,4.800000190734863,reseaux_sociaux,1,Continuer navigation,highly recommended
76f3d78f,130,view,WD 4TB Gaming Drive Works with Playstation 4 Portable External Hard Drive,electronics,114,4.800000190734863,google,1,Continuer navigation,would not recommend
469da2a3,96,purchase,Acer SB220Q bi 21.5 inches Full HD (1920 x 1080) IPS Ultra-Thin,electronics,599,2.9000000953674316,google,5,Suggerer produits similaires,fast shipping
a26717e5,9,view,Samsung 49-Inch CHG90 144Hz Curved Gaming Monitor (LC49HG90DMNXZA) – Super Ultrawide Screen QLED ,electronics,999.989990234375,2.200000047683716,pub,1,Continuer navigation,would buy again
00aeedd3,65,search,BIYLACLESEN Women's 3-in-1 Snowboard Jacket Winter Coats,women's clothing,56.9900016784668,2.5999999046325684,google,1,Continuer navigation,excellent quality
3b7cd3b9,8,add_to_cart,Lock and Love Women's Removable Hooded Faux Leather Moto Biker Jacket,women's clothing,29.950000762939453,2.9000000953674316,google,3,Proposer livraison gratuite,very happy with my purchase
64f26fcc,111,add_to_cart,Rain Jacket Women Windbreaker Striped Climbing Raincoats,women's clothing,39.9900016784668,3.799999952316284,email,3,Proposer livraison gratuite,would not buy again
153c28d9,158,view,MBJ Women's Solid Short Sleeve Boat Neck V ,women's clothing,9.850000381469727,4.699999809265137,google,1,Continuer navigation,great product
ab1a6569,73,abandon,Opna Women's Short Sleeve Moisture,women's clothing,7.949999809265137,4.5,direct,-1,Envoyer coupon -20%,highly impressed
c77c46a8,56,purchase,DANVOUY Womens T Shirt Casual Cotton Short,women's clothing,12.989999771118164,3.5999999046325684,direct,5,Suggerer produits similaires,would not recommend
62e11259,80,view,"Fjallraven - Foldsack No. 1 Backpack, Fits 15 Laptops",men's clothing,109.94999694824219,3.9000000953674316,pub,1,Continuer navigation,highly recommended
2dbd1e04,158,abandon,Mens Casual Premium Slim Fit T-Shirts ,men's clothing,22.299999237060547,4.099999904632568,reseaux_sociaux,-1,Envoyer coupon -20%,would not buy again
40e6c454,189,abandon,Mens Cotton Jacket,men's clothing,55.9900016784668,4.699999809265137,pub,-1,Envoyer coupon -20%,highly recommended
c69dd33c,14,abandon,Mens Casual Slim Fit,men's clothing,15.989999771118164,2.0999999046325684,email,-1,Envoyer coupon -20%,excellent quality
37dbeb6e,21,search,John Hardy Women's Legends Naga Gold & Silver Dragon Station Chain Bracelet,jewelery,695,4.599999904632568,reseaux_sociaux,1,Continuer navigation,waste of money
5c8edd58,119,add_to_cart,Solid Gold Petite Micropave ,jewelery,168,3.9000000953674316,google,3,Proposer livraison gratuite,would buy again
d703305d,89,abandon,White Gold Plated Princess,jewelery,9.989999771118164,3,google,-1,Envoyer coupon -20%,highly impressed
8e8041ce,183,abandon,Pierced Owl Rose Gold Plated Stainless Steel Double,jewelery,10.989999771118164,1.899999976158142,reseaux_sociaux,-1,Envoyer coupon -20%,disappointing product
85f01280,56,add_to_cart,WD 2TB Elements Portable External Hard Drive - USB 3.0 ,electronics,64,3.299999952316284,direct,3,Proposer livraison gratuite,great value for money
1cebf93b,74,search,SanDisk SSD PLUS 1TB Internal SSD - SATA III 6 Gb/s,electronics,109,2.9000000953674316,pub,1,Continuer navigation,would not recommend
b7e91fae,101,add_to_cart,Silicon Power 256GB SSD 3D NAND A55 SLC Cache Performance Boost SATA III 2.5,electronics,109,4.800000190734863,email,3,Proposer livraison gratuite,fast shipping
819ea262,46,view,WD 4TB Gaming Drive Works with Playstation 4 Portable External Hard Drive,electronics,114,4.800000190734863,direct,1,Continuer navigation,awesome product
64e2f9bf,41,view,Acer SB220Q bi 21.5 inches Full HD (1920 x 1080) IPS Ultra-Thin,electronics,599,2.9000000953674316,reseaux_sociaux,1,Continuer navigation,excellent quality
5541d4d4,120,add_to_cart,Samsung 49-Inch CHG90 144Hz Curved Gaming Monitor (LC49HG90DMNXZA) – Super Ultrawide Screen QLED ,electronics,999.989990234375,2.200000047683716,direct,3,Proposer livraison gratuite,would buy again
09e37fb8,97,search,BIYLACLESEN Women's 3-in-1 Snowboard Jacket Winter Coats,women's clothing,56.9900016784668,2.5999999046325684,reseaux_sociaux,1,Continuer navigation,great product
f14c957c,13,abandon,Lock and Love Women's Removable Hooded Faux Leather Moto Biker Jacket,women's clothing,29.950000762939453,2.9000000953674316,google,-1,Envoyer coupon -20%,very disappointed
6a4d7889,179,purchase,Rain Jacket Women Windbreaker Striped Climbing Raincoats,women's clothing,39.9900016784668,3.799999952316284,email,5,Suggerer produits similaires,highly recommended
aa63406f,58,view,MBJ Women's Solid Short Sleeve Boat Neck V ,women's clothing,9.850000381469727,4.699999809265137,direct,1,Continuer navigation,would buy again
11f55f81,185,view,Opna Women's Short Sleeve Moisture,women's clothing,7.949999809265137,4.5,google,1,Continuer navigation,very dissatisfied
9e3094e9,178,view,DANVOUY Womens T Shirt Casual Cotton Short,women's clothing,12.989999771118164,3.5999999046325684,reseaux_sociaux,1,Continuer navigation,poor quality
0bce85b3,19,view,"Fjallraven - Foldsack No. 1 Backpack, Fits 15 Laptops",men's clothing,109.94999694824219,3.9000000953674316,reseaux_sociaux,1,Continuer navigation,waste of money
ebd7b2a1,136,purchase,Mens Casual Premium Slim Fit T-Shirts ,men's clothing,22.299999237060547,4.099999904632568,pub,5,Suggerer produits similaires,awesome product
5939e0a1,161,purchase,Mens Cotton Jacket,men's clothing,55.9900016784668,4.699999809265137,pub,5,Suggerer produits similaires,poor quality
4e2cc42c,36,add_to_cart,Mens Casual Slim Fit,men's clothing,15.989999771118164,2.0999999046325684,google,3,Proposer livraison gratuite,very disappointed
e819d0e2,120,purchase,John Hardy Women's Legends Naga Gold & Silver Dragon Station Chain Bracelet,jewelery,695,4.599999904632568,email,5,Suggerer produits similaires,awesome product
9f2f923e,2,abandon,Solid Gold Petite Micropave ,jewelery,168,3.9000000953674316,email,-1,Envoyer coupon -20%,great product
b0f37644,191,add_to_cart,White Gold Plated Princess,jewelery,9.989999771118164,3,direct,3,Proposer livraison gratuite,excellent quality
d3219983,100,add_to_cart,Pierced Owl Rose Gold Plated Stainless Steel Double,jewelery,10.989999771118164,1.899999976158142,email,3,Proposer livraison gratuite,excellent quality
ee98bd17,24,abandon,WD 2TB Elements Portable External Hard Drive - USB 3.0 ,electronics,64,3.299999952316284,pub,-1,Envoyer coupon -20%,very unhappy with my purchase
ddce0501,131,purchase,SanDisk SSD PLUS 1TB Internal SSD - SATA III 6 Gb/s,electronics,109,2.9000000953674316,google,5,Suggerer produits similaires,very happy with my purchase
b4f342c1,152,abandon,Silicon Power 256GB SSD 3D NAND A55 SLC Cache Performance Boost SATA III 2.5,electronics,109,4.800000190734863,reseaux_sociaux,-1,Envoyer coupon -20%,poor quality
27c9f375,161,search,WD 4TB Gaming Drive Works with Playstation 4 Portable External Hard Drive,electronics,114,4.800000190734863,reseaux_sociaux,1,Continuer navigation,awesome product
9b3dfd23,100,purchase,Acer SB220Q bi 21.5 inches Full HD (1920 x 1080) IPS Ultra-Thin,electronics,599,2.9000000953674316,email,5,Suggerer produits similaires,awesome product
b8c8280a,160,view,Samsung 49-Inch CHG90 144Hz Curved Gaming Monitor (LC49HG90DMNXZA) – Super Ultrawide Screen QLED ,electronics,999.989990234375,2.200000047683716,direct,1,Continuer navigation,great product
092c339a,194,purchase,BIYLACLESEN Women's 3-in-1 Snowboard Jacket Winter Coats,women's clothing,56.9900016784668,2.5999999046325684,reseaux_sociaux,5,Suggerer produits similaires,not as described
e4671498,178,purchase,Lock and Love Women's Removable Hooded Faux Leather Moto Biker Jacket,women's clothing,29.950000762939453,2.9000000953674316,email,5,Suggerer produits similaires,great product
48de1134,108,add_to_cart,Rain Jacket Women Windbreaker Striped Climbing Raincoats,women's clothing,39.9900016784668,3.799999952316284,direct,3,Proposer livraison gratuite,fast shipping
b4e178c4,101,search,MBJ Women's Solid Short Sleeve Boat Neck V ,women's clothing,9.850000381469727,4.699999809265137,pub,1,Continuer navigation,very happy with my purchase
32d6e23d,95,view,Opna Women's Short Sleeve Moisture,women's clothing,7.949999809265137,4.5,reseaux_sociaux,1,Continuer navigation,would not recommend
7d51c010,44,abandon,DANVOUY Womens T Shirt Casual Cotton Short,women's clothing,12.989999771118164,3.5999999046325684,email,-1,Envoyer coupon -20%,awesome product
ebca5b8a,100,view,"Fjallraven - Foldsack No. 1 Backpack, Fits 15 Laptops",men's clothing,109.94999694824219,3.9000000953674316,pub,1,Continuer navigation,would not recommend
c759da1e,182,add_to_cart,Mens Casual Premium Slim Fit T-Shirts ,men's clothing,22.299999237060547,4.099999904632568,direct,3,Proposer livraison gratuite,great value for money
696e16d4,12,search,Mens Cotton Jacket,men's clothing,55.9900016784668,4.699999809265137,reseaux_sociaux,1,Continuer navigation,very unhappy with my purchase
848548b5,85,purchase,Mens Casual Slim Fit,men's clothing,15.989999771118164,2.0999999046325684,email,5,Suggerer produits similaires,poor quality
98bc8633,49,view,John Hardy Women's Legends Naga Gold & Silver Dragon Station Chain Bracelet,jewelery,695,4.599999904632568,direct,1,Continuer navigation,great value for money
eaa88e4f,173,search,Solid Gold Petite Micropave ,jewelery,168,3.9000000953674316,reseaux_sociaux,1,Continuer navigation,great product
1b962b03,152,search,White Gold Plated Princess,jewelery,9.989999771118164,3,google,1,Continuer navigation,very unhappy with my purchase
6e1bef77,190,view,Pierced Owl Rose Gold Plated Stainless Steel Double,jewelery,10.989999771118164,1.899999976158142,reseaux_sociaux,1,Continuer navigation,very happy with my purchase
479d60cd,53,view,WD 2TB Elements Portable External Hard Drive - USB 3.0 ,electronics,64,3.299999952316284,pub,1,Continuer navigation,highly recommended
262da443,4,abandon,SanDisk SSD PLUS 1TB Internal SSD - SATA III 6 Gb/s,electronics,109,2.9000000953674316,pub,-1,Envoyer coupon -20%,very happy with my purchase
46d89d03,178,view,Silicon Power 256GB SSD 3D NAND A55 SLC Cache Performance Boost SATA III 2.5,electronics,109,4.800000190734863,pub,1,Continuer navigation,great product
324fa5f5,114,abandon,WD 4TB Gaming Drive Works with Playstation 4 Portable External Hard Drive,electronics,114,4.800000190734863,reseaux_sociaux,-1,Envoyer coupon -20%,very happy with my purchase
61928952,68,search,Acer SB220Q bi 21.5 inches Full HD (1920 x 1080) IPS Ultra-Thin,electronics,599,2.9000000953674316,email,1,Continuer navigation,highly recommended
aea99a6a,57,purchase,Samsung 49-Inch CHG90 144Hz Curved Gaming Monitor (LC49HG90DMNXZA) – Super Ultrawide Screen QLED ,electronics,999.989990234375,2.200000047683716,email,5,Suggerer produits similaires,poor quality
c1a68552,39,view,BIYLACLESEN Women's 3-in-1 Snowboard Jacket Winter Coats,women's clothing,56.9900016784668,2.5999999046325684,reseaux_sociaux,1,Continuer navigation,fast shipping
08019251,19,add_to_cart,Lock and Love Women's Removable Hooded Faux Leather Moto Biker Jacket,women's clothing,29.950000762939453,2.9000000953674316,direct,3,Proposer livraison gratuite,excellent quality
40e365bc,56,search,Rain Jacket Women Windbreaker Striped Climbing Raincoats,women's clothing,39.9900016784668,3.799999952316284,direct,1,Continuer navigation,poor quality
a797266d,119,add_to_cart,MBJ Women's Solid Short Sleeve Boat Neck V ,women's clothing,9.850000381469727,4.699999809265137,google,3,Proposer livraison gratuite,fast shipping
c2dcc446,24,add_to_cart,Opna Women's Short Sleeve Moisture,women's clothing,7.949999809265137,4.5,google,3,Proposer livraison gratuite,very disappointed
676ff195,137,search,DANVOUY Womens T Shirt Casual Cotton Short,women's clothing,12.989999771118164,3.5999999046325684,reseaux_sociaux,1,Continuer navigation,excellent quality
b1572ca9,167,view,"Fjallraven - Foldsack No. 1 Backpack, Fits 15 Laptops",men's clothing,109.94999694824219,3.9000000953674316,google,1,Continuer navigation,would buy again
34ac4fe0,20,search,Mens Casual Premium Slim Fit T-Shirts ,men's clothing,22.299999237060547,4.099999904632568,email,1,Continuer navigation,excellent quality
8ad662dc,87,view,Mens Cotton Jacket,men's clothing,55.9900016784668,4.699999809265137,google,1,Continuer navigation,great product
d2b83fa2,103,search,Mens Casual Slim Fit,men's clothing,15.989999771118164,2.0999999046325684,reseaux_sociaux,1,Continuer navigation,very dissatisfied
5d695a36,110,add_to_cart,John Hardy Women's Legends Naga Gold & Silver Dragon Station Chain Bracelet,jewelery,695,4.599999904632568,google,3,Proposer livraison gratuite,great product
500cd49f,100,search,Solid Gold Petite Micropave ,jewelery,168,3.9000000953674316,direct,1,Continuer navigation,poor quality
a9ff3685,88,abandon,White Gold Plated Princess,jewelery,9.989999771118164,3,pub,-1,Envoyer coupon -20%,very dissatisfied
16b71f78,33,search,Pierced Owl Rose Gold Plated Stainless Steel Double,jewelery,10.989999771118164,1.899999976158142,google,1,Continuer navigation,highly impressed
5eabcb81,29,search,WD 2TB Elements Portable External Hard Drive - USB 3.0 ,electronics,64,3.299999952316284,reseaux_sociaux,1,Continuer navigation,awesome product
3dbd3390,153,search,SanDisk SSD PLUS 1TB Internal SSD - SATA III 6 Gb/s,electronics,109,2.9000000953674316,pub,1,Continuer navigation,very unhappy with my purchase
77ff8e4d,90,search,Silicon Power 256GB SSD 3D NAND A55 SLC Cache Performance Boost SATA III 2.5,electronics,109,4.800000190734863,google,1,Continuer navigation,very disappointed
4c700414,45,search,WD 4TB Gaming Drive Works with Playstation 4 Portable External Hard Drive,electronics,114,4.800000190734863,google,1,Continuer navigation,would buy again
b4f608f2,36,abandon,Acer SB220Q bi 21.5 inches Full HD (1920 x 1080) IPS Ultra-Thin,electronics,599,2.9000000953674316,direct,-1,Envoyer coupon -20%,very pleased
97975554,200,add_to_cart,Samsung 49-Inch CHG90 144Hz Curved Gaming Monitor (LC49HG90DMNXZA) – Super Ultrawide Screen QLED ,electronics,999.989990234375,2.200000047683716,pub,3,Proposer livraison gratuite,great product
70c9df72,146,abandon,BIYLACLESEN Women's 3-in-1 Snowboard Jacket Winter Coats,women's clothing,56.9900016784668,2.5999999046325684,reseaux_sociaux,-1,Envoyer coupon -20%,would buy again
125f89a9,17,view,Lock and Love Women's Removable Hooded Faux Leather Moto Biker Jacket,women's clothing,29.950000762939453,2.9000000953674316,email,1,Continuer navigation,very happy with my purchase
0c3f8baf,23,abandon,Rain Jacket Women Windbreaker Striped Climbing Raincoats,women's clothing,39.9900016784668,3.799999952316284,reseaux_sociaux,-1,Envoyer coupon -20%,highly impressed
7ced3ea4,174,purchase,MBJ Women's Solid Short Sleeve Boat Neck V ,women's clothing,9.850000381469727,4.699999809265137,direct,5,Suggerer produits similaires,great value for money
08480c8c,187,abandon,Opna Women's Short Sleeve Moisture,women's clothing,7.949999809265137,4.5,direct,-1,Envoyer coupon -20%,excellent quality
60091b34,62,purchase,DANVOUY Womens T Shirt Casual Cotton Short,women's clothing,12.989999771118164,3.5999999046325684,google,5,Suggerer produits similaires,fast shipping
7b9e9a68,2,search,"Fjallraven - Foldsack No. 1 Backpack, Fits 15 Laptops",men's clothing,109.94999694824219,3.9000000953674316,google,1,Continuer navigation,poor quality
a145589c,86,abandon,Mens Casual Premium Slim Fit T-Shirts ,men's clothing,22.299999237060547,4.099999904632568,reseaux_sociaux,-1,Envoyer coupon -20%,would not buy again
ac0aab9c,19,search,Mens Cotton Jacket,men's clothing,55.9900016784668,4.699999809265137,reseaux_sociaux,1,Continuer navigation,very pleased
d845a203,139,abandon,Mens Casual Slim Fit,men's clothing,15.989999771118164,2.0999999046325684,pub,-1,Envoyer coupon -20%,highly impressed
6cb0b7ca,152,search,John Hardy Women's Legends Naga Gold & Silver Dragon Station Chain Bracelet,jewelery,695,4.599999904632568,direct,1,Continuer navigation,very unhappy with my purchase
ee7e7fcb,67,purchase,Solid Gold Petite Micropave ,jewelery,168,3.9000000953674316,google,5,Suggerer produits similaires,highly recommended
d208a276,14,abandon,White Gold Plated Princess,jewelery,9.989999771118164,3,email,-1,Envoyer coupon -20%,would buy again
54db1c95,95,search,Pierced Owl Rose Gold Plated Stainless Steel Double,jewelery,10.989999771118164,1.899999976158142,email,1,Continuer navigation,would not recommend
cc45fb00,13,add_to_cart,WD 2TB Elements Portable External Hard Drive - USB 3.0 ,electronics,64,3.299999952316284,email,3,Proposer livraison gratuite,poor quality
90cf73de,20,abandon,SanDisk SSD PLUS 1TB Internal SSD - SATA III 6 Gb/s,electronics,109,2.9000000953674316,reseaux_sociaux,-1,Envoyer coupon -20%,poor quality
3f81f626,132,search,Silicon Power 256GB SSD 3D NAND A55 SLC Cache Performance Boost SATA III 2.5,electronics,109,4.800000190734863,pub,1,Continuer navigation,poor quality
97bb0949,21,view,WD 4TB Gaming Drive Works with Playstation 4 Portable External Hard Drive,electronics,114,4.800000190734863,reseaux_sociaux,1,Continuer navigation,would buy again
428fede8,114,view,Acer SB220Q bi 21.5 inches Full HD (1920 x 1080) IPS Ultra-Thin,electronics,599,2.9000000953674316,email,1,Continuer navigation,highly impressed
9e699924,143,abandon,Samsung 49-Inch CHG90 144Hz Curved Gaming Monitor (LC49HG90DMNXZA) – Super Ultrawide Screen QLED ,electronics,999.989990234375,2.200000047683716,reseaux_sociaux,-1,Envoyer coupon -20%,highly impressed
8c28af01,91,view,BIYLACLESEN Women's 3-in-1 Snowboard Jacket Winter Coats,women's clothing,56.9900016784668,2.5999999046325684,google,1,Continuer navigation,not worth the price
5d1d6081,45,add_to_cart,Lock and Love Women's Removable Hooded Faux Leather Moto Biker Jacket,women's clothing,29.950000762939453,2.9000000953674316,google,3,Proposer livraison gratuite,very pleased
86199349,170,add_to_cart,Rain Jacket Women Windbreaker Striped Climbing Raincoats,women's clothing,39.9900016784668,3.799999952316284,direct,3,Proposer livraison gratuite,highly recommended
dbf718b3,31,search,MBJ Women's Solid Short Sleeve Boat Neck V ,women's clothing,9.850000381469727,4.699999809265137,reseaux_sociaux,1,Continuer navigation,would buy again
fcae8baa,186,search,Opna Women's Short Sleeve Moisture,women's clothing,7.949999809265137,4.5,google,1,Continuer navigation,excellent quality
4a7ff3d1,183,view,DANVOUY Womens T Shirt Casual Cotton Short,women's clothing,12.989999771118164,3.5999999046325684,email,1,Continuer navigation,very satisfied
d47a9dfd,132,add_to_cart,"Fjallraven - Foldsack No. 1 Backpack, Fits 15 Laptops",men's clothing,109.94999694824219,3.9000000953674316,email,3,Proposer livraison gratuite,great product
b09be0aa,172,view,Mens Casual Premium Slim Fit T-Shirts ,men's clothing,22.299999237060547,4.099999904632568,reseaux_sociaux,1,Continuer navigation,poor quality
29909c82,153,add_to_cart,Mens Cotton Jacket,men's clothing,55.9900016784668,4.699999809265137,direct,3,Proposer livraison gratuite,poor quality
056a6d42,158,abandon,Mens Casual Slim Fit,men's clothing,15.989999771118164,2.0999999046325684,direct,-1,Envoyer coupon -20%,would not recommend
aef66d7c,110,add_to_cart,John Hardy Women's Legends Naga Gold & Silver Dragon Station Chain Bracelet,jewelery,695,4.599999904632568,pub,3,Proposer livraison gratuite,poor quality
e1b6d522,179,purchase,Solid Gold Petite Micropave ,jewelery,168,3.9000000953674316,direct,5,Suggerer produits similaires,would not recommend
77cd9175,154,search,White Gold Plated Princess,jewelery,9.989999771118164,3,google,1,Continuer navigation,excellent quality
3265c312,25,view,Pierced Owl Rose Gold Plated Stainless Steel Double,jewelery,10.989999771118164,1.899999976158142,google,1,Continuer navigation,would buy again
8b6aae97,130,search,WD 2TB Elements Portable External Hard Drive - USB 3.0 ,electronics,64,3.299999952316284,reseaux_sociaux,1,Continuer navigation,very happy with my purchase
cba46d47,48,view,SanDisk SSD PLUS 1TB Internal SSD - SATA III 6 Gb/s,electronics,109,2.9000000953674316,pub,1,Continuer navigation,would not recommend
f63d57d5,178,abandon,Silicon Power 256GB SSD 3D NAND A55 SLC Cache Performance Boost SATA III 2.5,electronics,109,4.800000190734863,email,-1,Envoyer coupon -20%,very unhappy with my purchase
aa308d49,37,abandon,WD 4TB Gaming Drive Works with Playstation 4 Portable External Hard Drive,electronics,114,4.800000190734863,email,-1,Envoyer coupon -20%,very satisfied
f98e080b,18,add_to_cart,Acer SB220Q bi 21.5 inches Full HD (1920 x 1080) IPS Ultra-Thin,electronics,599,2.9000000953674316,email,3,Proposer livraison gratuite,poor quality
289c8d98,75,search,Samsung 49-Inch CHG90 144Hz Curved Gaming Monitor (LC49HG90DMNXZA) – Super Ultrawide Screen QLED ,electronics,999.989990234375,2.200000047683716,google,1,Continuer navigation,poor quality
84ef3124,77,abandon,BIYLACLESEN Women's 3-in-1 Snowboard Jacket Winter Coats,women's clothing,56.9900016784668,2.5999999046325684,pub,-1,Envoyer coupon -20%,would buy again
235b78a2,128,view,Lock and Love Women's Removable Hooded Faux Leather Moto Biker Jacket,women's clothing,29.950000762939453,2.9000000953674316,email,1,Continuer navigation,poor quality
a5a5b4d6,163,search,Rain Jacket Women Windbreaker Striped Climbing Raincoats,women's clothing,39.9900016784668,3.799999952316284,reseaux_sociaux,1,Continuer navigation,would buy again
06074709,186,add_to_cart,MBJ Women's Solid Short Sleeve Boat Neck V ,women's clothing,9.850000381469727,4.699999809265137,google,3,Proposer livraison gratuite,would not recommend
fea82dc6,54,add_to_cart,Opna Women's Short Sleeve Moisture,women's clothing,7.949999809265137,4.5,reseaux_sociaux,3,Proposer livraison gratuite,poor quality
45f6e393,143,purchase,DANVOUY Womens T Shirt Casual Cotton Short,women's clothing,12.989999771118164,3.5999999046325684,direct,5,Suggerer produits similaires,excellent quality
5f1acabe,149,add_to_cart,"Fjallraven - Foldsack No. 1 Backpack, Fits 15 Laptops",men's clothing,109.94999694824219,3.9000000953674316,email,3,Proposer livraison gratuite,excellent quality
e8172c01,164,view,Mens Casual Premium Slim Fit T-Shirts ,men's clothing,22.299999237060547,4.099999904632568,pub,1,Continuer navigation,would not buy again
29c3bf79,47,search,Mens Cotton Jacket,men's clothing,55.9900016784668,4.699999809265137,email,1,Continuer navigation,would buy again
a6c2359c,185,view,Mens Casual Slim Fit,men's clothing,15.989999771118164,2.0999999046325684,pub,1,Continuer navigation,poor quality
9090e528,167,search,John Hardy Women's Legends Naga Gold & Silver Dragon Station Chain Bracelet,jewelery,695,4.599999904632568,direct,1,Continuer navigation,very satisfied
77b4015b,80,abandon,Solid Gold Petite Micropave ,jewelery,168,3.9000000953674316,direct,-1,Envoyer coupon -20%,great product
01752646,118,abandon,White Gold Plated Princess,jewelery,9.989999771118164,3,email,-1,Envoyer coupon -20%,poor quality
4b1cd1ea,111,abandon,Pierced Owl Rose Gold Plated Stainless Steel Double,jewelery,10.989999771118164,1.899999976158142,google,-1,Envoyer coupon -20%,fast shipping
8f0d3115,21,add_to_cart,WD 2TB Elements Portable External Hard Drive - USB 3.0 ,electronics,64,3.299999952316284,direct,3,Proposer livraison gratuite,would buy again
57fff56d,184,add_to_cart,SanDisk SSD PLUS 1TB Internal SSD - SATA III 6 Gb/s,electronics,109,2.9000000953674316,email,3,Proposer livraison gratuite,would buy again
c24f8699,91,abandon,Silicon Power 256GB SSD 3D NAND A55 SLC Cache Performance Boost SATA III 2.5,electronics,109,4.800000190734863,direct,-1,Envoyer coupon -20%,fast shipping
3d517efb,54,search,WD 4TB Gaming Drive Works with Playstation 4 Portable External Hard Drive,electronics,114,4.800000190734863,pub,1,Continuer navigation,excellent quality
020e9a66,29,abandon,Acer SB220Q bi 21.5 inches Full HD (1920 x 1080) IPS Ultra-Thin,electronics,599,2.9000000953674316,pub,-1,Envoyer coupon -20%,would buy again
f1645393,52,add_to_cart,Samsung 49-Inch CHG90 144Hz Curved Gaming Monitor (LC49HG90DMNXZA) – Super Ultrawide Screen QLED ,electronics,999.989990234375,2.200000047683716,reseaux_sociaux,3,Proposer livraison gratuite,very happy with my purchase
a07a26f1,95,purchase,BIYLACLESEN Women's 3-in-1 Snowboard Jacket Winter Coats,women's clothing,56.9900016784668,2.5999999046325684,direct,5,Suggerer produits similaires,very disappointed
cfa29a7f,157,abandon,Lock and Love Women's Removable Hooded Faux Leather Moto Biker Jacket,women's clothing,29.950000762939453,2.9000000953674316,direct,-1,Envoyer coupon -20%,fast shipping
e4389abd,78,add_to_cart,Rain Jacket Women Windbreaker Striped Climbing Raincoats,women's clothing,39.9900016784668,3.799999952316284,google,3,Proposer livraison gratuite,great product
895d487f,70,view,MBJ Women's Solid Short Sleeve Boat Neck V ,women's clothing,9.850000381469727,4.699999809265137,reseaux_sociaux,1,Continuer navigation,very happy with my purchase
baa8645b,170,view,Opna Women's Short Sleeve Moisture,women's clothing,7.949999809265137,4.5,email,1,Continuer navigation,would buy again
2a2ff8c1,113,add_to_cart,DANVOUY Womens T Shirt Casual Cotton Short,women's clothing,12.989999771118164,3.5999999046325684,reseaux_sociaux,3,Proposer livraison gratuite,very satisfied
630f6d36,33,purchase,"Fjallraven - Foldsack No. 1 Backpack, Fits 15 Laptops",men's clothing,109.94999694824219,3.9000000953674316,pub,5,Suggerer produits similaires,awesome product
178bf4e8,197,abandon,Mens Casual Premium Slim Fit T-Shirts ,men's clothing,22.299999237060547,4.099999904632568,direct,-1,Envoyer coupon -20%,great value for money
64d5b3f0,168,add_to_cart,Mens Cotton Jacket,men's clothing,55.9900016784668,4.699999809265137,pub,3,Proposer livraison gratuite,highly recommended
232dcd34,147,purchase,Mens Casual Slim Fit,men's clothing,15.989999771118164,2.0999999046325684,reseaux_sociaux,5,Suggerer produits similaires,poor quality
e2a9d1b5,124,search,John Hardy Women's Legends Naga Gold & Silver Dragon Station Chain Bracelet,jewelery,695,4.599999904632568,pub,1,Continuer navigation,great product
3d0e60e8,21,purchase,Solid Gold Petite Micropave ,jewelery,168,3.9000000953674316,pub,5,Suggerer produits similaires,great product
c49f42d1,89,search,White Gold Plated Princess,jewelery,9.989999771118164,3,email,1,Continuer navigation,very disappointed
4fb1a025,146,abandon,Pierced Owl Rose Gold Plated Stainless Steel Double,jewelery,10.989999771118164,1.899999976158142,pub,-1,Envoyer coupon -20%,fast shipping
dc539350,122,add_to_cart,WD 2TB Elements Portable External Hard Drive - USB 3.0 ,electronics,64,3.299999952316284,pub,3,Proposer livraison gratuite,waste of money
80438b0c,16,search,SanDisk SSD PLUS 1TB Internal SSD - SATA III 6 Gb/s,electronics,109,2.9000000953674316,google,1,Continuer navigation,very happy with my purchase
f8323281,10,abandon,Silicon Power 256GB SSD 3D NAND A55 SLC Cache Performance Boost SATA III 2.5,electronics,109,4.800000190734863,google,-1,Envoyer coupon -20%,would buy again
dd50b08a,6,abandon,WD 4TB Gaming Drive Works with Playstation 4 Portable External Hard Drive,electronics,114,4.800000190734863,email,-1,Envoyer coupon -20%,would buy again
970d6bd5,106,add_to_cart,Acer SB220Q bi 21.5 inches Full HD (1920 x 1080) IPS Ultra-Thin,electronics,599,2.9000000953674316,reseaux_sociaux,3,Proposer livraison gratuite,excellent quality
e3d23f36,34,purchase,Samsung 49-Inch CHG90 144Hz Curved Gaming Monitor (LC49HG90DMNXZA) – Super Ultrawide Screen QLED ,electronics,999.989990234375,2.200000047683716,google,5,Suggerer produits similaires,very dissatisfied
24f7a027,146,abandon,BIYLACLESEN Women's 3-in-1 Snowboard Jacket Winter Coats,women's clothing,56.9900016784668,2.5999999046325684,reseaux_sociaux,-1,Envoyer coupon -20%,highly impressed
dbc777ff,14,add_to_cart,Lock and Love Women's Removable Hooded Faux Leather Moto Biker Jacket,women's clothing,29.950000762939453,2.9000000953674316,email,3,Proposer livraison gratuite,great product
a41a269b,172,search,Rain Jacket Women Windbreaker Striped Climbing Raincoats,women's clothing,39.9900016784668,3.799999952316284,direct,1,Continuer navigation,very dissatisfied
d7b118d1,183,search,MBJ Women's Solid Short Sleeve Boat Neck V ,women's clothing,9.850000381469727,4.699999809265137,email,1,Continuer navigation,highly impressed
e3e04e08,104,search,Opna Women's Short Sleeve Moisture,women's clothing,7.949999809265137,4.5,reseaux_sociaux,1,Continuer navigation,very disappointed
6f2b518e,92,add_to_cart,DANVOUY Womens T Shirt Casual Cotton Short,women's clothing,12.989999771118164,3.5999999046325684,reseaux_sociaux,3,Proposer livraison gratuite,fast shipping
9ec73240,142,view,"Fjallraven - Foldsack No. 1 Backpack, Fits 15 Laptops",men's clothing,109.94999694824219,3.9000000953674316,google,1,Continuer navigation,very dissatisfied
c613a9c2,108,view,Mens Casual Premium Slim Fit T-Shirts ,men's clothing,22.299999237060547,4.099999904632568,direct,1,Continuer navigation,highly impressed
3b18f5e4,88,view,Mens Cotton Jacket,men's clothing,55.9900016784668,4.699999809265137,direct,1,Continuer navigation,highly impressed
f21855d1,197,abandon,Mens Casual Slim Fit,men's clothing,15.989999771118164,2.0999999046325684,google,-1,Envoyer coupon -20%,very disappointed
195fefcc,102,abandon,John Hardy Women's Legends Naga Gold & Silver Dragon Station Chain Bracelet,jewelery,695,4.599999904632568,direct,-1,Envoyer coupon -20%,excellent quality
193cf954,175,purchase,Solid Gold Petite Micropave ,jewelery,168,3.9000000953674316,google,5,Suggerer produits similaires,great value for money
7fb0df90,56,view,White Gold Plated Princess,jewelery,9.989999771118164,3,reseaux_sociaux,1,Continuer navigation,great product
5b83f627,23,purchase,Pierced Owl Rose Gold Plated Stainless Steel Double,jewelery,10.989999771118164,1.899999976158142,email,5,Suggerer produits similaires,would not recommend
cb1e6f0e,49,abandon,WD 2TB Elements Portable External Hard Drive - USB 3.0 ,electronics,64,3.299999952316284,direct,-1,Envoyer coupon -20%,waste of money
3b3f0338,101,search,SanDisk SSD PLUS 1TB Internal SSD - SATA III 6 Gb/s,electronics,109,2.9000000953674316,google,1,Continuer navigation,very happy with my purchase
ef505d9e,95,view,Silicon Power 256GB SSD 3D NAND A55 SLC Cache Performance Boost SATA III 2.5,electronics,109,4.800000190734863,direct,1,Continuer navigation,would buy again
82bb3b60,141,view,WD 4TB Gaming Drive Works with Playstation 4 Portable External Hard Drive,electronics,114,4.800000190734863,direct,1,Continuer navigation,very disappointed
76780739,58,purchase,Acer SB220Q bi 21.5 inches Full HD (1920 x 1080) IPS Ultra-Thin,electronics,599,2.9000000953674316,direct,5,Suggerer produits similaires,great value for money
c84c67da,6,purchase,Samsung 49-Inch CHG90 144Hz Curved Gaming Monitor (LC49HG90DMNXZA) – Super Ultrawide Screen QLED ,electronics,999.989990234375,2.200000047683716,direct,5,Suggerer produits similaires,highly impressed
255f0edb,167,search,BIYLACLESEN Women's 3-in-1 Snowboard Jacket Winter Coats,women's clothing,56.9900016784668,2.5999999046325684,pub,1,Continuer navigation,very happy with my purchase
72307a78,84,search,Lock and Love Women's Removable Hooded Faux Leather Moto Biker Jacket,women's clothing,29.950000762939453,2.9000000953674316,pub,1,Continuer navigation,fast shipping
4e451899,121,purchase,Rain Jacket Women Windbreaker Striped Climbing Raincoats,women's clothing,39.9900016784668,3.799999952316284,google,5,Suggerer produits similaires,fast shipping
ed479be1,28,search,MBJ Women's Solid Short Sleeve Boat Neck V ,women's clothing,9.850000381469727,4.699999809265137,email,1,Continuer navigation,waste of money
fdd2841f,34,abandon,Opna Women's Short Sleeve Moisture,women's clothing,7.949999809265137,4.5,pub,-1,Envoyer coupon -20%,very disappointed
b5db060b,144,view,DANVOUY Womens T Shirt Casual Cotton Short,women's clothing,12.989999771118164,3.5999999046325684,email,1,Continuer navigation,would not recommend
45d3d908,151,view,"Fjallraven - Foldsack No. 1 Backpack, Fits 15 Laptops",men's clothing,109.94999694824219,3.9000000953674316,google,1,Continuer navigation,would not recommend
1c8f1d74,153,abandon,Mens Casual Premium Slim Fit T-Shirts ,men's clothing,22.299999237060547,4.099999904632568,email,-1,Envoyer coupon -20%,great product
a373d414,55,add_to_cart,Mens Cotton Jacket,men's clothing,55.9900016784668,4.699999809265137,reseaux_sociaux,3,Proposer livraison gratuite,highly impressed
f26c2f70,51,purchase,Mens Casual Slim Fit,men's clothing,15.989999771118164,2.0999999046325684,reseaux_sociaux,5,Suggerer produits similaires,would not buy again
1c23fca7,114,purchase,John Hardy Women's Legends Naga Gold & Silver Dragon Station Chain Bracelet,jewelery,695,4.599999904632568,pub,5,Suggerer produits similaires,very disappointed
9db1469c,68,view,Solid Gold Petite Micropave ,jewelery,168,3.9000000953674316,direct,1,Continuer navigation,fast shipping
8fea2246,101,abandon,White Gold Plated Princess,jewelery,9.989999771118164,3,email,-1,Envoyer coupon -20%,would buy again
4f401d92,74,add_to_cart,Pierced Owl Rose Gold Plated Stainless Steel Double,jewelery,10.989999771118164,1.899999976158142,direct,3,Proposer livraison gratuite,would buy again
ae2a1508,55,search,WD 2TB Elements Portable External Hard Drive - USB 3.0 ,electronics,64,3.299999952316284,reseaux_sociaux,1,Continuer navigation,very happy with my purchase
4ca3c739,60,view,SanDisk SSD PLUS 1TB Internal SSD - SATA III 6 Gb/s,electronics,109,2.9000000953674316,google,1,Continuer navigation,awesome product
6c111deb,62,purchase,Silicon Power 256GB SSD 3D NAND A55 SLC Cache Performance Boost SATA III 2.5,electronics,109,4.800000190734863,pub,5,Suggerer produits similaires,very happy with my purchase
6bd21568,75,view,WD 4TB Gaming Drive Works with Playstation 4 Portable External Hard Drive,electronics,114,4.800000190734863,direct,1,Continuer navigation,highly impressed
5e10382c,70,purchase,Acer SB220Q bi 21.5 inches Full HD (1920 x 1080) IPS Ultra-Thin,electronics,599,2.9000000953674316,pub,5,Suggerer produits similaires,would not recommend
3be4555d,77,search,Samsung 49-Inch CHG90 144Hz Curved Gaming Monitor (LC49HG90DMNXZA) – Super Ultrawide Screen QLED ,electronics,999.989990234375,2.200000047683716,direct,1,Continuer navigation,very happy with my purchase
77268701,79,add_to_cart,BIYLACLESEN Women's 3-in-1 Snowboard Jacket Winter Coats,women's clothing,56.9900016784668,2.5999999046325684,pub,3,Proposer livraison gratuite,excellent quality
702893c4,35,search,Lock and Love Women's Removable Hooded Faux Leather Moto Biker Jacket,women's clothing,29.950000762939453,2.9000000953674316,google,1,Continuer navigation,fast shipping
d0cb9a3b,42,view,Rain Jacket Women Windbreaker Striped Climbing Raincoats,women's clothing,39.9900016784668,3.799999952316284,google,1,Continuer navigation,awesome product
46fa9d76,193,add_to_cart,MBJ Women's Solid Short Sleeve Boat Neck V ,women's clothing,9.850000381469727,4.699999809265137,email,3,Proposer livraison gratuite,awesome product
9b494363,8,search,Opna Women's Short Sleeve Moisture,women's clothing,7.949999809265137,4.5,google,1,Continuer navigation,highly impressed
82319bef,153,view,DANVOUY Womens T Shirt Casual Cotton Short,women's clothing,12.989999771118164,3.5999999046325684,google,1,Continuer navigation,very pleased
6eea74cd,65,view,"Fjallraven - Foldsack No. 1 Backpack, Fits 15 Laptops",men's clothing,109.94999694824219,3.9000000953674316,reseaux_sociaux,1,Continuer navigation,very dissatisfied
5a794545,44,add_to_cart,Mens Casual Premium Slim Fit T-Shirts ,men's clothing,22.299999237060547,4.099999904632568,google,3,Proposer livraison gratuite,not as described
ae685816,90,search,Mens Cotton Jacket,men's clothing,55.9900016784668,4.699999809265137,google,1,Continuer navigation,poor quality
030f9b18,189,abandon,Mens Casual Slim Fit,men's clothing,15.989999771118164,2.0999999046325684,reseaux_sociaux,-1,Envoyer coupon -20%,would buy again
2c7bf2ed,54,add_to_cart,John Hardy Women's Legends Naga Gold & Silver Dragon Station Chain Bracelet,jewelery,695,4.599999904632568,reseaux_sociaux,3,Proposer livraison gratuite,not worth the price
9e4bdc00,1,abandon,Solid Gold Petite Micropave ,jewelery,168,3.9000000953674316,google,-1,Envoyer coupon -20%,very unhappy with my purchase
74ad462e,35,view,White Gold Plated Princess,jewelery,9.989999771118164,3,email,1,Continuer navigation,very pleased
bf18ee88,108,add_to_cart,Pierced Owl Rose Gold Plated Stainless Steel Double,jewelery,10.989999771118164,1.899999976158142,google,3,Proposer livraison gratuite,excellent quality
28fe897b,17,search,WD 2TB Elements Portable External Hard Drive - USB 3.0 ,electronics,64,3.299999952316284,google,1,Continuer navigation,very disappointed
c8e8ebfa,167,add_to_cart,SanDisk SSD PLUS 1TB Internal SSD - SATA III 6 Gb/s,electronics,109,2.9000000953674316,pub,3,Proposer livraison gratuite,great product
63c911d6,107,purchase,Silicon Power 256GB SSD 3D NAND A55 SLC Cache Performance Boost SATA III 2.5,electronics,109,4.800000190734863,direct,5,Suggerer produits similaires,would buy again
2f15a5a7,184,abandon,WD 4TB Gaming Drive Works with Playstation 4 Portable External Hard Drive,electronics,114,4.800000190734863,pub,-1,Envoyer coupon -20%,very satisfied
f0219dee,48,abandon,Acer SB220Q bi 21.5 inches Full HD (1920 x 1080) IPS Ultra-Thin,electronics,599,2.9000000953674316,email,-1,Envoyer coupon -20%,would buy again
01094f40,15,add_to_cart,Samsung 49-Inch CHG90 144Hz Curved Gaming Monitor (LC49HG90DMNXZA) – Super Ultrawide Screen QLED ,electronics,999.989990234375,2.200000047683716,reseaux_sociaux,3,Proposer livraison gratuite,would buy again
5b35a696,103,search,BIYLACLESEN Women's 3-in-1 Snowboard Jacket Winter Coats,women's clothing,56.9900016784668,2.5999999046325684,email,1,Continuer navigation,excellent quality
e6b6a668,198,view,Lock and Love Women's Removable Hooded Faux Leather Moto Biker Jacket,women's clothing,29.950000762939453,2.9000000953674316,reseaux_sociaux,1,Continuer navigation,very disappointed
d815da1e,39,search,Rain Jacket Women Windbreaker Striped Climbing Raincoats,women's clothing,39.9900016784668,3.799999952316284,google,1,Continuer navigation,would not recommend
a0afe086,164,purchase,MBJ Women's Solid Short Sleeve Boat Neck V ,women's clothing,9.850000381469727,4.699999809265137,direct,5,Suggerer produits similaires,great product
e0efef41,106,search,Opna Women's Short Sleeve Moisture,women's clothing,7.949999809265137,4.5,pub,1,Continuer navigation,excellent quality
3775eb8f,131,abandon,DANVOUY Womens T Shirt Casual Cotton Short,women's clothing,12.989999771118164,3.5999999046325684,direct,-1,Envoyer coupon -20%,very unhappy with my purchase
dc9c3239,14,purchase,"Fjallraven - Foldsack No. 1 Backpack, Fits 15 Laptops",men's clothing,109.94999694824219,3.9000000953674316,reseaux_sociaux,5,Suggerer produits similaires,great product
f334a73f,144,add_to_cart,Mens Casual Premium Slim Fit T-Shirts ,men's clothing,22.299999237060547,4.099999904632568,direct,3,Proposer livraison gratuite,poor quality
8e7989e4,171,abandon,Mens Cotton Jacket,men's clothing,55.9900016784668,4.699999809265137,pub,-1,Envoyer coupon -20%,highly recommended
fe4c93ef,52,purchase,Mens Casual Slim Fit,men's clothing,15.989999771118164,2.0999999046325684,reseaux_sociaux,5,Suggerer produits similaires,very disappointed
fe0a456c,166,abandon,John Hardy Women's Legends Naga Gold & Silver Dragon Station Chain Bracelet,jewelery,695,4.599999904632568,reseaux_sociaux,-1,Envoyer coupon -20%,highly recommended
e51848c2,59,add_to_cart,Solid Gold Petite Micropave ,jewelery,168,3.9000000953674316,google,3,Proposer livraison gratuite,very pleased
49cc1368,175,view,White Gold Plated Princess,jewelery,9.989999771118164,3,email,1,Continuer navigation,very unhappy with my purchase
ae5665ca,95,search,Pierced Owl Rose Gold Plated Stainless Steel Double,jewelery,10.989999771118164,1.899999976158142,pub,1,Continuer navigation,very dissatisfied
9346d8f4,140,search,WD 2TB Elements Portable External Hard Drive - USB 3.0 ,electronics,64,3.299999952316284,reseaux_sociaux,1,Continuer navigation,very happy with my purchase
1fd60527,32,abandon,SanDisk SSD PLUS 1TB Internal SSD - SATA III 6 Gb/s,electronics,109,2.9000000953674316,google,-1,Envoyer coupon -20%,highly impressed
bc70c898,94,abandon,Silicon Power 256GB SSD 3D NAND A55 SLC Cache Performance Boost SATA III 2.5,electronics,109,4.800000190734863,reseaux_sociaux,-1,Envoyer coupon -20%,very dissatisfied
f3fb4b63,84,purchase,WD 4TB Gaming Drive Works with Playstation 4 Portable External Hard Drive,electronics,114,4.800000190734863,google,5,Suggerer produits similaires,great product
44e4ad7c,133,search,Acer SB220Q bi 21.5 inches Full HD (1920 x 1080) IPS Ultra-Thin,electronics,599,2.9000000953674316,pub,1,Continuer navigation,highly impressed
97470ce2,148,purchase,Samsung 49-Inch CHG90 144Hz Curved Gaming Monitor (LC49HG90DMNXZA) – Super Ultrawide Screen QLED ,electronics,999.989990234375,2.200000047683716,email,5,Suggerer produits similaires,very disappointed
c37d15c7,198,add_to_cart,BIYLACLESEN Women's 3-in-1 Snowboard Jacket Winter Coats,women's clothing,56.9900016784668,2.5999999046325684,google,3,Proposer livraison gratuite,awesome product
5b4e9fbc,175,view,Lock and Love Women's Removable Hooded Faux Leather Moto Biker Jacket,women's clothing,29.950000762939453,2.9000000953674316,google,1,Continuer navigation,very happy with my purchase
c49cf52d,192,purchase,Rain Jacket Women Windbreaker Striped Climbing Raincoats,women's clothing,39.9900016784668,3.799999952316284,reseaux_sociaux,5,Suggerer produits similaires,awesome product
19aa66cb,90,abandon,MBJ Women's Solid Short Sleeve Boat Neck V ,women's clothing,9.850000381469727,4.699999809265137,direct,-1,Envoyer coupon -20%,very unhappy with my purchase
79a3ba08,142,search,Opna Women's Short Sleeve Moisture,women's clothing,7.949999809265137,4.5,reseaux_sociaux,1,Continuer navigation,poor quality
5b143d8d,136,search,DANVOUY Womens T Shirt Casual Cotton Short,women's clothing,12.989999771118164,3.5999999046325684,pub,1,Continuer navigation,would not recommend
88e5ad0c,57,abandon,"Fjallraven - Foldsack No. 1 Backpack, Fits 15 Laptops",men's clothing,109.94999694824219,3.9000000953674316,email,-1,Envoyer coupon -20%,excellent quality
be6e74a8,54,view,Mens Casual Premium Slim Fit T-Shirts ,men's clothing,22.299999237060547,4.099999904632568,google,1,Continuer navigation,very pleased
d69af0d3,131,abandon,Mens Cotton Jacket,men's clothing,55.9900016784668,4.699999809265137,direct,-1,Envoyer coupon -20%,highly impressed
96a7b099,128,view,Mens Casual Slim Fit,men's clothing,15.989999771118164,2.0999999046325684,direct,1,Continuer navigation,very dissatisfied
f8138272,162,purchase,John Hardy Women's Legends Naga Gold & Silver Dragon Station Chain Bracelet,jewelery,695,4.599999904632568,direct,5,Suggerer produits similaires,very dissatisfied
54139353,168,add_to_cart,Solid Gold Petite Micropave ,jewelery,168,3.9000000953674316,direct,3,Proposer livraison gratuite,very happy with my purchase
ff70a899,60,abandon,White Gold Plated Princess,jewelery,9.989999771118164,3,reseaux_sociaux,-1,Envoyer coupon -20%,very unhappy with my purchase
49e9813e,153,purchase,Pierced Owl Rose Gold Plated Stainless Steel Double,jewelery,10.989999771118164,1.899999976158142,pub,5,Suggerer produits similaires,awesome product
9626b478,183,view,WD 2TB Elements Portable External Hard Drive - USB 3.0 ,electronics,64,3.299999952316284,direct,1,Continuer navigation,great value for money
ff38c780,183,purchase,SanDisk SSD PLUS 1TB Internal SSD - SATA III 6 Gb/s,electronics,109,2.9000000953674316,email,5,Suggerer produits similaires,poor quality
b2d4d031,61,abandon,Silicon Power 256GB SSD 3D NAND A55 SLC Cache Performance Boost SATA III 2.5,electronics,109,4.800000190734863,direct,-1,Envoyer coupon -20%,great value for money
a0218e98,193,add_to_cart,WD 4TB Gaming Drive Works with Playstation 4 Portable External Hard Drive,electronics,114,4.800000190734863,direct,3,Proposer livraison gratuite,excellent quality
ed9eb26d,186,abandon,Acer SB220Q bi 21.5 inches Full HD (1920 x 1080) IPS Ultra-Thin,electronics,599,2.9000000953674316,google,-1,Envoyer coupon -20%,highly recommended
410af06e,188,abandon,Samsung 49-Inch CHG90 144Hz Curved Gaming Monitor (LC49HG90DMNXZA) – Super Ultrawide Screen QLED ,electronics,999.989990234375,2.200000047683716,direct,-1,Envoyer coupon -20%,awesome product
dadfb127,1,purchase,BIYLACLESEN Women's 3-in-1 Snowboard Jacket Winter Coats,women's clothing,56.9900016784668,2.5999999046325684,email,5,Suggerer produits similaires,highly recommended
eca71dd2,115,search,Lock and Love Women's Removable Hooded Faux Leather Moto Biker Jacket,women's clothing,29.950000762939453,2.9000000953674316,direct,1,Continuer navigation,highly recommended
89c1076b,7,abandon,Rain Jacket Women Windbreaker Striped Climbing Raincoats,women's clothing,39.9900016784668,3.799999952316284,pub,-1,Envoyer coupon -20%,very pleased
c8015791,166,search,MBJ Women's Solid Short Sleeve Boat Neck V ,women's clothing,9.850000381469727,4.699999809265137,pub,1,Continuer navigation,highly recommended
bfb919e6,31,abandon,Opna Women's Short Sleeve Moisture,women's clothing,7.949999809265137,4.5,reseaux_sociaux,-1,Envoyer coupon -20%,very pleased
1b7df0fd,102,view,DANVOUY Womens T Shirt Casual Cotton Short,women's clothing,12.989999771118164,3.5999999046325684,direct,1,Continuer navigation,great value for money
087ecaa9,136,add_to_cart,"Fjallraven - Foldsack No. 1 Backpack, Fits 15 Laptops",men's clothing,109.94999694824219,3.9000000953674316,direct,3,Proposer livraison gratuite,very unhappy with my purchase
7729fa4d,104,abandon,Mens Casual Premium Slim Fit T-Shirts ,men's clothing,22.299999237060547,4.099999904632568,pub,-1,Envoyer coupon -20%,poor quality
f148d721,73,view,Mens Cotton Jacket,men's clothing,55.9900016784668,4.699999809265137,email,1,Continuer navigation,would not recommend
b2247ee7,132,purchase,Mens Casual Slim Fit,men's clothing,15.989999771118164,2.0999999046325684,google,5,Suggerer produits similaires,fast shipping
8ed882b4,194,purchase,John Hardy Women's Legends Naga Gold & Silver Dragon Station Chain Bracelet,jewelery,695,4.599999904632568,reseaux_sociaux,5,Suggerer produits similaires,great product
7d118e55,54,view,Solid Gold Petite Micropave ,jewelery,168,3.9000000953674316,email,1,Continuer navigation,highly impressed
a125ae12,65,purchase,White Gold Plated Princess,jewelery,9.989999771118164,3,google,5,Suggerer produits similaires,would not recommend
8ee53722,90,add_to_cart,Pierced Owl Rose Gold Plated Stainless Steel Double,jewelery,10.989999771118164,1.899999976158142,reseaux_sociaux,3,Proposer livraison gratuite,very pleased
8bdbc364,29,view,WD 2TB Elements Portable External Hard Drive - USB 3.0 ,electronics,64,3.299999952316284,email,1,Continuer navigation,very satisfied
b9a451d7,121,view,SanDisk SSD PLUS 1TB Internal SSD - SATA III 6 Gb/s,electronics,109,2.9000000953674316,direct,1,Continuer navigation,great product
51d9c4f5,65,abandon,Silicon Power 256GB SSD 3D NAND A55 SLC Cache Performance Boost SATA III 2.5,electronics,109,4.800000190734863,email,-1,Envoyer coupon -20%,great product
d138c81d,148,search,WD 4TB Gaming Drive Works with Playstation 4 Portable External Hard Drive,electronics,114,4.800000190734863,direct,1,Continuer navigation,poor quality
11139181,136,add_to_cart,Acer SB220Q bi 21.5 inches Full HD (1920 x 1080) IPS Ultra-Thin,electronics,599,2.9000000953674316,pub,3,Proposer livraison gratuite,excellent quality
432d126f,49,view,Samsung 49-Inch CHG90 144Hz Curved Gaming Monitor (LC49HG90DMNXZA) – Super Ultrawide Screen QLED ,electronics,999.989990234375,2.200000047683716,pub,1,Continuer navigation,very pleased
a4366eb0,176,purchase,BIYLACLESEN Women's 3-in-1 Snowboard Jacket Winter Coats,women's clothing,56.9900016784668,2.5999999046325684,reseaux_sociaux,5,Suggerer produits similaires,highly impressed
66249944,147,add_to_cart,Lock and Love Women's Removable Hooded Faux Leather Moto Biker Jacket,women's clothing,29.950000762939453,2.9000000953674316,reseaux_sociaux,3,Proposer livraison gratuite,very unhappy with my purchase
43017c1a,190,search,Rain Jacket Women Windbreaker Striped Climbing Raincoats,women's clothing,39.9900016784668,3.799999952316284,email,1,Continuer navigation,very pleased
bb81f750,2,abandon,MBJ Women's Solid Short Sleeve Boat Neck V ,women's clothing,9.850000381469727,4.699999809265137,pub,-1,Envoyer coupon -20%,awesome product
0c30bd63,34,view,Opna Women's Short Sleeve Moisture,women's clothing,7.949999809265137,4.5,email,1,Continuer navigation,very happy with my purchase
ac67c322,198,purchase,DANVOUY Womens T Shirt Casual Cotton Short,women's clothing,12.989999771118164,3.5999999046325684,reseaux_sociaux,5,Suggerer produits similaires,excellent quality
a2e1cfb9,186,abandon,"Fjallraven - Foldsack No. 1 Backpack, Fits 15 Laptops",men's clothing,109.94999694824219,3.9000000953674316,pub,-1,Envoyer coupon -20%,excellent quality
5e3e09b8,11,add_to_cart,Mens Casual Premium Slim Fit T-Shirts ,men's clothing,22.299999237060547,4.099999904632568,google,3,Proposer livraison gratuite,very disappointed
5d58e15b,197,abandon,Mens Cotton Jacket,men's clothing,55.9900016784668,4.699999809265137,direct,-1,Envoyer coupon -20%,poor quality
8bcd4ca8,51,view,Mens Casual Slim Fit,men's clothing,15.989999771118164,2.0999999046325684,reseaux_sociaux,1,Continuer navigation,very pleased
06a6169e,67,search,John Hardy Women's Legends Naga Gold & Silver Dragon Station Chain Bracelet,jewelery,695,4.599999904632568,direct,1,Continuer navigation,great product
29adb236,76,purchase,Solid Gold Petite Micropave ,jewelery,168,3.9000000953674316,google,5,Suggerer produits similaires,very dissatisfied
3be9f787,97,purchase,White Gold Plated Princess,jewelery,9.989999771118164,3,direct,5,Suggerer produits similaires,not worth the price
b00f58c6,173,search,Pierced Owl Rose Gold Plated Stainless Steel Double,jewelery,10.989999771118164,1.899999976158142,email,1,Continuer navigation,great value for money
a2b0f2cc,84,view,WD 2TB Elements Portable External Hard Drive - USB 3.0 ,electronics,64,3.299999952316284,google,1,Continuer navigation,would buy again
4c9d5cbc,68,abandon,SanDisk SSD PLUS 1TB Internal SSD - SATA III 6 Gb/s,electronics,109,2.9000000953674316,pub,-1,Envoyer coupon -20%,would not buy again
c740d037,40,search,Silicon Power 256GB SSD 3D NAND A55 SLC Cache Performance Boost SATA III 2.5,electronics,109,4.800000190734863,google,1,Continuer navigation,awesome product
097bf774,106,add_to_cart,WD 4TB Gaming Drive Works with Playstation 4 Portable External Hard Drive,electronics,114,4.800000190734863,email,3,Proposer livraison gratuite,very pleased
3ebe8637,112,add_to_cart,Acer SB220Q bi 21.5 inches Full HD (1920 x 1080) IPS Ultra-Thin,electronics,599,2.9000000953674316,google,3,Proposer livraison gratuite,great product
95f7859b,60,add_to_cart,Samsung 49-Inch CHG90 144Hz Curved Gaming Monitor (LC49HG90DMNXZA) – Super Ultrawide Screen QLED ,electronics,999.989990234375,2.200000047683716,direct,3,Proposer livraison gratuite,would not recommend
ec2c5155,41,add_to_cart,BIYLACLESEN Women's 3-in-1 Snowboard Jacket Winter Coats,women's clothing,56.9900016784668,2.5999999046325684,reseaux_sociaux,3,Proposer livraison gratuite,highly recommended
acf4fae8,89,view,Lock and Love Women's Removable Hooded Faux Leather Moto Biker Jacket,women's clothing,29.950000762939453,2.9000000953674316,google,1,Continuer navigation,highly impressed
a21876a5,34,add_to_cart,Rain Jacket Women Windbreaker Striped Climbing Raincoats,women's clothing,39.9900016784668,3.799999952316284,direct,3,Proposer livraison gratuite,very unhappy with my purchase
29924fce,183,search,MBJ Women's Solid Short Sleeve Boat Neck V ,women's clothing,9.850000381469727,4.699999809265137,direct,1,Continuer navigation,not as described
521f2997,141,purchase,Opna Women's Short Sleeve Moisture,women's clothing,7.949999809265137,4.5,reseaux_sociaux,5,Suggerer produits similaires,excellent quality
f9f1811d,172,purchase,DANVOUY Womens T Shirt Casual Cotton Short,women's clothing,12.989999771118164,3.5999999046325684,direct,5,Suggerer produits similaires,would buy again
928a4e9a,79,purchase,"Fjallraven - Foldsack No. 1 Backpack, Fits 15 Laptops",men's clothing,109.94999694824219,3.9000000953674316,direct,5,Suggerer produits similaires,great product
d282c497,65,purchase,Mens Casual Premium Slim Fit T-Shirts ,men's clothing,22.299999237060547,4.099999904632568,google,5,Suggerer produits similaires,very unhappy with my purchase
ab598e76,12,purchase,Mens Cotton Jacket,men's clothing,55.9900016784668,4.699999809265137,email,5,Suggerer produits similaires,would buy again
3ee219a5,166,purchase,Mens Casual Slim Fit,men's clothing,15.989999771118164,2.0999999046325684,email,5,Suggerer produits similaires,great value for money
acd006ce,159,view,John Hardy Women's Legends Naga Gold & Silver Dragon Station Chain Bracelet,jewelery,695,4.599999904632568,reseaux_sociaux,1,Continuer navigation,would buy again
316e0d50,143,purchase,Solid Gold Petite Micropave ,jewelery,168,3.9000000953674316,email,5,Suggerer produits similaires,great value for money
acc661bc,182,search,White Gold Plated Princess,jewelery,9.989999771118164,3,reseaux_sociaux,1,Continuer navigation,excellent quality
e20e86fb,46,add_to_cart,Pierced Owl Rose Gold Plated Stainless Steel Double,jewelery,10.989999771118164,1.899999976158142,direct,3,Proposer livraison gratuite,fast shipping
61185c97,31,add_to_cart,WD 2TB Elements Portable External Hard Drive - USB 3.0 ,electronics,64,3.299999952316284,reseaux_sociaux,3,Proposer livraison gratuite,waste of money
393b6d37,102,view,SanDisk SSD PLUS 1TB Internal SSD - SATA III 6 Gb/s,electronics,109,2.9000000953674316,direct,1,Continuer navigation,great product
39fc8c4c,111,abandon,Silicon Power 256GB SSD 3D NAND A55 SLC Cache Performance Boost SATA III 2.5,electronics,109,4.800000190734863,email,-1,Envoyer coupon -20%,excellent quality
5ff2d309,190,abandon,WD 4TB Gaming Drive Works with Playstation 4 Portable External Hard Drive,electronics,114,4.800000190734863,email,-1,Envoyer coupon -20%,very disappointed
864078e5,67,abandon,Acer SB220Q bi 21.5 inches Full HD (1920 x 1080) IPS Ultra-Thin,electronics,599,2.9000000953674316,google,-1,Envoyer coupon -20%,highly impressed
901c7e52,146,add_to_cart,Samsung 49-Inch CHG90 144Hz Curved Gaming Monitor (LC49HG90DMNXZA) – Super Ultrawide Screen QLED ,electronics,999.989990234375,2.200000047683716,email,3,Proposer livraison gratuite,very happy with my purchase
5cdffbfd,110,view,BIYLACLESEN Women's 3-in-1 Snowboard Jacket Winter Coats,women's clothing,56.9900016784668,2.5999999046325684,email,1,Continuer navigation,very happy with my purchase
269bc79b,53,view,Lock and Love Women's Removable Hooded Faux Leather Moto Biker Jacket,women's clothing,29.950000762939453,2.9000000953674316,reseaux_sociaux,1,Continuer navigation,would not recommend
ef21e615,173,view,Rain Jacket Women Windbreaker Striped Climbing Raincoats,women's clothing,39.9900016784668,3.799999952316284,direct,1,Continuer navigation,would buy again
ca4990c8,33,search,MBJ Women's Solid Short Sleeve Boat Neck V ,women's clothing,9.850000381469727,4.699999809265137,direct,1,Continuer navigation,awesome product
329115e9,61,add_to_cart,Opna Women's Short Sleeve Moisture,women's clothing,7.949999809265137,4.5,google,3,Proposer livraison gratuite,awesome product
3b0c5c43,115,search,DANVOUY Womens T Shirt Casual Cotton Short,women's clothing,12.989999771118164,3.5999999046325684,direct,1,Continuer navigation,not as described
e210095b,133,search,"Fjallraven - Foldsack No. 1 Backpack, Fits 15 Laptops",men's clothing,109.94999694824219,3.9000000953674316,email,1,Continuer navigation,excellent quality
ab762570,78,search,Mens Casual Premium Slim Fit T-Shirts ,men's clothing,22.299999237060547,4.099999904632568,email,1,Continuer navigation,very unhappy with my purchase
fb92b60a,1,purchase,Mens Cotton Jacket,men's clothing,55.9900016784668,4.699999809265137,google,5,Suggerer produits similaires,highly recommended
ff299284,176,search,Mens Casual Slim Fit,men's clothing,15.989999771118164,2.0999999046325684,google,1,Continuer navigation,would not recommend
c175ca8b,71,view,John Hardy Women's Legends Naga Gold & Silver Dragon Station Chain Bracelet,jewelery,695,4.599999904632568,reseaux_sociaux,1,Continuer navigation,awesome product
19dba837,172,search,Solid Gold Petite Micropave ,jewelery,168,3.9000000953674316,direct,1,Continuer navigation,excellent quality
bb6ca0b0,72,view,White Gold Plated Princess,jewelery,9.989999771118164,3,pub,1,Continuer navigation,very disappointed
89da820c,3,search,Pierced Owl Rose Gold Plated Stainless Steel Double,jewelery,10.989999771118164,1.899999976158142,direct,1,Continuer navigation,would buy again
b0eb40ae,145,purchase,WD 2TB Elements Portable External Hard Drive - USB 3.0 ,electronics,64,3.299999952316284,email,5,Suggerer produits similaires,very disappointed
654dbca7,117,add_to_cart,SanDisk SSD PLUS 1TB Internal SSD - SATA III 6 Gb/s,electronics,109,2.9000000953674316,reseaux_sociaux,3,Proposer livraison gratuite,great product
0fe17f07,45,search,Silicon Power 256GB SSD 3D NAND A55 SLC Cache Performance Boost SATA III 2.5,electronics,109,4.800000190734863,direct,1,Continuer navigation,highly recommended
bad18c69,137,purchase,WD 4TB Gaming Drive Works with Playstation 4 Portable External Hard Drive,electronics,114,4.800000190734863,reseaux_sociaux,5,Suggerer produits similaires,would buy again
485d98b7,38,abandon,Acer SB220Q bi 21.5 inches Full HD (1920 x 1080) IPS Ultra-Thin,electronics,599,2.9000000953674316,direct,-1,Envoyer coupon -20%,very unhappy with my purchase
94c795b7,144,search,Samsung 49-Inch CHG90 144Hz Curved Gaming Monitor (LC49HG90DMNXZA) – Super Ultrawide Screen QLED ,electronics,999.989990234375,2.200000047683716,direct,1,Continuer navigation,would not recommend
b5114b00,59,search,BIYLACLESEN Women's 3-in-1 Snowboard Jacket Winter Coats,women's clothing,56.9900016784668,2.5999999046325684,google,1,Continuer navigation,very disappointed
c390e71f,110,search,Lock and Love Women's Removable Hooded Faux Leather Moto Biker Jacket,women's clothing,29.950000762939453,2.9000000953674316,reseaux_sociaux,1,Continuer navigation,poor quality
5a01c194,181,search,Rain Jacket Women Windbreaker Striped Climbing Raincoats,women's clothing,39.9900016784668,3.799999952316284,google,1,Continuer navigation,excellent quality
0b04a2c6,108,search,MBJ Women's Solid Short Sleeve Boat Neck V ,women's clothing,9.850000381469727,4.699999809265137,email,1,Continuer navigation,fast shipping
f1fad793,174,view,Opna Women's Short Sleeve Moisture,women's clothing,7.949999809265137,4.5,google,1,Continuer navigation,very happy with my purchase
d5e929ad,143,view,DANVOUY Womens T Shirt Casual Cotton Short,women's clothing,12.989999771118164,3.5999999046325684,google,1,Continuer navigation,very pleased
1a6e21b3,112,add_to_cart,"Fjallraven - Foldsack No. 1 Backpack, Fits 15 Laptops",men's clothing,109.94999694824219,3.9000000953674316,reseaux_sociaux,3,Proposer livraison gratuite,highly recommended
09980988,192,purchase,Mens Casual Premium Slim Fit T-Shirts ,men's clothing,22.299999237060547,4.099999904632568,reseaux_sociaux,5,Suggerer produits similaires,would buy again
9e57a4a1,155,view,Mens Cotton Jacket,men's clothing,55.9900016784668,4.699999809265137,reseaux_sociaux,1,Continuer navigation,great value for money
c2aded69,126,search,Mens Casual Slim Fit,men's clothing,15.989999771118164,2.0999999046325684,pub,1,Continuer navigation,would buy again
271b213a,59,view,John Hardy Women's Legends Naga Gold & Silver Dragon Station Chain Bracelet,jewelery,695,4.599999904632568,direct,1,Continuer navigation,awesome product
d32414f4,124,abandon,Solid Gold Petite Micropave ,jewelery,168,3.9000000953674316,direct,-1,Envoyer coupon -20%,highly impressed
2e9181db,157,view,White Gold Plated Princess,jewelery,9.989999771118164,3,reseaux_sociaux,1,Continuer navigation,very happy with my purchase
4282671c,36,add_to_cart,Pierced Owl Rose Gold Plated Stainless Steel Double,jewelery,10.989999771118164,1.899999976158142,pub,3,Proposer livraison gratuite,poor quality
bef63b25,36,add_to_cart,WD 2TB Elements Portable External Hard Drive - USB 3.0 ,electronics,64,3.299999952316284,reseaux_sociaux,3,Proposer livraison gratuite,awesome product
a3ba3781,161,abandon,SanDisk SSD PLUS 1TB Internal SSD - SATA III 6 Gb/s,electronics,109,2.9000000953674316,reseaux_sociaux,-1,Envoyer coupon -20%,poor quality
14573ecf,89,search,Silicon Power 256GB SSD 3D NAND A55 SLC Cache Performance Boost SATA III 2.5,electronics,109,4.800000190734863,pub,1,Continuer navigation,fast shipping
ccd05dde,134,search,WD 4TB Gaming Drive Works with Playstation 4 Portable External Hard Drive,electronics,114,4.800000190734863,email,1,Continuer navigation,poor quality
3a497b2a,17,view,Acer SB220Q bi 21.5 inches Full HD (1920 x 1080) IPS Ultra-Thin,electronics,599,2.9000000953674316,google,1,Continuer navigation,very disappointed
8eff9d4f,189,search,Samsung 49-Inch CHG90 144Hz Curved Gaming Monitor (LC49HG90DMNXZA) – Super Ultrawide Screen QLED ,electronics,999.989990234375,2.200000047683716,google,1,Continuer navigation,would buy again
8ee034ad,20,view,BIYLACLESEN Women's 3-in-1 Snowboard Jacket Winter Coats,women's clothing,56.9900016784668,2.5999999046325684,google,1,Continuer navigation,very pleased
bca96e46,123,purchase,Lock and Love Women's Removable Hooded Faux Leather Moto Biker Jacket,women's clothing,29.950000762939453,2.9000000953674316,pub,5,Suggerer produits similaires,highly impressed
c1c21f95,33,search,Rain Jacket Women Windbreaker Striped Climbing Raincoats,women's clothing,39.9900016784668,3.799999952316284,google,1,Continuer navigation,poor quality
4fdb1d83,154,search,MBJ Women's Solid Short Sleeve Boat Neck V ,women's clothing,9.850000381469727,4.699999809265137,pub,1,Continuer navigation,would buy again
d10f6fd8,82,view,Opna Women's Short Sleeve Moisture,women's clothing,7.949999809265137,4.5,google,1,Continuer navigation,great product
ec5d2b27,64,add_to_cart,DANVOUY Womens T Shirt Casual Cotton Short,women's clothing,12.989999771118164,3.5999999046325684,google,3,Proposer livraison gratuite,would buy again
f3376be8,179,purchase,"Fjallraven - Foldsack No. 1 Backpack, Fits 15 Laptops",men's clothing,109.94999694824219,3.9000000953674316,email,5,Suggerer produits similaires,would buy again
148df5c2,77,purchase,Mens Casual Premium Slim Fit T-Shirts ,men's clothing,22.299999237060547,4.099999904632568,email,5,Suggerer produits similaires,great product
d7c82360,163,view,Mens Cotton Jacket,men's clothing,55.9900016784668,4.699999809265137,google,1,Continuer navigation,poor quality
e5f59253,140,search,Mens Casual Slim Fit,men's clothing,15.989999771118164,2.0999999046325684,direct,1,Continuer navigation,highly impressed
8e5d5853,155,search,John Hardy Women's Legends Naga Gold & Silver Dragon Station Chain Bracelet,jewelery,695,4.599999904632568,pub,1,Continuer navigation,poor quality
4b2b241c,197,abandon,Solid Gold Petite Micropave ,jewelery,168,3.9000000953674316,email,-1,Envoyer coupon -20%,great value for money
d0705c37,189,view,White Gold Plated Princess,jewelery,9.989999771118164,3,google,1,Continuer navigation,very disappointed
2b8ecb7f,179,add_to_cart,Pierced Owl Rose Gold Plated Stainless Steel Double,jewelery,10.989999771118164,1.899999976158142,reseaux_sociaux,3,Proposer livraison gratuite,would not recommend
492fb841,45,abandon,WD 2TB Elements Portable External Hard Drive - USB 3.0 ,electronics,64,3.299999952316284,pub,-1,Envoyer coupon -20%,very disappointed
09145597,121,abandon,SanDisk SSD PLUS 1TB Internal SSD - SATA III 6 Gb/s,electronics,109,2.9000000953674316,direct,-1,Envoyer coupon -20%,highly impressed
92a6f09c,131,purchase,Silicon Power 256GB SSD 3D NAND A55 SLC Cache Performance Boost SATA III 2.5,electronics,109,4.800000190734863,pub,5,Suggerer produits similaires,poor quality
780c3b5a,163,add_to_cart,WD 4TB Gaming Drive Works with Playstation 4 Portable External Hard Drive,electronics,114,4.800000190734863,reseaux_sociaux,3,Proposer livraison gratuite,disappointing product
828f0024,100,view,Acer SB220Q bi 21.5 inches Full HD (1920 x 1080) IPS Ultra-Thin,electronics,599,2.9000000953674316,pub,1,Continuer navigation,highly impressed
3c3ce565,103,abandon,Samsung 49-Inch CHG90 144Hz Curved Gaming Monitor (LC49HG90DMNXZA) – Super Ultrawide Screen QLED ,electronics,999.989990234375,2.200000047683716,pub,-1,Envoyer coupon -20%,fast shipping
65dea58a,4,abandon,BIYLACLESEN Women's 3-in-1 Snowboard Jacket Winter Coats,women's clothing,56.9900016784668,2.5999999046325684,pub,-1,Envoyer coupon -20%,would buy again
9eb5327e,160,abandon,Lock and Love Women's Removable Hooded Faux Leather Moto Biker Jacket,women's clothing,29.950000762939453,2.9000000953674316,email,-1,Envoyer coupon -20%,would buy again
44d09423,41,add_to_cart,Rain Jacket Women Windbreaker Striped Climbing Raincoats,women's clothing,39.9900016784668,3.799999952316284,pub,3,Proposer livraison gratuite,highly impressed
93e12f76,166,purchase,MBJ Women's Solid Short Sleeve Boat Neck V ,women's clothing,9.850000381469727,4.699999809265137,reseaux_sociaux,5,Suggerer produits similaires,great value for money
b1070e63,75,abandon,Opna Women's Short Sleeve Moisture,women's clothing,7.949999809265137,4.5,pub,-1,Envoyer coupon -20%,awesome product
06d10c03,115,purchase,DANVOUY Womens T Shirt Casual Cotton Short,women's clothing,12.989999771118164,3.5999999046325684,direct,5,Suggerer produits similaires,would buy again
0feb23b9,171,view,"Fjallraven - Foldsack No. 1 Backpack, Fits 15 Laptops",men's clothing,109.94999694824219,3.9000000953674316,email,1,Continuer navigation,fast shipping
3e3acb9d,113,abandon,Mens Casual Premium Slim Fit T-Shirts ,men's clothing,22.299999237060547,4.099999904632568,email,-1,Envoyer coupon -20%,poor quality
cd6adde5,92,add_to_cart,Mens Cotton Jacket,men's clothing,55.9900016784668,4.699999809265137,google,3,Proposer livraison gratuite,highly impressed
aa89f92d,58,purchase,Mens Casual Slim Fit,men's clothing,15.989999771118164,2.0999999046325684,pub,5,Suggerer produits similaires,highly impressed
c480b48f,137,view,John Hardy Women's Legends Naga Gold & Silver Dragon Station Chain Bracelet,jewelery,695,4.599999904632568,email,1,Continuer navigation,would buy again
ace59042,66,search,Solid Gold Petite Micropave ,jewelery,168,3.9000000953674316,reseaux_sociaux,1,Continuer navigation,fast shipping
e8c661cf,52,purchase,White Gold Plated Princess,jewelery,9.989999771118164,3,google,5,Suggerer produits similaires,excellent quality
43c8485f,198,purchase,Pierced Owl Rose Gold Plated Stainless Steel Double,jewelery,10.989999771118164,1.899999976158142,direct,5,Suggerer produits similaires,highly impressed
56ca7cc2,140,purchase,WD 2TB Elements Portable External Hard Drive - USB 3.0 ,electronics,64,3.299999952316284,google,5,Suggerer produits similaires,would not buy again
e9a2a6c2,9,abandon,SanDisk SSD PLUS 1TB Internal SSD - SATA III 6 Gb/s,electronics,109,2.9000000953674316,reseaux_sociaux,-1,Envoyer coupon -20%,would buy again
ecc0e73f,23,purchase,Silicon Power 256GB SSD 3D NAND A55 SLC Cache Performance Boost SATA III 2.5,electronics,109,4.800000190734863,reseaux_sociaux,5,Suggerer produits similaires,very satisfied
38d33d6a,139,view,WD 4TB Gaming Drive Works with Playstation 4 Portable External Hard Drive,electronics,114,4.800000190734863,email,1,Continuer navigation,poor quality
62b05016,174,purchase,Acer SB220Q bi 21.5 inches Full HD (1920 x 1080) IPS Ultra-Thin,electronics,599,2.9000000953674316,pub,5,Suggerer produits similaires,highly recommended
62350d9d,76,search,Samsung 49-Inch CHG90 144Hz Curved Gaming Monitor (LC49HG90DMNXZA) – Super Ultrawide Screen QLED ,electronics,999.989990234375,2.200000047683716,google,1,Continuer navigation,poor quality
109a4cbc,67,view,BIYLACLESEN Women's 3-in-1 Snowboard Jacket Winter Coats,women's clothing,56.9900016784668,2.5999999046325684,reseaux_sociaux,1,Continuer navigation,fast shipping
fa005cd0,55,add_to_cart,Lock and Love Women's Removable Hooded Faux Leather Moto Biker Jacket,women's clothing,29.950000762939453,2.9000000953674316,reseaux_sociaux,3,Proposer livraison gratuite,great value for money
fed0b45c,87,abandon,Rain Jacket Women Windbreaker Striped Climbing Raincoats,women's clothing,39.9900016784668,3.799999952316284,reseaux_sociaux,-1,Envoyer coupon -20%,not as described
a3f37cf3,34,purchase,MBJ Women's Solid Short Sleeve Boat Neck V ,women's clothing,9.850000381469727,4.699999809265137,pub,5,Suggerer produits similaires,poor quality
79ce0eb1,180,add_to_cart,Opna Women's Short Sleeve Moisture,women's clothing,7.949999809265137,4.5,pub,3,Proposer livraison gratuite,awesome product
6bfe786d,75,search,DANVOUY Womens T Shirt Casual Cotton Short,women's clothing,12.989999771118164,3.5999999046325684,direct,1,Continuer navigation,highly impressed
c4ccc1e1,61,purchase,"Fjallraven - Foldsack No. 1 Backpack, Fits 15 Laptops",men's clothing,109.94999694824219,3.9000000953674316,direct,5,Suggerer produits similaires,very unhappy with my purchase
4c23d1fb,137,abandon,Mens Casual Premium Slim Fit T-Shirts ,men's clothing,22.299999237060547,4.099999904632568,google,-1,Envoyer coupon -20%,would not buy again
a4a1a51f,23,purchase,Mens Cotton Jacket,men's clothing,55.9900016784668,4.699999809265137,direct,5,Suggerer produits similaires,excellent quality
b2daf152,100,abandon,Mens Casual Slim Fit,men's clothing,15.989999771118164,2.0999999046325684,pub,-1,Envoyer coupon -20%,would not recommend
fce2ca6e,130,view,John Hardy Women's Legends Naga Gold & Silver Dragon Station Chain Bracelet,jewelery,695,4.599999904632568,reseaux_sociaux,1,Continuer navigation,very unhappy with my purchase
c9eee606,65,abandon,Solid Gold Petite Micropave ,jewelery,168,3.9000000953674316,direct,-1,Envoyer coupon -20%,highly impressed
1c213c90,14,search,White Gold Plated Princess,jewelery,9.989999771118164,3,reseaux_sociaux,1,Continuer navigation,very disappointed
ef9f782b,37,add_to_cart,Pierced Owl Rose Gold Plated Stainless Steel Double,jewelery,10.989999771118164,1.899999976158142,google,3,Proposer livraison gratuite,fast shipping
f3086f7b,26,add_to_cart,WD 2TB Elements Portable External Hard Drive - USB 3.0 ,electronics,64,3.299999952316284,direct,3,Proposer livraison gratuite,highly impressed
d7cde253,124,add_to_cart,SanDisk SSD PLUS 1TB Internal SSD - SATA III 6 Gb/s,electronics,109,2.9000000953674316,pub,3,Proposer livraison gratuite,excellent quality
e6724396,107,search,Silicon Power 256GB SSD 3D NAND A55 SLC Cache Performance Boost SATA III 2.5,electronics,109,4.800000190734863,reseaux_sociaux,1,Continuer navigation,very unhappy with my purchase
8e435c16,50,add_to_cart,WD 4TB Gaming Drive Works with Playstation 4 Portable External Hard Drive,electronics,114,4.800000190734863,direct,3,Proposer livraison gratuite,highly impressed
ca3feb8b,182,search,Acer SB220Q bi 21.5 inches Full HD (1920 x 1080) IPS Ultra-Thin,electronics,599,2.9000000953674316,pub,1,Continuer navigation,great product
72ba566d,108,add_to_cart,Samsung 49-Inch CHG90 144Hz Curved Gaming Monitor (LC49HG90DMNXZA) – Super Ultrawide Screen QLED ,electronics,999.989990234375,2.200000047683716,google,3,Proposer livraison gratuite,great value for money
a0605fb0,28,add_to_cart,BIYLACLESEN Women's 3-in-1 Snowboard Jacket Winter Coats,women's clothing,56.9900016784668,2.5999999046325684,pub,3,Proposer livraison gratuite,very disappointed
d1cbc8f0,47,search,Lock and Love Women's Removable Hooded Faux Leather Moto Biker Jacket,women's clothing,29.950000762939453,2.9000000953674316,reseaux_sociaux,1,Continuer navigation,very dissatisfied
ee25612b,170,add_to_cart,Rain Jacket Women Windbreaker Striped Climbing Raincoats,women's clothing,39.9900016784668,3.799999952316284,google,3,Proposer livraison gratuite,highly impressed
a446662e,33,view,MBJ Women's Solid Short Sleeve Boat Neck V ,women's clothing,9.850000381469727,4.699999809265137,direct,1,Continuer navigation,would buy again
11fafd7d,33,search,Opna Women's Short Sleeve Moisture,women's clothing,7.949999809265137,4.5,pub,1,Continuer navigation,great product
7f6be985,94,search,DANVOUY Womens T Shirt Casual Cotton Short,women's clothing,12.989999771118164,3.5999999046325684,google,1,Continuer navigation,not as described
75c896f0,123,abandon,"Fjallraven - Foldsack No. 1 Backpack, Fits 15 Laptops",men's clothing,109.94999694824219,3.9000000953674316,direct,-1,Envoyer coupon -20%,fast shipping
dcce0fcc,164,abandon,Mens Casual Premium Slim Fit T-Shirts ,men's clothing,22.299999237060547,4.099999904632568,reseaux_sociaux,-1,Envoyer coupon -20%,fast shipping
e6581d5e,15,abandon,Mens Cotton Jacket,men's clothing,55.9900016784668,4.699999809265137,pub,-1,Envoyer coupon -20%,highly impressed
642bb6ac,174,purchase,Mens Casual Slim Fit,men's clothing,15.989999771118164,2.0999999046325684,email,5,Suggerer produits similaires,would not buy again
62146b82,41,purchase,John Hardy Women's Legends Naga Gold & Silver Dragon Station Chain Bracelet,jewelery,695,4.599999904632568,email,5,Suggerer produits similaires,would not buy again
baa3a760,115,abandon,Solid Gold Petite Micropave ,jewelery,168,3.9000000953674316,direct,-1,Envoyer coupon -20%,great product
0572ea31,6,search,White Gold Plated Princess,jewelery,9.989999771118164,3,reseaux_sociaux,1,Continuer navigation,would buy again
0274a7ed,180,add_to_cart,Pierced Owl Rose Gold Plated Stainless Steel Double,jewelery,10.989999771118164,1.899999976158142,email,3,Proposer livraison gratuite,poor quality
f4828103,51,purchase,WD 2TB Elements Portable External Hard Drive - USB 3.0 ,electronics,64,3.299999952316284,reseaux_sociaux,5,Suggerer produits similaires,would not recommend
5d5d44d2,197,search,SanDisk SSD PLUS 1TB Internal SSD - SATA III 6 Gb/s,electronics,109,2.9000000953674316,google,1,Continuer navigation,poor quality
a35dccb8,126,search,Silicon Power 256GB SSD 3D NAND A55 SLC Cache Performance Boost SATA III 2.5,electronics,109,4.800000190734863,direct,1,Continuer navigation,awesome product
249330d6,117,add_to_cart,WD 4TB Gaming Drive Works with Playstation 4 Portable External Hard Drive,electronics,114,4.800000190734863,email,3,Proposer livraison gratuite,very unhappy with my purchase
215b16d0,44,purchase,Acer SB220Q bi 21.5 inches Full HD (1920 x 1080) IPS Ultra-Thin,electronics,599,2.9000000953674316,reseaux_sociaux,5,Suggerer produits similaires,would not recommend
edf73772,177,add_to_cart,Samsung 49-Inch CHG90 144Hz Curved Gaming Monitor (LC49HG90DMNXZA) – Super Ultrawide Screen QLED ,electronics,999.989990234375,2.200000047683716,reseaux_sociaux,3,Proposer livraison gratuite,great product
1b1dcf77,184,purchase,BIYLACLESEN Women's 3-in-1 Snowboard Jacket Winter Coats,women's clothing,56.9900016784668,2.5999999046325684,reseaux_sociaux,5,Suggerer produits similaires,great product
a48cc55c,173,add_to_cart,Lock and Love Women's Removable Hooded Faux Leather Moto Biker Jacket,women's clothing,29.950000762939453,2.9000000953674316,reseaux_sociaux,3,Proposer livraison gratuite,would not buy again
e9b91a98,74,search,Rain Jacket Women Windbreaker Striped Climbing Raincoats,women's clothing,39.9900016784668,3.799999952316284,google,1,Continuer navigation,would not recommend
a7c2681a,82,search,MBJ Women's Solid Short Sleeve Boat Neck V ,women's clothing,9.850000381469727,4.699999809265137,direct,1,Continuer navigation,fast shipping
bde8935a,55,search,Opna Women's Short Sleeve Moisture,women's clothing,7.949999809265137,4.5,pub,1,Continuer navigation,very unhappy with my purchase
6d75eab8,63,abandon,DANVOUY Womens T Shirt Casual Cotton Short,women's clothing,12.989999771118164,3.5999999046325684,email,-1,Envoyer coupon -20%,very disappointed
28fce27c,85,abandon,"Fjallraven - Foldsack No. 1 Backpack, Fits 15 Laptops",men's clothing,109.94999694824219,3.9000000953674316,direct,-1,Envoyer coupon -20%,very pleased
d47525bd,140,search,Mens Casual Premium Slim Fit T-Shirts ,men's clothing,22.299999237060547,4.099999904632568,google,1,Continuer navigation,great product
d992fab9,131,view,Mens Cotton Jacket,men's clothing,55.9900016784668,4.699999809265137,pub,1,Continuer navigation,great product
d1f8724d,129,view,Mens Casual Slim Fit,men's clothing,15.989999771118164,2.0999999046325684,email,1,Continuer navigation,highly impressed
8d760031,125,abandon,John Hardy Women's Legends Naga Gold & Silver Dragon Station Chain Bracelet,jewelery,695,4.599999904632568,reseaux_sociaux,-1,Envoyer coupon -20%,very happy with my purchase
c975c25d,163,view,Solid Gold Petite Micropave ,jewelery,168,3.9000000953674316,reseaux_sociaux,1,Continuer navigation,very satisfied
8933037e,145,abandon,White Gold Plated Princess,jewelery,9.989999771118164,3,reseaux_sociaux,-1,Envoyer coupon -20%,poor quality
fd980038,172,view,Pierced Owl Rose Gold Plated Stainless Steel Double,jewelery,10.989999771118164,1.899999976158142,pub,1,Continuer navigation,great product
9aa082aa,183,add_to_cart,WD 2TB Elements Portable External Hard Drive - USB 3.0 ,electronics,64,3.299999952316284,email,3,Proposer livraison gratuite,fast shipping
aea93cf4,72,view,SanDisk SSD PLUS 1TB Internal SSD - SATA III 6 Gb/s,electronics,109,2.9000000953674316,email,1,Continuer navigation,would buy again
4aec52fb,151,view,Silicon Power 256GB SSD 3D NAND A55 SLC Cache Performance Boost SATA III 2.5,electronics,109,4.800000190734863,email,1,Continuer navigation,excellent quality
dee7d27e,13,add_to_cart,WD 4TB Gaming Drive Works with Playstation 4 Portable External Hard Drive,electronics,114,4.800000190734863,email,3,Proposer livraison gratuite,excellent quality
7d305c46,18,abandon,Acer SB220Q bi 21.5 inches Full HD (1920 x 1080) IPS Ultra-Thin,electronics,599,2.9000000953674316,pub,-1,Envoyer coupon -20%,awesome product
456cb153,162,search,Samsung 49-Inch CHG90 144Hz Curved Gaming Monitor (LC49HG90DMNXZA) – Super Ultrawide Screen QLED ,electronics,999.989990234375,2.200000047683716,google,1,Continuer navigation,highly impressed
9c07ed1c,127,purchase,BIYLACLESEN Women's 3-in-1 Snowboard Jacket Winter Coats,women's clothing,56.9900016784668,2.5999999046325684,direct,5,Suggerer produits similaires,highly impressed
6f1932d2,136,search,Lock and Love Women's Removable Hooded Faux Leather Moto Biker Jacket,women's clothing,29.950000762939453,2.9000000953674316,google,1,Continuer navigation,very pleased
43157055,43,search,Rain Jacket Women Windbreaker Striped Climbing Raincoats,women's clothing,39.9900016784668,3.799999952316284,email,1,Continuer navigation,disappointing product
ae8c1fcf,87,abandon,MBJ Women's Solid Short Sleeve Boat Neck V ,women's clothing,9.850000381469727,4.699999809265137,email,-1,Envoyer coupon -20%,would buy again
b9c0995e,84,search,Opna Women's Short Sleeve Moisture,women's clothing,7.949999809265137,4.5,email,1,Continuer navigation,would not recommend
4db697df,107,search,DANVOUY Womens T Shirt Casual Cotton Short,women's clothing,12.989999771118164,3.5999999046325684,google,1,Continuer navigation,great value for money
cad63377,72,search,"Fjallraven - Foldsack No. 1 Backpack, Fits 15 Laptops",men's clothing,109.94999694824219,3.9000000953674316,email,1,Continuer navigation,very disappointed
89ea3a5f,166,search,Mens Casual Premium Slim Fit T-Shirts ,men's clothing,22.299999237060547,4.099999904632568,email,1,Continuer navigation,highly recommended
7f650140,109,purchase,Mens Cotton Jacket,men's clothing,55.9900016784668,4.699999809265137,pub,5,Suggerer produits similaires,very dissatisfied
7839922c,24,purchase,Mens Casual Slim Fit,men's clothing,15.989999771118164,2.0999999046325684,google,5,Suggerer produits similaires,excellent quality
ba871c01,65,search,John Hardy Women's Legends Naga Gold & Silver Dragon Station Chain Bracelet,jewelery,695,4.599999904632568,email,1,Continuer navigation,great product
a8abdb37,37,abandon,Solid Gold Petite Micropave ,jewelery,168,3.9000000953674316,email,-1,Envoyer coupon -20%,great product
f6a5a175,88,abandon,White Gold Plated Princess,jewelery,9.989999771118164,3,direct,-1,Envoyer coupon -20%,great value for money
ba1781d4,171,purchase,Pierced Owl Rose Gold Plated Stainless Steel Double,jewelery,10.989999771118164,1.899999976158142,direct,5,Suggerer produits similaires,great product
60711d61,87,abandon,WD 2TB Elements Portable External Hard Drive - USB 3.0 ,electronics,64,3.299999952316284,google,-1,Envoyer coupon -20%,great product
59d6a46b,57,view,SanDisk SSD PLUS 1TB Internal SSD - SATA III 6 Gb/s,electronics,109,2.9000000953674316,direct,1,Continuer navigation,fast shipping
e7f644b2,199,abandon,Silicon Power 256GB SSD 3D NAND A55 SLC Cache Performance Boost SATA III 2.5,electronics,109,4.800000190734863,email,-1,Envoyer coupon -20%,very pleased
980fb301,151,view,WD 4TB Gaming Drive Works with Playstation 4 Portable External Hard Drive,electronics,114,4.800000190734863,email,1,Continuer navigation,would not recommend
ee770aab,134,view,Acer SB220Q bi 21.5 inches Full HD (1920 x 1080) IPS Ultra-Thin,electronics,599,2.9000000953674316,direct,1,Continuer navigation,highly impressed
bca8adc5,52,purchase,Samsung 49-Inch CHG90 144Hz Curved Gaming Monitor (LC49HG90DMNXZA) – Super Ultrawide Screen QLED ,electronics,999.989990234375,2.200000047683716,reseaux_sociaux,5,Suggerer produits similaires,highly impressed
c32fd5e9,103,view,BIYLACLESEN Women's 3-in-1 Snowboard Jacket Winter Coats,women's clothing,56.9900016784668,2.5999999046325684,pub,1,Continuer navigation,very happy with my purchase
088de5dd,52,add_to_cart,Lock and Love Women's Removable Hooded Faux Leather Moto Biker Jacket,women's clothing,29.950000762939453,2.9000000953674316,reseaux_sociaux,3,Proposer livraison gratuite,fast shipping
86584d7c,113,abandon,Rain Jacket Women Windbreaker Striped Climbing Raincoats,women's clothing,39.9900016784668,3.799999952316284,google,-1,Envoyer coupon -20%,poor quality
05593a96,121,view,MBJ Women's Solid Short Sleeve Boat Neck V ,women's clothing,9.850000381469727,4.699999809265137,pub,1,Continuer navigation,would not recommend
ba78e5a1,11,search,Opna Women's Short Sleeve Moisture,women's clothing,7.949999809265137,4.5,reseaux_sociaux,1,Continuer navigation,would not buy again
da9961c8,195,view,DANVOUY Womens T Shirt Casual Cotton Short,women's clothing,12.989999771118164,3.5999999046325684,email,1,Continuer navigation,highly recommended
287925a4,8,purchase,"Fjallraven - Foldsack No. 1 Backpack, Fits 15 Laptops",men's clothing,109.94999694824219,3.9000000953674316,direct,5,Suggerer produits similaires,great value for money
840ae010,134,abandon,Mens Casual Premium Slim Fit T-Shirts ,men's clothing,22.299999237060547,4.099999904632568,direct,-1,Envoyer coupon -20%,would not recommend
a9b099a3,74,view,Mens Cotton Jacket,men's clothing,55.9900016784668,4.699999809265137,reseaux_sociaux,1,Continuer navigation,awesome product
08d62641,161,search,Mens Casual Slim Fit,men's clothing,15.989999771118164,2.0999999046325684,pub,1,Continuer navigation,very pleased
f174e3f1,141,abandon,John Hardy Women's Legends Naga Gold & Silver Dragon Station Chain Bracelet,jewelery,695,4.599999904632568,pub,-1,Envoyer coupon -20%,fast shipping
c7d4f27a,45,add_to_cart,Solid Gold Petite Micropave ,jewelery,168,3.9000000953674316,direct,3,Proposer livraison gratuite,great value for money
fbc308cd,82,add_to_cart,White Gold Plated Princess,jewelery,9.989999771118164,3,google,3,Proposer livraison gratuite,great value for money
35344bbc,77,add_to_cart,Pierced Owl Rose Gold Plated Stainless Steel Double,jewelery,10.989999771118164,1.899999976158142,pub,3,Proposer livraison gratuite,excellent quality
d3a1d9a8,137,abandon,WD 2TB Elements Portable External Hard Drive - USB 3.0 ,electronics,64,3.299999952316284,direct,-1,Envoyer coupon -20%,very happy with my purchase
4c3f05c7,193,search,SanDisk SSD PLUS 1TB Internal SSD - SATA III 6 Gb/s,electronics,109,2.9000000953674316,reseaux_sociaux,1,Continuer navigation,highly recommended
8935981b,155,view,Silicon Power 256GB SSD 3D NAND A55 SLC Cache Performance Boost SATA III 2.5,electronics,109,4.800000190734863,pub,1,Continuer navigation,would not recommend
1e0394b1,172,abandon,WD 4TB Gaming Drive Works with Playstation 4 Portable External Hard Drive,electronics,114,4.800000190734863,email,-1,Envoyer coupon -20%,poor quality
613cbe75,97,abandon,Acer SB220Q bi 21.5 inches Full HD (1920 x 1080) IPS Ultra-Thin,electronics,599,2.9000000953674316,reseaux_sociaux,-1,Envoyer coupon -20%,great product
520504f3,15,purchase,Samsung 49-Inch CHG90 144Hz Curved Gaming Monitor (LC49HG90DMNXZA) – Super Ultrawide Screen QLED ,electronics,999.989990234375,2.200000047683716,reseaux_sociaux,5,Suggerer produits similaires,would not recommend
daadf903,97,search,BIYLACLESEN Women's 3-in-1 Snowboard Jacket Winter Coats,women's clothing,56.9900016784668,2.5999999046325684,pub,1,Continuer navigation,would buy again
38334bdf,161,purchase,Lock and Love Women's Removable Hooded Faux Leather Moto Biker Jacket,women's clothing,29.950000762939453,2.9000000953674316,reseaux_sociaux,5,Suggerer produits similaires,highly recommended
a428cd54,22,abandon,Rain Jacket Women Windbreaker Striped Climbing Raincoats,women's clothing,39.9900016784668,3.799999952316284,email,-1,Envoyer coupon -20%,would not recommend
bf0cb8ab,87,view,MBJ Women's Solid Short Sleeve Boat Neck V ,women's clothing,9.850000381469727,4.699999809265137,google,1,Continuer navigation,would buy again
73bc9884,124,abandon,Opna Women's Short Sleeve Moisture,women's clothing,7.949999809265137,4.5,email,-1,Envoyer coupon -20%,highly recommended
57347966,40,search,DANVOUY Womens T Shirt Casual Cotton Short,women's clothing,12.989999771118164,3.5999999046325684,direct,1,Continuer navigation,highly impressed
cdfce783,141,search,"Fjallraven - Foldsack No. 1 Backpack, Fits 15 Laptops",men's clothing,109.94999694824219,3.9000000953674316,direct,1,Continuer navigation,great product
29a96c4b,75,view,Mens Casual Premium Slim Fit T-Shirts ,men's clothing,22.299999237060547,4.099999904632568,pub,1,Continuer navigation,very happy with my purchase
a4a3a8f3,162,add_to_cart,Mens Cotton Jacket,men's clothing,55.9900016784668,4.699999809265137,direct,3,Proposer livraison gratuite,very dissatisfied
bc042c0a,142,add_to_cart,Mens Casual Slim Fit,men's clothing,15.989999771118164,2.0999999046325684,reseaux_sociaux,3,Proposer livraison gratuite,very unhappy with my purchase
9e8b3e94,126,view,John Hardy Women's Legends Naga Gold & Silver Dragon Station Chain Bracelet,jewelery,695,4.599999904632568,pub,1,Continuer navigation,fast shipping
298b3054,103,view,Solid Gold Petite Micropave ,jewelery,168,3.9000000953674316,google,1,Continuer navigation,great product
45eccfef,127,add_to_cart,White Gold Plated Princess,jewelery,9.989999771118164,3,email,3,Proposer livraison gratuite,great product
7f2a31e0,70,search,Pierced Owl Rose Gold Plated Stainless Steel Double,jewelery,10.989999771118164,1.899999976158142,google,1,Continuer navigation,great product
a5f5a9b8,9,view,WD 2TB Elements Portable External Hard Drive - USB 3.0 ,electronics,64,3.299999952316284,reseaux_sociaux,1,Continuer navigation,highly recommended
9a59c7f7,199,add_to_cart,SanDisk SSD PLUS 1TB Internal SSD - SATA III 6 Gb/s,electronics,109,2.9000000953674316,pub,3,Proposer livraison gratuite,very unhappy with my purchase
1eb1243c,53,purchase,Silicon Power 256GB SSD 3D NAND A55 SLC Cache Performance Boost SATA III 2.5,electronics,109,4.800000190734863,pub,5,Suggerer produits similaires,poor quality
3169493f,34,add_to_cart,WD 4TB Gaming Drive Works with Playstation 4 Portable External Hard Drive,electronics,114,4.800000190734863,email,3,Proposer livraison gratuite,would not recommend
3a66a5ae,43,add_to_cart,Acer SB220Q bi 21.5 inches Full HD (1920 x 1080) IPS Ultra-Thin,electronics,599,2.9000000953674316,pub,3,Proposer livraison gratuite,awesome product
d5f0dc60,11,add_to_cart,Samsung 49-Inch CHG90 144Hz Curved Gaming Monitor (LC49HG90DMNXZA) – Super Ultrawide Screen QLED ,electronics,999.989990234375,2.200000047683716,pub,3,Proposer livraison gratuite,would not buy again
d6c1410e,171,add_to_cart,BIYLACLESEN Women's 3-in-1 Snowboard Jacket Winter Coats,women's clothing,56.9900016784668,2.5999999046325684,pub,3,Proposer livraison gratuite,not as described
b8cb1fb8,174,add_to_cart,Lock and Love Women's Removable Hooded Faux Leather Moto Biker Jacket,women's clothing,29.950000762939453,2.9000000953674316,direct,3,Proposer livraison gratuite,would not buy again
8e676615,147,add_to_cart,Rain Jacket Women Windbreaker Striped Climbing Raincoats,women's clothing,39.9900016784668,3.799999952316284,reseaux_sociaux,3,Proposer livraison gratuite,poor quality
6a0b5427,32,search,MBJ Women's Solid Short Sleeve Boat Neck V ,women's clothing,9.850000381469727,4.699999809265137,pub,1,Continuer navigation,very disappointed
ceafcfd0,149,view,Opna Women's Short Sleeve Moisture,women's clothing,7.949999809265137,4.5,reseaux_sociaux,1,Continuer navigation,very dissatisfied
667cfb69,181,purchase,DANVOUY Womens T Shirt Casual Cotton Short,women's clothing,12.989999771118164,3.5999999046325684,pub,5,Suggerer produits similaires,would buy again
189c4f7c,173,abandon,"Fjallraven - Foldsack No. 1 Backpack, Fits 15 Laptops",men's clothing,109.94999694824219,3.9000000953674316,reseaux_sociaux,-1,Envoyer coupon -20%,great value for money
f6781f47,193,view,Mens Casual Premium Slim Fit T-Shirts ,men's clothing,22.299999237060547,4.099999904632568,google,1,Continuer navigation,great product
77b934cc,178,view,Mens Cotton Jacket,men's clothing,55.9900016784668,4.699999809265137,reseaux_sociaux,1,Continuer navigation,excellent quality
339c9bcb,74,search,Mens Casual Slim Fit,men's clothing,15.989999771118164,2.0999999046325684,direct,1,Continuer navigation,very unhappy with my purchase
7cac7a5c,92,purchase,John Hardy Women's Legends Naga Gold & Silver Dragon Station Chain Bracelet,jewelery,695,4.599999904632568,pub,5,Suggerer produits similaires,would buy again
7d34b8a8,188,abandon,Solid Gold Petite Micropave ,jewelery,168,3.9000000953674316,pub,-1,Envoyer coupon -20%,very pleased
f42053a0,4,purchase,White Gold Plated Princess,jewelery,9.989999771118164,3,email,5,Suggerer produits similaires,very unhappy with my purchase
49c34d79,110,abandon,Pierced Owl Rose Gold Plated Stainless Steel Double,jewelery,10.989999771118164,1.899999976158142,reseaux_sociaux,-1,Envoyer coupon -20%,highly recommended
4c6df30f,10,abandon,WD 2TB Elements Portable External Hard Drive - USB 3.0 ,electronics,64,3.299999952316284,email,-1,Envoyer coupon -20%,would not recommend
b167ecda,82,view,SanDisk SSD PLUS 1TB Internal SSD - SATA III 6 Gb/s,electronics,109,2.9000000953674316,pub,1,Continuer navigation,excellent quality
367932ac,92,view,Silicon Power 256GB SSD 3D NAND A55 SLC Cache Performance Boost SATA III 2.5,electronics,109,4.800000190734863,google,1,Continuer navigation,excellent quality
7048949c,144,view,WD 4TB Gaming Drive Works with Playstation 4 Portable External Hard Drive,electronics,114,4.800000190734863,google,1,Continuer navigation,poor quality
700c38da,179,view,Acer SB220Q bi 21.5 inches Full HD (1920 x 1080) IPS Ultra-Thin,electronics,599,2.9000000953674316,google,1,Continuer navigation,waste of money
b4925057,113,view,Samsung 49-Inch CHG90 144Hz Curved Gaming Monitor (LC49HG90DMNXZA) – Super Ultrawide Screen QLED ,electronics,999.989990234375,2.200000047683716,direct,1,Continuer navigation,poor quality
15b3f398,56,abandon,BIYLACLESEN Women's 3-in-1 Snowboard Jacket Winter Coats,women's clothing,56.9900016784668,2.5999999046325684,reseaux_sociaux,-1,Envoyer coupon -20%,highly impressed
2333faaf,152,abandon,Lock and Love Women's Removable Hooded Faux Leather Moto Biker Jacket,women's clothing,29.950000762939453,2.9000000953674316,pub,-1,Envoyer coupon -20%,awesome product
f332bed9,12,purchase,Rain Jacket Women Windbreaker Striped Climbing Raincoats,women's clothing,39.9900016784668,3.799999952316284,google,5,Suggerer produits similaires,poor quality
00b276b4,125,add_to_cart,MBJ Women's Solid Short Sleeve Boat Neck V ,women's clothing,9.850000381469727,4.699999809265137,email,3,Proposer livraison gratuite,fast shipping
85c95931,161,purchase,Opna Women's Short Sleeve Moisture,women's clothing,7.949999809265137,4.5,google,5,Suggerer produits similaires,poor quality
dd262e52,11,add_to_cart,DANVOUY Womens T Shirt Casual Cotton Short,women's clothing,12.989999771118164,3.5999999046325684,direct,3,Proposer livraison gratuite,disappointing product
0ae98061,97,view,"Fjallraven - Foldsack No. 1 Backpack, Fits 15 Laptops",men's clothing,109.94999694824219,3.9000000953674316,direct,1,Continuer navigation,would not recommend
af3b3877,159,add_to_cart,Mens Casual Premium Slim Fit T-Shirts ,men's clothing,22.299999237060547,4.099999904632568,pub,3,Proposer livraison gratuite,poor quality
05672899,127,purchase,Mens Cotton Jacket,men's clothing,55.9900016784668,4.699999809265137,pub,5,Suggerer produits similaires,great value for money
85da7413,71,search,Mens Casual Slim Fit,men's clothing,15.989999771118164,2.0999999046325684,pub,1,Continuer navigation,great product
23e9eca3,21,purchase,John Hardy Women's Legends Naga Gold & Silver Dragon Station Chain Bracelet,jewelery,695,4.599999904632568,pub,5,Suggerer produits similaires,highly recommended
a9c6b4ae,117,purchase,Solid Gold Petite Micropave ,jewelery,168,3.9000000953674316,email,5,Suggerer produits similaires,awesome product
ab8b4694,165,view,White Gold Plated Princess,jewelery,9.989999771118164,3,email,1,Continuer navigation,waste of money
32ddd18b,49,abandon,Pierced Owl Rose Gold Plated Stainless Steel Double,jewelery,10.989999771118164,1.899999976158142,direct,-1,Envoyer coupon -20%,very happy with my purchase
b708547f,117,view,WD 2TB Elements Portable External Hard Drive - USB 3.0 ,electronics,64,3.299999952316284,direct,1,Continuer navigation,would buy again
7528ff10,132,abandon,SanDisk SSD PLUS 1TB Internal SSD - SATA III 6 Gb/s,electronics,109,2.9000000953674316,reseaux_sociaux,-1,Envoyer coupon -20%,great product
f29a8e91,57,purchase,Silicon Power 256GB SSD 3D NAND A55 SLC Cache Performance Boost SATA III 2.5,electronics,109,4.800000190734863,pub,5,Suggerer produits similaires,great product
6bc12fc6,169,view,WD 4TB Gaming Drive Works with Playstation 4 Portable External Hard Drive,electronics,114,4.800000190734863,email,1,Continuer navigation,very dissatisfied
fd610eb5,147,abandon,Acer SB220Q bi 21.5 inches Full HD (1920 x 1080) IPS Ultra-Thin,electronics,599,2.9000000953674316,direct,-1,Envoyer coupon -20%,fast shipping
af94f03a,100,abandon,Samsung 49-Inch CHG90 144Hz Curved Gaming Monitor (LC49HG90DMNXZA) – Super Ultrawide Screen QLED ,electronics,999.989990234375,2.200000047683716,email,-1,Envoyer coupon -20%,excellent quality
16a9b805,69,purchase,BIYLACLESEN Women's 3-in-1 Snowboard Jacket Winter Coats,women's clothing,56.9900016784668,2.5999999046325684,pub,5,Suggerer produits similaires,very unhappy with my purchase
00d95caa,49,add_to_cart,Lock and Love Women's Removable Hooded Faux Leather Moto Biker Jacket,women's clothing,29.950000762939453,2.9000000953674316,google,3,Proposer livraison gratuite,very unhappy with my purchase
c796c786,84,abandon,Rain Jacket Women Windbreaker Striped Climbing Raincoats,women's clothing,39.9900016784668,3.799999952316284,direct,-1,Envoyer coupon -20%,very unhappy with my purchase
3980393a,73,search,MBJ Women's Solid Short Sleeve Boat Neck V ,women's clothing,9.850000381469727,4.699999809265137,google,1,Continuer navigation,not as described
1637919a,142,add_to_cart,Opna Women's Short Sleeve Moisture,women's clothing,7.949999809265137,4.5,reseaux_sociaux,3,Proposer livraison gratuite,very satisfied
e52dc41f,166,add_to_cart,DANVOUY Womens T Shirt Casual Cotton Short,women's clothing,12.989999771118164,3.5999999046325684,google,3,Proposer livraison gratuite,would not recommend
27190f57,163,purchase,"Fjallraven - Foldsack No. 1 Backpack, Fits 15 Laptops",men's clothing,109.94999694824219,3.9000000953674316,reseaux_sociaux,5,Suggerer produits similaires,very unhappy with my purchase
5f445cb6,82,view,Mens Casual Premium Slim Fit T-Shirts ,men's clothing,22.299999237060547,4.099999904632568,direct,1,Continuer navigation,not worth the price
c7ba8a99,161,add_to_cart,Mens Cotton Jacket,men's clothing,55.9900016784668,4.699999809265137,direct,3,Proposer livraison gratuite,would buy again
e408548f,77,search,Mens Casual Slim Fit,men's clothing,15.989999771118164,2.0999999046325684,reseaux_sociaux,1,Continuer navigation,highly impressed
04284f72,162,search,John Hardy Women's Legends Naga Gold & Silver Dragon Station Chain Bracelet,jewelery,695,4.599999904632568,direct,1,Continuer navigation,would not recommend
8c504c36,105,abandon,Solid Gold Petite Micropave ,jewelery,168,3.9000000953674316,google,-1,Envoyer coupon -20%,very satisfied
b20ac924,110,view,White Gold Plated Princess,jewelery,9.989999771118164,3,direct,1,Continuer navigation,very happy with my purchase
94f765f3,52,add_to_cart,Pierced Owl Rose Gold Plated Stainless Steel Double,jewelery,10.989999771118164,1.899999976158142,google,3,Proposer livraison gratuite,awesome product
b83804f0,19,purchase,WD 2TB Elements Portable External Hard Drive - USB 3.0 ,electronics,64,3.299999952316284,email,5,Suggerer produits similaires,highly impressed
9df7c18c,69,purchase,SanDisk SSD PLUS 1TB Internal SSD - SATA III 6 Gb/s,electronics,109,2.9000000953674316,email,5,Suggerer produits similaires,great value for money
2b9691fc,98,abandon,Silicon Power 256GB SSD 3D NAND A55 SLC Cache Performance Boost SATA III 2.5,electronics,109,4.800000190734863,direct,-1,Envoyer coupon -20%,would not recommend
fae0260b,135,view,WD 4TB Gaming Drive Works with Playstation 4 Portable External Hard Drive,electronics,114,4.800000190734863,email,1,Continuer navigation,very unhappy with my purchase
570c3bab,162,abandon,Acer SB220Q bi 21.5 inches Full HD (1920 x 1080) IPS Ultra-Thin,electronics,599,2.9000000953674316,google,-1,Envoyer coupon -20%,fast shipping
2fe42222,100,search,Samsung 49-Inch CHG90 144Hz Curved Gaming Monitor (LC49HG90DMNXZA) – Super Ultrawide Screen QLED ,electronics,999.989990234375,2.200000047683716,pub,1,Continuer navigation,highly impressed
c8af4fd4,58,purchase,BIYLACLESEN Women's 3-in-1 Snowboard Jacket Winter Coats,women's clothing,56.9900016784668,2.5999999046325684,reseaux_sociaux,5,Suggerer produits similaires,very happy with my purchase
af9aad18,88,purchase,Lock and Love Women's Removable Hooded Faux Leather Moto Biker Jacket,women's clothing,29.950000762939453,2.9000000953674316,email,5,Suggerer produits similaires,very pleased
cd65d0df,197,search,Rain Jacket Women Windbreaker Striped Climbing Raincoats,women's clothing,39.9900016784668,3.799999952316284,reseaux_sociaux,1,Continuer navigation,very dissatisfied
f220652a,153,purchase,MBJ Women's Solid Short Sleeve Boat Neck V ,women's clothing,9.850000381469727,4.699999809265137,email,5,Suggerer produits similaires,very happy with my purchase
a732371f,132,view,Opna Women's Short Sleeve Moisture,women's clothing,7.949999809265137,4.5,pub,1,Continuer navigation,highly impressed
29080cae,75,abandon,DANVOUY Womens T Shirt Casual Cotton Short,women's clothing,12.989999771118164,3.5999999046325684,reseaux_sociaux,-1,Envoyer coupon -20%,very pleased
f0a13456,195,search,"Fjallraven - Foldsack No. 1 Backpack, Fits 15 Laptops",men's clothing,109.94999694824219,3.9000000953674316,reseaux_sociaux,1,Continuer navigation,highly recommended
db0b4787,119,view,Mens Casual Premium Slim Fit T-Shirts ,men's clothing,22.299999237060547,4.099999904632568,reseaux_sociaux,1,Continuer navigation,excellent quality
087a0a97,126,purchase,Mens Cotton Jacket,men's clothing,55.9900016784668,4.699999809265137,email,5,Suggerer produits similaires,would not recommend
c8aa143a,53,search,Mens Casual Slim Fit,men's clothing,15.989999771118164,2.0999999046325684,direct,1,Continuer navigation,highly impressed
3b72f59c,169,purchase,John Hardy Women's Legends Naga Gold & Silver Dragon Station Chain Bracelet,jewelery,695,4.599999904632568,email,5,Suggerer produits similaires,very dissatisfied
e500def0,4,add_to_cart,Solid Gold Petite Micropave ,jewelery,168,3.9000000953674316,reseaux_sociaux,3,Proposer livraison gratuite,highly recommended
4d44a1c5,48,abandon,White Gold Plated Princess,jewelery,9.989999771118164,3,email,-1,Envoyer coupon -20%,excellent quality
82d7a50b,109,view,Pierced Owl Rose Gold Plated Stainless Steel Double,jewelery,10.989999771118164,1.899999976158142,pub,1,Continuer navigation,great product
de6f5c7d,134,add_to_cart,WD 2TB Elements Portable External Hard Drive - USB 3.0 ,electronics,64,3.299999952316284,reseaux_sociaux,3,Proposer livraison gratuite,fast shipping
cc36c331,21,view,SanDisk SSD PLUS 1TB Internal SSD - SATA III 6 Gb/s,electronics,109,2.9000000953674316,reseaux_sociaux,1,Continuer navigation,poor quality
6cab7ee5,196,search,Silicon Power 256GB SSD 3D NAND A55 SLC Cache Performance Boost SATA III 2.5,electronics,109,4.800000190734863,email,1,Continuer navigation,great product
29526c8f,139,add_to_cart,WD 4TB Gaming Drive Works with Playstation 4 Portable External Hard Drive,electronics,114,4.800000190734863,reseaux_sociaux,3,Proposer livraison gratuite,very disappointed
eb719291,55,add_to_cart,Acer SB220Q bi 21.5 inches Full HD (1920 x 1080) IPS Ultra-Thin,electronics,599,2.9000000953674316,pub,3,Proposer livraison gratuite,very disappointed
42acb010,152,add_to_cart,Samsung 49-Inch CHG90 144Hz Curved Gaming Monitor (LC49HG90DMNXZA) – Super Ultrawide Screen QLED ,electronics,999.989990234375,2.200000047683716,pub,3,Proposer livraison gratuite,great value for money
bcf534af,171,add_to_cart,BIYLACLESEN Women's 3-in-1 Snowboard Jacket Winter Coats,women's clothing,56.9900016784668,2.5999999046325684,email,3,Proposer livraison gratuite,great value for money
4800b1a3,92,search,Lock and Love Women's Removable Hooded Faux Leather Moto Biker Jacket,women's clothing,29.950000762939453,2.9000000953674316,google,1,Continuer navigation,very disappointed
0fa77517,28,search,Rain Jacket Women Windbreaker Striped Climbing Raincoats,women's clothing,39.9900016784668,3.799999952316284,google,1,Continuer navigation,very happy with my purchase
5ec6b1df,139,view,MBJ Women's Solid Short Sleeve Boat Neck V ,women's clothing,9.850000381469727,4.699999809265137,email,1,Continuer navigation,would not buy again
5eb9fcef,50,view,Opna Women's Short Sleeve Moisture,women's clothing,7.949999809265137,4.5,google,1,Continuer navigation,very dissatisfied
09c2dc4a,80,search,DANVOUY Womens T Shirt Casual Cotton Short,women's clothing,12.989999771118164,3.5999999046325684,email,1,Continuer navigation,waste of money
a52c4993,105,search,"Fjallraven - Foldsack No. 1 Backpack, Fits 15 Laptops",men's clothing,109.94999694824219,3.9000000953674316,direct,1,Continuer navigation,poor quality
f928c618,1,purchase,Mens Casual Premium Slim Fit T-Shirts ,men's clothing,22.299999237060547,4.099999904632568,reseaux_sociaux,5,Suggerer produits similaires,highly impressed
7a093e70,155,abandon,Mens Cotton Jacket,men's clothing,55.9900016784668,4.699999809265137,google,-1,Envoyer coupon -20%,waste of money
84094b7b,151,abandon,Mens Casual Slim Fit,men's clothing,15.989999771118164,2.0999999046325684,pub,-1,Envoyer coupon -20%,great product
cfe57b6e,124,abandon,John Hardy Women's Legends Naga Gold & Silver Dragon Station Chain Bracelet,jewelery,695,4.599999904632568,direct,-1,Envoyer coupon -20%,very unhappy with my purchase
0beb9c29,22,abandon,Solid Gold Petite Micropave ,jewelery,168,3.9000000953674316,pub,-1,Envoyer coupon -20%,great value for money
b5e2bb35,157,search,White Gold Plated Princess,jewelery,9.989999771118164,3,direct,1,Continuer navigation,awesome product
d8a5a294,187,purchase,Pierced Owl Rose Gold Plated Stainless Steel Double,jewelery,10.989999771118164,1.899999976158142,pub,5,Suggerer produits similaires,very disappointed
e29d503e,46,add_to_cart,WD 2TB Elements Portable External Hard Drive - USB 3.0 ,electronics,64,3.299999952316284,direct,3,Proposer livraison gratuite,very disappointed
cc70e82e,131,abandon,SanDisk SSD PLUS 1TB Internal SSD - SATA III 6 Gb/s,electronics,109,2.9000000953674316,pub,-1,Envoyer coupon -20%,would not recommend
e1872aec,18,add_to_cart,Silicon Power 256GB SSD 3D NAND A55 SLC Cache Performance Boost SATA III 2.5,electronics,109,4.800000190734863,google,3,Proposer livraison gratuite,waste of money
4d2fe43e,28,search,WD 4TB Gaming Drive Works with Playstation 4 Portable External Hard Drive,electronics,114,4.800000190734863,google,1,Continuer navigation,very pleased
81930b66,173,abandon,Acer SB220Q bi 21.5 inches Full HD (1920 x 1080) IPS Ultra-Thin,electronics,599,2.9000000953674316,google,-1,Envoyer coupon -20%,great product
4f6882b3,153,view,Samsung 49-Inch CHG90 144Hz Curved Gaming Monitor (LC49HG90DMNXZA) – Super Ultrawide Screen QLED ,electronics,999.989990234375,2.200000047683716,pub,1,Continuer navigation,very unhappy with my purchase
80bca3d2,21,view,BIYLACLESEN Women's 3-in-1 Snowboard Jacket Winter Coats,women's clothing,56.9900016784668,2.5999999046325684,email,1,Continuer navigation,poor quality
c8daa581,182,abandon,Lock and Love Women's Removable Hooded Faux Leather Moto Biker Jacket,women's clothing,29.950000762939453,2.9000000953674316,email,-1,Envoyer coupon -20%,very unhappy with my purchase
d8b70fd6,185,add_to_cart,Rain Jacket Women Windbreaker Striped Climbing Raincoats,women's clothing,39.9900016784668,3.799999952316284,reseaux_sociaux,3,Proposer livraison gratuite,would not recommend
96dc754c,43,view,MBJ Women's Solid Short Sleeve Boat Neck V ,women's clothing,9.850000381469727,4.699999809265137,email,1,Continuer navigation,very satisfied
56d9329c,5,search,Opna Women's Short Sleeve Moisture,women's clothing,7.949999809265137,4.5,direct,1,Continuer navigation,very disappointed
cafb5382,42,add_to_cart,DANVOUY Womens T Shirt Casual Cotton Short,women's clothing,12.989999771118164,3.5999999046325684,direct,3,Proposer livraison gratuite,highly impressed
11c72bf5,99,view,"Fjallraven - Foldsack No. 1 Backpack, Fits 15 Laptops",men's clothing,109.94999694824219,3.9000000953674316,google,1,Continuer navigation,very unhappy with my purchase
96a86824,2,view,Mens Casual Premium Slim Fit T-Shirts ,men's clothing,22.299999237060547,4.099999904632568,direct,1,Continuer navigation,poor quality
34a0cc31,120,purchase,Mens Cotton Jacket,men's clothing,55.9900016784668,4.699999809265137,pub,5,Suggerer produits similaires,poor quality
329e0154,15,view,Mens Casual Slim Fit,men's clothing,15.989999771118164,2.0999999046325684,pub,1,Continuer navigation,very disappointed
98865c1a,134,purchase,John Hardy Women's Legends Naga Gold & Silver Dragon Station Chain Bracelet,jewelery,695,4.599999904632568,email,5,Suggerer produits similaires,great product
462b8ee0,49,purchase,Solid Gold Petite Micropave ,jewelery,168,3.9000000953674316,pub,5,Suggerer produits similaires,very dissatisfied
4a6c1e86,29,search,White Gold Plated Princess,jewelery,9.989999771118164,3,email,1,Continuer navigation,awesome product
e13cef8e,143,abandon,Pierced Owl Rose Gold Plated Stainless Steel Double,jewelery,10.989999771118164,1.899999976158142,pub,-1,Envoyer coupon -20%,fast shipping
22e9b864,107,view,WD 2TB Elements Portable External Hard Drive - USB 3.0 ,electronics,64,3.299999952316284,direct,1,Continuer navigation,very unhappy with my purchase
bcdadd67,180,search,SanDisk SSD PLUS 1TB Internal SSD - SATA III 6 Gb/s,electronics,109,2.9000000953674316,pub,1,Continuer navigation,highly recommended
b87d19f6,174,abandon,Silicon Power 256GB SSD 3D NAND A55 SLC Cache Performance Boost SATA III 2.5,electronics,109,4.800000190734863,email,-1,Envoyer coupon -20%,not as described
7f35174e,178,view,WD 4TB Gaming Drive Works with Playstation 4 Portable External Hard Drive,electronics,114,4.800000190734863,direct,1,Continuer navigation,excellent quality
08105491,126,view,Acer SB220Q bi 21.5 inches Full HD (1920 x 1080) IPS Ultra-Thin,electronics,599,2.9000000953674316,pub,1,Continuer navigation,very unhappy with my purchase
4e68c7c4,121,abandon,Samsung 49-Inch CHG90 144Hz Curved Gaming Monitor (LC49HG90DMNXZA) – Super Ultrawide Screen QLED ,electronics,999.989990234375,2.200000047683716,pub,-1,Envoyer coupon -20%,great product
48bdd719,120,abandon,BIYLACLESEN Women's 3-in-1 Snowboard Jacket Winter Coats,women's clothing,56.9900016784668,2.5999999046325684,direct,-1,Envoyer coupon -20%,poor quality
e9e65a6d,29,abandon,Lock and Love Women's Removable Hooded Faux Leather Moto Biker Jacket,women's clothing,29.950000762939453,2.9000000953674316,direct,-1,Envoyer coupon -20%,highly recommended
1ffbd0b0,92,search,Rain Jacket Women Windbreaker Striped Climbing Raincoats,women's clothing,39.9900016784668,3.799999952316284,direct,1,Continuer navigation,very unhappy with my purchase
daa8e792,136,search,MBJ Women's Solid Short Sleeve Boat Neck V ,women's clothing,9.850000381469727,4.699999809265137,pub,1,Continuer navigation,very dissatisfied
22a0d902,190,search,Opna Women's Short Sleeve Moisture,women's clothing,7.949999809265137,4.5,direct,1,Continuer navigation,waste of money
5a67b932,187,search,DANVOUY Womens T Shirt Casual Cotton Short,women's clothing,12.989999771118164,3.5999999046325684,google,1,Continuer navigation,great product
bb1bfbaf,9,search,"Fjallraven - Foldsack No. 1 Backpack, Fits 15 Laptops",men's clothing,109.94999694824219,3.9000000953674316,google,1,Continuer navigation,very unhappy with my purchase
d1a2a02f,150,search,Mens Casual Premium Slim Fit T-Shirts ,men's clothing,22.299999237060547,4.099999904632568,direct,1,Continuer navigation,very unhappy with my purchase
c2ad158e,155,abandon,Mens Cotton Jacket,men's clothing,55.9900016784668,4.699999809265137,direct,-1,Envoyer coupon -20%,very happy with my purchase
c3630f16,71,abandon,Mens Casual Slim Fit,men's clothing,15.989999771118164,2.0999999046325684,pub,-1,Envoyer coupon -20%,highly impressed
c7616f14,35,add_to_cart,John Hardy Women's Legends Naga Gold & Silver Dragon Station Chain Bracelet,jewelery,695,4.599999904632568,direct,3,Proposer livraison gratuite,awesome product
f8ee2cea,181,view,Solid Gold Petite Micropave ,jewelery,168,3.9000000953674316,reseaux_sociaux,1,Continuer navigation,awesome product
c3fb216c,200,add_to_cart,White Gold Plated Princess,jewelery,9.989999771118164,3,direct,3,Proposer livraison gratuite,poor quality
f9e9427a,161,add_to_cart,Pierced Owl Rose Gold Plated Stainless Steel Double,jewelery,10.989999771118164,1.899999976158142,reseaux_sociaux,3,Proposer livraison gratuite,waste of money
d1242dd6,84,search,WD 2TB Elements Portable External Hard Drive - USB 3.0 ,electronics,64,3.299999952316284,email,1,Continuer navigation,highly impressed
7299bb63,159,add_to_cart,SanDisk SSD PLUS 1TB Internal SSD - SATA III 6 Gb/s,electronics,109,2.9000000953674316,google,3,Proposer livraison gratuite,great product
5b5ff220,151,abandon,Silicon Power 256GB SSD 3D NAND A55 SLC Cache Performance Boost SATA III 2.5,electronics,109,4.800000190734863,direct,-1,Envoyer coupon -20%,highly recommended
4f94788f,149,add_to_cart,WD 4TB Gaming Drive Works with Playstation 4 Portable External Hard Drive,electronics,114,4.800000190734863,direct,3,Proposer livraison gratuite,would buy again
9dba7feb,73,abandon,Acer SB220Q bi 21.5 inches Full HD (1920 x 1080) IPS Ultra-Thin,electronics,599,2.9000000953674316,google,-1,Envoyer coupon -20%,would not recommend
4dede6e1,180,search,Samsung 49-Inch CHG90 144Hz Curved Gaming Monitor (LC49HG90DMNXZA) – Super Ultrawide Screen QLED ,electronics,999.989990234375,2.200000047683716,email,1,Continuer navigation,great product
02529cc5,96,purchase,BIYLACLESEN Women's 3-in-1 Snowboard Jacket Winter Coats,women's clothing,56.9900016784668,2.5999999046325684,reseaux_sociaux,5,Suggerer produits similaires,would buy again
8b5c5b9a,83,add_to_cart,Lock and Love Women's Removable Hooded Faux Leather Moto Biker Jacket,women's clothing,29.950000762939453,2.9000000953674316,google,3,Proposer livraison gratuite,would not recommend
9a0192af,120,search,Rain Jacket Women Windbreaker Striped Climbing Raincoats,women's clothing,39.9900016784668,3.799999952316284,pub,1,Continuer navigation,highly recommended
7fc93a59,145,add_to_cart,MBJ Women's Solid Short Sleeve Boat Neck V ,women's clothing,9.850000381469727,4.699999809265137,email,3,Proposer livraison gratuite,very disappointed
75786cc5,63,abandon,Opna Women's Short Sleeve Moisture,women's clothing,7.949999809265137,4.5,reseaux_sociaux,-1,Envoyer coupon -20%,not worth the price
eba0536c,18,purchase,DANVOUY Womens T Shirt Casual Cotton Short,women's clothing,12.989999771118164,3.5999999046325684,google,5,Suggerer produits similaires,very disappointed
393b871b,62,purchase,"Fjallraven - Foldsack No. 1 Backpack, Fits 15 Laptops",men's clothing,109.94999694824219,3.9000000953674316,direct,5,Suggerer produits similaires,very happy with my purchase
f485439e,66,abandon,Mens Casual Premium Slim Fit T-Shirts ,men's clothing,22.299999237060547,4.099999904632568,google,-1,Envoyer coupon -20%,awesome product
7306da1e,109,purchase,Mens Cotton Jacket,men's clothing,55.9900016784668,4.699999809265137,email,5,Suggerer produits similaires,great product
7449671c,18,purchase,Mens Casual Slim Fit,men's clothing,15.989999771118164,2.0999999046325684,pub,5,Suggerer produits similaires,poor quality
f545fbb8,103,view,John Hardy Women's Legends Naga Gold & Silver Dragon Station Chain Bracelet,jewelery,695,4.599999904632568,google,1,Continuer navigation,poor quality
796c05a7,82,add_to_cart,Solid Gold Petite Micropave ,jewelery,168,3.9000000953674316,direct,3,Proposer livraison gratuite,great product
0f3643ed,118,search,White Gold Plated Princess,jewelery,9.989999771118164,3,email,1,Continuer navigation,great value for money
167eb240,69,add_to_cart,Pierced Owl Rose Gold Plated Stainless Steel Double,jewelery,10.989999771118164,1.899999976158142,pub,3,Proposer livraison gratuite,very satisfied
e9e089cc,35,view,WD 2TB Elements Portable External Hard Drive - USB 3.0 ,electronics,64,3.299999952316284,reseaux_sociaux,1,Continuer navigation,highly impressed
a630fbe1,168,purchase,SanDisk SSD PLUS 1TB Internal SSD - SATA III 6 Gb/s,electronics,109,2.9000000953674316,direct,5,Suggerer produits similaires,highly recommended
44cc4665,125,add_to_cart,Silicon Power 256GB SSD 3D NAND A55 SLC Cache Performance Boost SATA III 2.5,electronics,109,4.800000190734863,pub,3,Proposer livraison gratuite,poor quality
85868d61,13,abandon,WD 4TB Gaming Drive Works with Playstation 4 Portable External Hard Drive,electronics,114,4.800000190734863,email,-1,Envoyer coupon -20%,very pleased
c2ea3872,7,purchase,Acer SB220Q bi 21.5 inches Full HD (1920 x 1080) IPS Ultra-Thin,electronics,599,2.9000000953674316,email,5,Suggerer produits similaires,would not recommend
802995c2,77,add_to_cart,Samsung 49-Inch CHG90 144Hz Curved Gaming Monitor (LC49HG90DMNXZA) – Super Ultrawide Screen QLED ,electronics,999.989990234375,2.200000047683716,google,3,Proposer livraison gratuite,would not recommend
ad72927c,64,purchase,BIYLACLESEN Women's 3-in-1 Snowboard Jacket Winter Coats,women's clothing,56.9900016784668,2.5999999046325684,email,5,Suggerer produits similaires,excellent quality
88682e3e,95,view,Lock and Love Women's Removable Hooded Faux Leather Moto Biker Jacket,women's clothing,29.950000762939453,2.9000000953674316,google,1,Continuer navigation,very pleased
094de333,136,search,Rain Jacket Women Windbreaker Striped Climbing Raincoats,women's clothing,39.9900016784668,3.799999952316284,email,1,Continuer navigation,excellent quality
4992f17f,143,purchase,MBJ Women's Solid Short Sleeve Boat Neck V ,women's clothing,9.850000381469727,4.699999809265137,google,5,Suggerer produits similaires,highly impressed
dbd1440c,10,purchase,Opna Women's Short Sleeve Moisture,women's clothing,7.949999809265137,4.5,direct,5,Suggerer produits similaires,great product
d8580be9,24,view,DANVOUY Womens T Shirt Casual Cotton Short,women's clothing,12.989999771118164,3.5999999046325684,direct,1,Continuer navigation,very disappointed
0ab665df,98,view,"Fjallraven - Foldsack No. 1 Backpack, Fits 15 Laptops",men's clothing,109.94999694824219,3.9000000953674316,google,1,Continuer navigation,fast shipping
b09ecf23,41,add_to_cart,Mens Casual Premium Slim Fit T-Shirts ,men's clothing,22.299999237060547,4.099999904632568,email,3,Proposer livraison gratuite,very disappointed
476708b9,173,search,Mens Cotton Jacket,men's clothing,55.9900016784668,4.699999809265137,direct,1,Continuer navigation,very disappointed
ae8e43e4,65,search,Mens Casual Slim Fit,men's clothing,15.989999771118164,2.0999999046325684,direct,1,Continuer navigation,great value for money
fcd63049,7,abandon,John Hardy Women's Legends Naga Gold & Silver Dragon Station Chain Bracelet,jewelery,695,4.599999904632568,reseaux_sociaux,-1,Envoyer coupon -20%,highly impressed
224e7208,153,view,Solid Gold Petite Micropave ,jewelery,168,3.9000000953674316,direct,1,Continuer navigation,would not buy again
e822f200,76,add_to_cart,White Gold Plated Princess,jewelery,9.989999771118164,3,reseaux_sociaux,3,Proposer livraison gratuite,great value for money
95e633f1,124,purchase,Pierced Owl Rose Gold Plated Stainless Steel Double,jewelery,10.989999771118164,1.899999976158142,reseaux_sociaux,5,Suggerer produits similaires,very dissatisfied
2393a9c1,146,purchase,WD 2TB Elements Portable External Hard Drive - USB 3.0 ,electronics,64,3.299999952316284,google,5,Suggerer produits similaires,would buy again
b4b21a3e,150,purchase,SanDisk SSD PLUS 1TB Internal SSD - SATA III 6 Gb/s,electronics,109,2.9000000953674316,pub,5,Suggerer produits similaires,not worth the price
de2bdb3e,45,purchase,Silicon Power 256GB SSD 3D NAND A55 SLC Cache Performance Boost SATA III 2.5,electronics,109,4.800000190734863,direct,5,Suggerer produits similaires,great product
a0ca57d0,178,add_to_cart,WD 4TB Gaming Drive Works with Playstation 4 Portable External Hard Drive,electronics,114,4.800000190734863,pub,3,Proposer livraison gratuite,very unhappy with my purchase
eed61f05,75,view,Acer SB220Q bi 21.5 inches Full HD (1920 x 1080) IPS Ultra-Thin,electronics,599,2.9000000953674316,reseaux_sociaux,1,Continuer navigation,very pleased
12d4dcdf,162,purchase,Samsung 49-Inch CHG90 144Hz Curved Gaming Monitor (LC49HG90DMNXZA) – Super Ultrawide Screen QLED ,electronics,999.989990234375,2.200000047683716,direct,5,Suggerer produits similaires,great product
e02e95ce,117,search,BIYLACLESEN Women's 3-in-1 Snowboard Jacket Winter Coats,women's clothing,56.9900016784668,2.5999999046325684,reseaux_sociaux,1,Continuer navigation,very dissatisfied
a8067b48,12,search,Lock and Love Women's Removable Hooded Faux Leather Moto Biker Jacket,women's clothing,29.950000762939453,2.9000000953674316,email,1,Continuer navigation,highly impressed
cfbeab35,171,view,Rain Jacket Women Windbreaker Striped Climbing Raincoats,women's clothing,39.9900016784668,3.799999952316284,email,1,Continuer navigation,very disappointed
e0914c25,186,view,MBJ Women's Solid Short Sleeve Boat Neck V ,women's clothing,9.850000381469727,4.699999809265137,pub,1,Continuer navigation,awesome product
3d07a5bf,188,purchase,Opna Women's Short Sleeve Moisture,women's clothing,7.949999809265137,4.5,reseaux_sociaux,5,Suggerer produits similaires,awesome product
d3b7e4be,3,abandon,DANVOUY Womens T Shirt Casual Cotton Short,women's clothing,12.989999771118164,3.5999999046325684,email,-1,Envoyer coupon -20%,highly impressed
0e20e6a5,173,view,"Fjallraven - Foldsack No. 1 Backpack, Fits 15 Laptops",men's clothing,109.94999694824219,3.9000000953674316,reseaux_sociaux,1,Continuer navigation,very dissatisfied
53dae351,179,search,Mens Casual Premium Slim Fit T-Shirts ,men's clothing,22.299999237060547,4.099999904632568,pub,1,Continuer navigation,fast shipping
21994200,154,search,Mens Cotton Jacket,men's clothing,55.9900016784668,4.699999809265137,direct,1,Continuer navigation,poor quality
5d6ca4b7,110,search,Mens Casual Slim Fit,men's clothing,15.989999771118164,2.0999999046325684,direct,1,Continuer navigation,poor quality
cbffdade,2,add_to_cart,John Hardy Women's Legends Naga Gold & Silver Dragon Station Chain Bracelet,jewelery,695,4.599999904632568,reseaux_sociaux,3,Proposer livraison gratuite,very pleased
d97fa47a,40,add_to_cart,Solid Gold Petite Micropave ,jewelery,168,3.9000000953674316,google,3,Proposer livraison gratuite,very happy with my purchase
61cd01bd,156,abandon,White Gold Plated Princess,jewelery,9.989999771118164,3,reseaux_sociaux,-1,Envoyer coupon -20%,very happy with my purchase
39d00869,39,abandon,Pierced Owl Rose Gold Plated Stainless Steel Double,jewelery,10.989999771118164,1.899999976158142,direct,-1,Envoyer coupon -20%,very pleased
3756d4e3,99,abandon,WD 2TB Elements Portable External Hard Drive - USB 3.0 ,electronics,64,3.299999952316284,email,-1,Envoyer coupon -20%,fast shipping
4ca2b34d,180,add_to_cart,SanDisk SSD PLUS 1TB Internal SSD - SATA III 6 Gb/s,electronics,109,2.9000000953674316,reseaux_sociaux,3,Proposer livraison gratuite,highly impressed
7d53b0e9,87,abandon,Silicon Power 256GB SSD 3D NAND A55 SLC Cache Performance Boost SATA III 2.5,electronics,109,4.800000190734863,email,-1,Envoyer coupon -20%,highly impressed
0a470993,70,view,WD 4TB Gaming Drive Works with Playstation 4 Portable External Hard Drive,electronics,114,4.800000190734863,direct,1,Continuer navigation,highly impressed
38b7a8f7,153,abandon,Acer SB220Q bi 21.5 inches Full HD (1920 x 1080) IPS Ultra-Thin,electronics,599,2.9000000953674316,direct,-1,Envoyer coupon -20%,very dissatisfied
bf686890,127,view,Samsung 49-Inch CHG90 144Hz Curved Gaming Monitor (LC49HG90DMNXZA) – Super Ultrawide Screen QLED ,electronics,999.989990234375,2.200000047683716,pub,1,Continuer navigation,highly impressed
9207159f,120,add_to_cart,BIYLACLESEN Women's 3-in-1 Snowboard Jacket Winter Coats,women's clothing,56.9900016784668,2.5999999046325684,pub,3,Proposer livraison gratuite,would not recommend
67970c33,56,search,Lock and Love Women's Removable Hooded Faux Leather Moto Biker Jacket,women's clothing,29.950000762939453,2.9000000953674316,reseaux_sociaux,1,Continuer navigation,very dissatisfied
a7c78e65,61,view,Rain Jacket Women Windbreaker Striped Climbing Raincoats,women's clothing,39.9900016784668,3.799999952316284,google,1,Continuer navigation,poor quality
0d2fd14e,108,search,MBJ Women's Solid Short Sleeve Boat Neck V ,women's clothing,9.850000381469727,4.699999809265137,reseaux_sociaux,1,Continuer navigation,poor quality
939eca4a,157,view,Opna Women's Short Sleeve Moisture,women's clothing,7.949999809265137,4.5,reseaux_sociaux,1,Continuer navigation,would not recommend
3b2a12fb,192,search,DANVOUY Womens T Shirt Casual Cotton Short,women's clothing,12.989999771118164,3.5999999046325684,reseaux_sociaux,1,Continuer navigation,awesome product
b7cdb0c3,1,abandon,"Fjallraven - Foldsack No. 1 Backpack, Fits 15 Laptops",men's clothing,109.94999694824219,3.9000000953674316,google,-1,Envoyer coupon -20%,excellent quality
bdbda943,40,purchase,Mens Casual Premium Slim Fit T-Shirts ,men's clothing,22.299999237060547,4.099999904632568,reseaux_sociaux,5,Suggerer produits similaires,would not recommend
bc480845,110,add_to_cart,Mens Cotton Jacket,men's clothing,55.9900016784668,4.699999809265137,pub,3,Proposer livraison gratuite,excellent quality
6b7ce42c,14,abandon,Mens Casual Slim Fit,men's clothing,15.989999771118164,2.0999999046325684,google,-1,Envoyer coupon -20%,highly recommended
dea74d8f,50,search,John Hardy Women's Legends Naga Gold & Silver Dragon Station Chain Bracelet,jewelery,695,4.599999904632568,pub,1,Continuer navigation,waste of money
5c47c3d4,147,add_to_cart,Solid Gold Petite Micropave ,jewelery,168,3.9000000953674316,google,3,Proposer livraison gratuite,poor quality
a4145d96,63,view,White Gold Plated Princess,jewelery,9.989999771118164,3,google,1,Continuer navigation,excellent quality
87d2bdd2,179,search,Pierced Owl Rose Gold Plated Stainless Steel Double,jewelery,10.989999771118164,1.899999976158142,email,1,Continuer navigation,very unhappy with my purchase
e43155a6,38,abandon,WD 2TB Elements Portable External Hard Drive - USB 3.0 ,electronics,64,3.299999952316284,direct,-1,Envoyer coupon -20%,would buy again
bcb430b4,132,purchase,SanDisk SSD PLUS 1TB Internal SSD - SATA III 6 Gb/s,electronics,109,2.9000000953674316,direct,5,Suggerer produits similaires,very disappointed
b956e42a,155,view,Silicon Power 256GB SSD 3D NAND A55 SLC Cache Performance Boost SATA III 2.5,electronics,109,4.800000190734863,email,1,Continuer navigation,very disappointed
7c73541c,25,purchase,WD 4TB Gaming Drive Works with Playstation 4 Portable External Hard Drive,electronics,114,4.800000190734863,google,5,Suggerer produits similaires,very happy with my purchase
68b51bec,171,purchase,Acer SB220Q bi 21.5 inches Full HD (1920 x 1080) IPS Ultra-Thin,electronics,599,2.9000000953674316,direct,5,Suggerer produits similaires,very unhappy with my purchase
a2c49cf2,173,purchase,Samsung 49-Inch CHG90 144Hz Curved Gaming Monitor (LC49HG90DMNXZA) – Super Ultrawide Screen QLED ,electronics,999.989990234375,2.200000047683716,google,5,Suggerer produits similaires,highly recommended
1d2d633c,51,view,BIYLACLESEN Women's 3-in-1 Snowboard Jacket Winter Coats,women's clothing,56.9900016784668,2.5999999046325684,google,1,Continuer navigation,very disappointed
43c08fc0,49,add_to_cart,Lock and Love Women's Removable Hooded Faux Leather Moto Biker Jacket,women's clothing,29.950000762939453,2.9000000953674316,direct,3,Proposer livraison gratuite,awesome product
2363eccd,83,abandon,Rain Jacket Women Windbreaker Striped Climbing Raincoats,women's clothing,39.9900016784668,3.799999952316284,email,-1,Envoyer coupon -20%,fast shipping
c08f7c69,178,purchase,MBJ Women's Solid Short Sleeve Boat Neck V ,women's clothing,9.850000381469727,4.699999809265137,google,5,Suggerer produits similaires,very unhappy with my purchase
6a164036,145,purchase,Opna Women's Short Sleeve Moisture,women's clothing,7.949999809265137,4.5,google,5,Suggerer produits similaires,fast shipping
45f56d00,113,purchase,DANVOUY Womens T Shirt Casual Cotton Short,women's clothing,12.989999771118164,3.5999999046325684,google,5,Suggerer produits similaires,great product
c8fae0a7,158,abandon,"Fjallraven - Foldsack No. 1 Backpack, Fits 15 Laptops",men's clothing,109.94999694824219,3.9000000953674316,direct,-1,Envoyer coupon -20%,great product
0df52140,86,view,Mens Casual Premium Slim Fit T-Shirts ,men's clothing,22.299999237060547,4.099999904632568,email,1,Continuer navigation,poor quality
ad8f5782,179,search,Mens Cotton Jacket,men's clothing,55.9900016784668,4.699999809265137,pub,1,Continuer navigation,highly recommended
942d5716,115,purchase,Mens Casual Slim Fit,men's clothing,15.989999771118164,2.0999999046325684,direct,5,Suggerer produits similaires,excellent quality
6625b543,145,purchase,John Hardy Women's Legends Naga Gold & Silver Dragon Station Chain Bracelet,jewelery,695,4.599999904632568,direct,5,Suggerer produits similaires,great value for money
5399d62f,135,add_to_cart,Solid Gold Petite Micropave ,jewelery,168,3.9000000953674316,google,3,Proposer livraison gratuite,awesome product
fdbb0531,152,purchase,White Gold Plated Princess,jewelery,9.989999771118164,3,direct,5,Suggerer produits similaires,great value for money
372e836c,42,search,Pierced Owl Rose Gold Plated Stainless Steel Double,jewelery,10.989999771118164,1.899999976158142,google,1,Continuer navigation,very dissatisfied
4116bbf6,54,view,WD 2TB Elements Portable External Hard Drive - USB 3.0 ,electronics,64,3.299999952316284,direct,1,Continuer navigation,very disappointed
4f034d9d,192,view,SanDisk SSD PLUS 1TB Internal SSD - SATA III 6 Gb/s,electronics,109,2.9000000953674316,reseaux_sociaux,1,Continuer navigation,great product
0a1b2523,33,abandon,Silicon Power 256GB SSD 3D NAND A55 SLC Cache Performance Boost SATA III 2.5,electronics,109,4.800000190734863,direct,-1,Envoyer coupon -20%,great product
ed743300,138,view,WD 4TB Gaming Drive Works with Playstation 4 Portable External Hard Drive,electronics,114,4.800000190734863,email,1,Continuer navigation,great product
7b737280,63,view,Acer SB220Q bi 21.5 inches Full HD (1920 x 1080) IPS Ultra-Thin,electronics,599,2.9000000953674316,email,1,Continuer navigation,poor quality
32206f29,75,abandon,Samsung 49-Inch CHG90 144Hz Curved Gaming Monitor (LC49HG90DMNXZA) – Super Ultrawide Screen QLED ,electronics,999.989990234375,2.200000047683716,email,-1,Envoyer coupon -20%,would not buy again
99e9c3aa,64,purchase,BIYLACLESEN Women's 3-in-1 Snowboard Jacket Winter Coats,women's clothing,56.9900016784668,2.5999999046325684,reseaux_sociaux,5,Suggerer produits similaires,fast shipping
e21b08eb,25,purchase,Lock and Love Women's Removable Hooded Faux Leather Moto Biker Jacket,women's clothing,29.950000762939453,2.9000000953674316,reseaux_sociaux,5,Suggerer produits similaires,poor quality
0dd376de,10,purchase,Rain Jacket Women Windbreaker Striped Climbing Raincoats,women's clothing,39.9900016784668,3.799999952316284,reseaux_sociaux,5,Suggerer produits similaires,great product
12c9ed97,91,add_to_cart,MBJ Women's Solid Short Sleeve Boat Neck V ,women's clothing,9.850000381469727,4.699999809265137,reseaux_sociaux,3,Proposer livraison gratuite,would buy again
5c138e30,80,view,Opna Women's Short Sleeve Moisture,women's clothing,7.949999809265137,4.5,pub,1,Continuer navigation,great value for money
3740db22,25,search,DANVOUY Womens T Shirt Casual Cotton Short,women's clothing,12.989999771118164,3.5999999046325684,reseaux_sociaux,1,Continuer navigation,very satisfied
60634d5f,57,view,"Fjallraven - Foldsack No. 1 Backpack, Fits 15 Laptops",men's clothing,109.94999694824219,3.9000000953674316,google,1,Continuer navigation,highly recommended
ec0e7ab7,41,purchase,Mens Casual Premium Slim Fit T-Shirts ,men's clothing,22.299999237060547,4.099999904632568,email,5,Suggerer produits similaires,very dissatisfied
03f303ed,119,search,Mens Cotton Jacket,men's clothing,55.9900016784668,4.699999809265137,direct,1,Continuer navigation,very happy with my purchase
0fca3795,97,add_to_cart,Mens Casual Slim Fit,men's clothing,15.989999771118164,2.0999999046325684,direct,3,Proposer livraison gratuite,great value for money
9f5480b9,124,search,John Hardy Women's Legends Naga Gold & Silver Dragon Station Chain Bracelet,jewelery,695,4.599999904632568,pub,1,Continuer navigation,great value for money
5a3499eb,141,add_to_cart,Solid Gold Petite Micropave ,jewelery,168,3.9000000953674316,google,3,Proposer livraison gratuite,would buy again
e724304d,66,search,White Gold Plated Princess,jewelery,9.989999771118164,3,email,1,Continuer navigation,highly recommended
75570861,4,add_to_cart,Pierced Owl Rose Gold Plated Stainless Steel Double,jewelery,10.989999771118164,1.899999976158142,reseaux_sociaux,3,Proposer livraison gratuite,fast shipping
3ed1b09d,115,view,WD 2TB Elements Portable External Hard Drive - USB 3.0 ,electronics,64,3.299999952316284,google,1,Continuer navigation,excellent quality
9fc42a09,35,search,SanDisk SSD PLUS 1TB Internal SSD - SATA III 6 Gb/s,electronics,109,2.9000000953674316,google,1,Continuer navigation,fast shipping
008ee2e9,181,view,Silicon Power 256GB SSD 3D NAND A55 SLC Cache Performance Boost SATA III 2.5,electronics,109,4.800000190734863,reseaux_sociaux,1,Continuer navigation,very pleased
1391b2af,38,search,WD 4TB Gaming Drive Works with Playstation 4 Portable External Hard Drive,electronics,114,4.800000190734863,reseaux_sociaux,1,Continuer navigation,highly recommended
2fca5164,30,view,Acer SB220Q bi 21.5 inches Full HD (1920 x 1080) IPS Ultra-Thin,electronics,599,2.9000000953674316,reseaux_sociaux,1,Continuer navigation,very unhappy with my purchase
0827c9c6,130,search,Samsung 49-Inch CHG90 144Hz Curved Gaming Monitor (LC49HG90DMNXZA) – Super Ultrawide Screen QLED ,electronics,999.989990234375,2.200000047683716,pub,1,Continuer navigation,great product
36c17cef,166,purchase,BIYLACLESEN Women's 3-in-1 Snowboard Jacket Winter Coats,women's clothing,56.9900016784668,2.5999999046325684,reseaux_sociaux,5,Suggerer produits similaires,very dissatisfied
98bbf753,12,view,Lock and Love Women's Removable Hooded Faux Leather Moto Biker Jacket,women's clothing,29.950000762939453,2.9000000953674316,pub,1,Continuer navigation,highly recommended
682db10b,152,abandon,Rain Jacket Women Windbreaker Striped Climbing Raincoats,women's clothing,39.9900016784668,3.799999952316284,email,-1,Envoyer coupon -20%,very disappointed
e18e5b75,85,view,MBJ Women's Solid Short Sleeve Boat Neck V ,women's clothing,9.850000381469727,4.699999809265137,google,1,Continuer navigation,awesome product
b91c9d3a,189,abandon,Opna Women's Short Sleeve Moisture,women's clothing,7.949999809265137,4.5,reseaux_sociaux,-1,Envoyer coupon -20%,would not recommend
dd6f9258,36,view,DANVOUY Womens T Shirt Casual Cotton Short,women's clothing,12.989999771118164,3.5999999046325684,google,1,Continuer navigation,awesome product
6ea27f94,22,purchase,"Fjallraven - Foldsack No. 1 Backpack, Fits 15 Laptops",men's clothing,109.94999694824219,3.9000000953674316,email,5,Suggerer produits similaires,excellent quality
036d7ddd,117,search,Mens Casual Premium Slim Fit T-Shirts ,men's clothing,22.299999237060547,4.099999904632568,reseaux_sociaux,1,Continuer navigation,very disappointed
24638637,101,purchase,Mens Cotton Jacket,men's clothing,55.9900016784668,4.699999809265137,reseaux_sociaux,5,Suggerer produits similaires,very disappointed
d2fe426d,12,add_to_cart,Mens Casual Slim Fit,men's clothing,15.989999771118164,2.0999999046325684,pub,3,Proposer livraison gratuite,very happy with my purchase
44c4b9d1,151,abandon,John Hardy Women's Legends Naga Gold & Silver Dragon Station Chain Bracelet,jewelery,695,4.599999904632568,email,-1,Envoyer coupon -20%,fast shipping
2ceffa7c,50,search,Solid Gold Petite Micropave ,jewelery,168,3.9000000953674316,email,1,Continuer navigation,would buy again
45cd673b,130,search,White Gold Plated Princess,jewelery,9.989999771118164,3,direct,1,Continuer navigation,fast shipping
01429dc4,175,purchase,Pierced Owl Rose Gold Plated Stainless Steel Double,jewelery,10.989999771118164,1.899999976158142,direct,5,Suggerer produits similaires,highly impressed
0eb8d0c5,86,abandon,WD 2TB Elements Portable External Hard Drive - USB 3.0 ,electronics,64,3.299999952316284,google,-1,Envoyer coupon -20%,very happy with my purchase
d67689e3,184,purchase,SanDisk SSD PLUS 1TB Internal SSD - SATA III 6 Gb/s,electronics,109,2.9000000953674316,direct,5,Suggerer produits similaires,would not recommend
55f8be77,147,abandon,Silicon Power 256GB SSD 3D NAND A55 SLC Cache Performance Boost SATA III 2.5,electronics,109,4.800000190734863,email,-1,Envoyer coupon -20%,very satisfied
1ac77a92,67,add_to_cart,WD 4TB Gaming Drive Works with Playstation 4 Portable External Hard Drive,electronics,114,4.800000190734863,google,3,Proposer livraison gratuite,fast shipping
eb457b2f,150,abandon,Acer SB220Q bi 21.5 inches Full HD (1920 x 1080) IPS Ultra-Thin,electronics,599,2.9000000953674316,email,-1,Envoyer coupon -20%,very dissatisfied
75852261,39,add_to_cart,Samsung 49-Inch CHG90 144Hz Curved Gaming Monitor (LC49HG90DMNXZA) – Super Ultrawide Screen QLED ,electronics,999.989990234375,2.200000047683716,reseaux_sociaux,3,Proposer livraison gratuite,fast shipping
051f184c,61,view,BIYLACLESEN Women's 3-in-1 Snowboard Jacket Winter Coats,women's clothing,56.9900016784668,2.5999999046325684,email,1,Continuer navigation,very happy with my purchase
54e79ca7,8,view,Lock and Love Women's Removable Hooded Faux Leather Moto Biker Jacket,women's clothing,29.950000762939453,2.9000000953674316,google,1,Continuer navigation,awesome product
6dfa5f3a,1,view,Rain Jacket Women Windbreaker Striped Climbing Raincoats,women's clothing,39.9900016784668,3.799999952316284,pub,1,Continuer navigation,very satisfied
f8d476c0,75,purchase,MBJ Women's Solid Short Sleeve Boat Neck V ,women's clothing,9.850000381469727,4.699999809265137,google,5,Suggerer produits similaires,highly impressed
92b55747,188,abandon,Opna Women's Short Sleeve Moisture,women's clothing,7.949999809265137,4.5,direct,-1,Envoyer coupon -20%,waste of money
f8c8a9d8,26,abandon,DANVOUY Womens T Shirt Casual Cotton Short,women's clothing,12.989999771118164,3.5999999046325684,google,-1,Envoyer coupon -20%,would buy again
94dfb45b,39,view,"Fjallraven - Foldsack No. 1 Backpack, Fits 15 Laptops",men's clothing,109.94999694824219,3.9000000953674316,google,1,Continuer navigation,would buy again
2c3e3673,95,view,Mens Casual Premium Slim Fit T-Shirts ,men's clothing,22.299999237060547,4.099999904632568,direct,1,Continuer navigation,very happy with my purchase
5e3d58ab,92,purchase,Mens Cotton Jacket,men's clothing,55.9900016784668,4.699999809265137,pub,5,Suggerer produits similaires,poor quality
7bf6a04c,57,purchase,Mens Casual Slim Fit,men's clothing,15.989999771118164,2.0999999046325684,reseaux_sociaux,5,Suggerer produits similaires,highly impressed
c33ea9c8,158,purchase,John Hardy Women's Legends Naga Gold & Silver Dragon Station Chain Bracelet,jewelery,695,4.599999904632568,email,5,Suggerer produits similaires,fast shipping
d1b33e15,40,search,Solid Gold Petite Micropave ,jewelery,168,3.9000000953674316,reseaux_sociaux,1,Continuer navigation,awesome product
06e5cb89,111,search,White Gold Plated Princess,jewelery,9.989999771118164,3,pub,1,Continuer navigation,excellent quality
aa682e4f,181,abandon,Pierced Owl Rose Gold Plated Stainless Steel Double,jewelery,10.989999771118164,1.899999976158142,direct,-1,Envoyer coupon -20%,fast shipping
1ccdc5f0,61,abandon,WD 2TB Elements Portable External Hard Drive - USB 3.0 ,electronics,64,3.299999952316284,reseaux_sociaux,-1,Envoyer coupon -20%,would not recommend
0910f295,168,view,SanDisk SSD PLUS 1TB Internal SSD - SATA III 6 Gb/s,electronics,109,2.9000000953674316,direct,1,Continuer navigation,fast shipping
94b46bc4,69,view,Silicon Power 256GB SSD 3D NAND A55 SLC Cache Performance Boost SATA III 2.5,electronics,109,4.800000190734863,pub,1,Continuer navigation,great product
4a37cb36,181,add_to_cart,WD 4TB Gaming Drive Works with Playstation 4 Portable External Hard Drive,electronics,114,4.800000190734863,direct,3,Proposer livraison gratuite,waste of money
08c57f49,84,view,Acer SB220Q bi 21.5 inches Full HD (1920 x 1080) IPS Ultra-Thin,electronics,599,2.9000000953674316,direct,1,Continuer navigation,great product
d9e01e40,138,search,Samsung 49-Inch CHG90 144Hz Curved Gaming Monitor (LC49HG90DMNXZA) – Super Ultrawide Screen QLED ,electronics,999.989990234375,2.200000047683716,email,1,Continuer navigation,excellent quality
6a1e2a00,1,abandon,BIYLACLESEN Women's 3-in-1 Snowboard Jacket Winter Coats,women's clothing,56.9900016784668,2.5999999046325684,email,-1,Envoyer coupon -20%,very unhappy with my purchase
24a17b69,53,add_to_cart,Lock and Love Women's Removable Hooded Faux Leather Moto Biker Jacket,women's clothing,29.950000762939453,2.9000000953674316,direct,3,Proposer livraison gratuite,would not recommend
f3a1fe1f,36,view,Rain Jacket Women Windbreaker Striped Climbing Raincoats,women's clothing,39.9900016784668,3.799999952316284,direct,1,Continuer navigation,very disappointed
8fd5c897,163,search,MBJ Women's Solid Short Sleeve Boat Neck V ,women's clothing,9.850000381469727,4.699999809265137,direct,1,Continuer navigation,very satisfied
5760aa63,18,purchase,Opna Women's Short Sleeve Moisture,women's clothing,7.949999809265137,4.5,reseaux_sociaux,5,Suggerer produits similaires,very disappointed
b4ca8c50,119,purchase,DANVOUY Womens T Shirt Casual Cotton Short,women's clothing,12.989999771118164,3.5999999046325684,reseaux_sociaux,5,Suggerer produits similaires,excellent quality
d0b45a03,200,view,"Fjallraven - Foldsack No. 1 Backpack, Fits 15 Laptops",men's clothing,109.94999694824219,3.9000000953674316,pub,1,Continuer navigation,great value for money
072d6661,71,view,Mens Casual Premium Slim Fit T-Shirts ,men's clothing,22.299999237060547,4.099999904632568,reseaux_sociaux,1,Continuer navigation,waste of money
c13c5060,117,purchase,Mens Cotton Jacket,men's clothing,55.9900016784668,4.699999809265137,email,5,Suggerer produits similaires,very disappointed
c859271c,61,add_to_cart,Mens Casual Slim Fit,men's clothing,15.989999771118164,2.0999999046325684,email,3,Proposer livraison gratuite,very disappointed
bb7fc926,192,abandon,John Hardy Women's Legends Naga Gold & Silver Dragon Station Chain Bracelet,jewelery,695,4.599999904632568,pub,-1,Envoyer coupon -20%,highly impressed
241dbf12,28,add_to_cart,Solid Gold Petite Micropave ,jewelery,168,3.9000000953674316,pub,3,Proposer livraison gratuite,would buy again
80e1efca,105,purchase,White Gold Plated Princess,jewelery,9.989999771118164,3,reseaux_sociaux,5,Suggerer produits similaires,would not recommend
1e544a91,33,search,Pierced Owl Rose Gold Plated Stainless Steel Double,jewelery,10.989999771118164,1.899999976158142,pub,1,Continuer navigation,awesome product
5c6e2dae,191,search,WD 2TB Elements Portable External Hard Drive - USB 3.0 ,electronics,64,3.299999952316284,google,1,Continuer navigation,very satisfied
7c72a6d8,104,purchase,SanDisk SSD PLUS 1TB Internal SSD - SATA III 6 Gb/s,electronics,109,2.9000000953674316,email,5,Suggerer produits similaires,highly impressed
ce06f332,119,purchase,Silicon Power 256GB SSD 3D NAND A55 SLC Cache Performance Boost SATA III 2.5,electronics,109,4.800000190734863,pub,5,Suggerer produits similaires,very unhappy with my purchase
cce46ba0,178,search,WD 4TB Gaming Drive Works with Playstation 4 Portable External Hard Drive,electronics,114,4.800000190734863,email,1,Continuer navigation,would buy again
74d2478e,22,add_to_cart,Acer SB220Q bi 21.5 inches Full HD (1920 x 1080) IPS Ultra-Thin,electronics,599,2.9000000953674316,email,3,Proposer livraison gratuite,awesome product
f78f254d,5,add_to_cart,Samsung 49-Inch CHG90 144Hz Curved Gaming Monitor (LC49HG90DMNXZA) – Super Ultrawide Screen QLED ,electronics,999.989990234375,2.200000047683716,pub,3,Proposer livraison gratuite,great product
22fbb462,85,view,BIYLACLESEN Women's 3-in-1 Snowboard Jacket Winter Coats,women's clothing,56.9900016784668,2.5999999046325684,google,1,Continuer navigation,very satisfied
9f04f186,87,abandon,Lock and Love Women's Removable Hooded Faux Leather Moto Biker Jacket,women's clothing,29.950000762939453,2.9000000953674316,google,-1,Envoyer coupon -20%,highly recommended
15e2f722,51,add_to_cart,Rain Jacket Women Windbreaker Striped Climbing Raincoats,women's clothing,39.9900016784668,3.799999952316284,google,3,Proposer livraison gratuite,highly impressed
8183d4cb,198,view,MBJ Women's Solid Short Sleeve Boat Neck V ,women's clothing,9.850000381469727,4.699999809265137,pub,1,Continuer navigation,great product
cf8d699a,170,add_to_cart,Opna Women's Short Sleeve Moisture,women's clothing,7.949999809265137,4.5,email,3,Proposer livraison gratuite,very dissatisfied
7da39b9e,2,search,DANVOUY Womens T Shirt Casual Cotton Short,women's clothing,12.989999771118164,3.5999999046325684,pub,1,Continuer navigation,would not recommend
9ecdb283,168,purchase,"Fjallraven - Foldsack No. 1 Backpack, Fits 15 Laptops",men's clothing,109.94999694824219,3.9000000953674316,direct,5,Suggerer produits similaires,poor quality
0a8d1148,178,abandon,Mens Casual Premium Slim Fit T-Shirts ,men's clothing,22.299999237060547,4.099999904632568,google,-1,Envoyer coupon -20%,awesome product
40b1b903,73,abandon,Mens Cotton Jacket,men's clothing,55.9900016784668,4.699999809265137,google,-1,Envoyer coupon -20%,very satisfied
0dc6e35e,110,search,Mens Casual Slim Fit,men's clothing,15.989999771118164,2.0999999046325684,reseaux_sociaux,1,Continuer navigation,fast shipping
f2ab591a,143,search,John Hardy Women's Legends Naga Gold & Silver Dragon Station Chain Bracelet,jewelery,695,4.599999904632568,google,1,Continuer navigation,would not recommend
0980ac36,13,purchase,Solid Gold Petite Micropave ,jewelery,168,3.9000000953674316,reseaux_sociaux,5,Suggerer produits similaires,very unhappy with my purchase
6bdbb7dc,41,abandon,White Gold Plated Princess,jewelery,9.989999771118164,3,email,-1,Envoyer coupon -20%,poor quality
989676a3,63,search,Pierced Owl Rose Gold Plated Stainless Steel Double,jewelery,10.989999771118164,1.899999976158142,direct,1,Continuer navigation,not as described
e6c6988a,151,view,WD 2TB Elements Portable External Hard Drive - USB 3.0 ,electronics,64,3.299999952316284,reseaux_sociaux,1,Continuer navigation,great product
e6af98a4,120,abandon,SanDisk SSD PLUS 1TB Internal SSD - SATA III 6 Gb/s,electronics,109,2.9000000953674316,email,-1,Envoyer coupon -20%,fast shipping
1bff694f,175,view,Silicon Power 256GB SSD 3D NAND A55 SLC Cache Performance Boost SATA III 2.5,electronics,109,4.800000190734863,pub,1,Continuer navigation,very pleased
37a0369a,50,view,WD 4TB Gaming Drive Works with Playstation 4 Portable External Hard Drive,electronics,114,4.800000190734863,google,1,Continuer navigation,awesome product
c17856a6,67,search,Acer SB220Q bi 21.5 inches Full HD (1920 x 1080) IPS Ultra-Thin,electronics,599,2.9000000953674316,reseaux_sociaux,1,Continuer navigation,excellent quality
3bd72e92,46,purchase,Samsung 49-Inch CHG90 144Hz Curved Gaming Monitor (LC49HG90DMNXZA) – Super Ultrawide Screen QLED ,electronics,999.989990234375,2.200000047683716,email,5,Suggerer produits similaires,great product
2c46da00,58,purchase,BIYLACLESEN Women's 3-in-1 Snowboard Jacket Winter Coats,women's clothing,56.9900016784668,2.5999999046325684,pub,5,Suggerer produits similaires,would not recommend
cb109268,158,purchase,Lock and Love Women's Removable Hooded Faux Leather Moto Biker Jacket,women's clothing,29.950000762939453,2.9000000953674316,google,5,Suggerer produits similaires,awesome product
50ede679,55,search,Rain Jacket Women Windbreaker Striped Climbing Raincoats,women's clothing,39.9900016784668,3.799999952316284,direct,1,Continuer navigation,highly recommended
75bcac31,95,add_to_cart,MBJ Women's Solid Short Sleeve Boat Neck V ,women's clothing,9.850000381469727,4.699999809265137,reseaux_sociaux,3,Proposer livraison gratuite,would not recommend
d9cb54d8,47,add_to_cart,Opna Women's Short Sleeve Moisture,women's clothing,7.949999809265137,4.5,direct,3,Proposer livraison gratuite,would buy again
921f2af3,188,view,DANVOUY Womens T Shirt Casual Cotton Short,women's clothing,12.989999771118164,3.5999999046325684,reseaux_sociaux,1,Continuer navigation,poor quality
a9d0c8dc,53,search,"Fjallraven - Foldsack No. 1 Backpack, Fits 15 Laptops",men's clothing,109.94999694824219,3.9000000953674316,google,1,Continuer navigation,very unhappy with my purchase
47d10812,51,purchase,Mens Casual Premium Slim Fit T-Shirts ,men's clothing,22.299999237060547,4.099999904632568,pub,5,Suggerer produits similaires,would buy again
8050c470,17,abandon,Mens Cotton Jacket,men's clothing,55.9900016784668,4.699999809265137,reseaux_sociaux,-1,Envoyer coupon -20%,very unhappy with my purchase
dd405688,184,view,Mens Casual Slim Fit,men's clothing,15.989999771118164,2.0999999046325684,pub,1,Continuer navigation,poor quality
b16ef711,123,add_to_cart,John Hardy Women's Legends Naga Gold & Silver Dragon Station Chain Bracelet,jewelery,695,4.599999904632568,google,3,Proposer livraison gratuite,great product
ca3cd47f,51,abandon,Solid Gold Petite Micropave ,jewelery,168,3.9000000953674316,pub,-1,Envoyer coupon -20%,great product
5280d5a6,173,abandon,White Gold Plated Princess,jewelery,9.989999771118164,3,pub,-1,Envoyer coupon -20%,highly recommended
d343f843,145,search,Pierced Owl Rose Gold Plated Stainless Steel Double,jewelery,10.989999771118164,1.899999976158142,pub,1,Continuer navigation,very happy with my purchase
88071ebd,67,purchase,WD 2TB Elements Portable External Hard Drive - USB 3.0 ,electronics,64,3.299999952316284,reseaux_sociaux,5,Suggerer produits similaires,highly recommended
a7005aab,66,add_to_cart,SanDisk SSD PLUS 1TB Internal SSD - SATA III 6 Gb/s,electronics,109,2.9000000953674316,google,3,Proposer livraison gratuite,would buy again
86cc4cb3,44,purchase,Silicon Power 256GB SSD 3D NAND A55 SLC Cache Performance Boost SATA III 2.5,electronics,109,4.800000190734863,pub,5,Suggerer produits similaires,very happy with my purchase
c2e06b20,56,search,WD 4TB Gaming Drive Works with Playstation 4 Portable External Hard Drive,electronics,114,4.800000190734863,reseaux_sociaux,1,Continuer navigation,very pleased
85e3ef40,140,add_to_cart,Acer SB220Q bi 21.5 inches Full HD (1920 x 1080) IPS Ultra-Thin,electronics,599,2.9000000953674316,direct,3,Proposer livraison gratuite,would buy again
3617378d,175,view,Samsung 49-Inch CHG90 144Hz Curved Gaming Monitor (LC49HG90DMNXZA) – Super Ultrawide Screen QLED ,electronics,999.989990234375,2.200000047683716,reseaux_sociaux,1,Continuer navigation,great product
51cc60f6,17,search,BIYLACLESEN Women's 3-in-1 Snowboard Jacket Winter Coats,women's clothing,56.9900016784668,2.5999999046325684,direct,1,Continuer navigation,great product
f0601d2a,122,add_to_cart,Lock and Love Women's Removable Hooded Faux Leather Moto Biker Jacket,women's clothing,29.950000762939453,2.9000000953674316,pub,3,Proposer livraison gratuite,very happy with my purchase
7d51e112,140,purchase,Rain Jacket Women Windbreaker Striped Climbing Raincoats,women's clothing,39.9900016784668,3.799999952316284,email,5,Suggerer produits similaires,very satisfied
e3611365,66,search,MBJ Women's Solid Short Sleeve Boat Neck V ,women's clothing,9.850000381469727,4.699999809265137,reseaux_sociaux,1,Continuer navigation,waste of money
c092ff01,58,view,Opna Women's Short Sleeve Moisture,women's clothing,7.949999809265137,4.5,email,1,Continuer navigation,great product
81460b9f,66,abandon,DANVOUY Womens T Shirt Casual Cotton Short,women's clothing,12.989999771118164,3.5999999046325684,google,-1,Envoyer coupon -20%,would buy again
90b0a710,148,view,"Fjallraven - Foldsack No. 1 Backpack, Fits 15 Laptops",men's clothing,109.94999694824219,3.9000000953674316,google,1,Continuer navigation,very disappointed
8ef2bc05,101,add_to_cart,Mens Casual Premium Slim Fit T-Shirts ,men's clothing,22.299999237060547,4.099999904632568,google,3,Proposer livraison gratuite,great value for money
c269cd97,54,add_to_cart,Mens Cotton Jacket,men's clothing,55.9900016784668,4.699999809265137,reseaux_sociaux,3,Proposer livraison gratuite,excellent quality
f24c4993,120,search,Mens Casual Slim Fit,men's clothing,15.989999771118164,2.0999999046325684,direct,1,Continuer navigation,very pleased
c692d195,198,purchase,John Hardy Women's Legends Naga Gold & Silver Dragon Station Chain Bracelet,jewelery,695,4.599999904632568,pub,5,Suggerer produits similaires,highly impressed
85031da7,26,purchase,Solid Gold Petite Micropave ,jewelery,168,3.9000000953674316,pub,5,Suggerer produits similaires,great value for money
76435b9a,106,add_to_cart,White Gold Plated Princess,jewelery,9.989999771118164,3,reseaux_sociaux,3,Proposer livraison gratuite,would not recommend
8be4fc5a,136,view,Pierced Owl Rose Gold Plated Stainless Steel Double,jewelery,10.989999771118164,1.899999976158142,google,1,Continuer navigation,highly impressed
d617f843,187,search,WD 2TB Elements Portable External Hard Drive - USB 3.0 ,electronics,64,3.299999952316284,email,1,Continuer navigation,excellent quality
93e53839,52,view,SanDisk SSD PLUS 1TB Internal SSD - SATA III 6 Gb/s,electronics,109,2.9000000953674316,direct,1,Continuer navigation,would buy again
d227cd3e,84,purchase,Silicon Power 256GB SSD 3D NAND A55 SLC Cache Performance Boost SATA III 2.5,electronics,109,4.800000190734863,reseaux_sociaux,5,Suggerer produits similaires,very happy with my purchase
a3909113,53,view,WD 4TB Gaming Drive Works with Playstation 4 Portable External Hard Drive,electronics,114,4.800000190734863,direct,1,Continuer navigation,very disappointed
3a1b5bce,29,add_to_cart,Acer SB220Q bi 21.5 inches Full HD (1920 x 1080) IPS Ultra-Thin,electronics,599,2.9000000953674316,email,3,Proposer livraison gratuite,very happy with my purchase
0a325167,37,view,Samsung 49-Inch CHG90 144Hz Curved Gaming Monitor (LC49HG90DMNXZA) – Super Ultrawide Screen QLED ,electronics,999.989990234375,2.200000047683716,reseaux_sociaux,1,Continuer navigation,not worth the price
73a21407,139,view,BIYLACLESEN Women's 3-in-1 Snowboard Jacket Winter Coats,women's clothing,56.9900016784668,2.5999999046325684,pub,1,Continuer navigation,excellent quality
540f713a,93,add_to_cart,Lock and Love Women's Removable Hooded Faux Leather Moto Biker Jacket,women's clothing,29.950000762939453,2.9000000953674316,reseaux_sociaux,3,Proposer livraison gratuite,very happy with my purchase
d093e413,195,purchase,Rain Jacket Women Windbreaker Striped Climbing Raincoats,women's clothing,39.9900016784668,3.799999952316284,direct,5,Suggerer produits similaires,poor quality
15b7f6e7,143,add_to_cart,MBJ Women's Solid Short Sleeve Boat Neck V ,women's clothing,9.850000381469727,4.699999809265137,direct,3,Proposer livraison gratuite,highly impressed
10ed49b5,51,add_to_cart,Opna Women's Short Sleeve Moisture,women's clothing,7.949999809265137,4.5,email,3,Proposer livraison gratuite,would buy again
699ea2ac,47,search,DANVOUY Womens T Shirt Casual Cotton Short,women's clothing,12.989999771118164,3.5999999046325684,google,1,Continuer navigation,great product
eeb94df4,16,search,"Fjallraven - Foldsack No. 1 Backpack, Fits 15 Laptops",men's clothing,109.94999694824219,3.9000000953674316,email,1,Continuer navigation,highly impressed
b662d01f,192,purchase,Mens Casual Premium Slim Fit T-Shirts ,men's clothing,22.299999237060547,4.099999904632568,email,5,Suggerer produits similaires,poor quality
90dcafb5,44,add_to_cart,Mens Cotton Jacket,men's clothing,55.9900016784668,4.699999809265137,pub,3,Proposer livraison gratuite,highly impressed
a504866d,19,purchase,Mens Casual Slim Fit,men's clothing,15.989999771118164,2.0999999046325684,reseaux_sociaux,5,Suggerer produits similaires,great value for money
e31c55c4,177,purchase,John Hardy Women's Legends Naga Gold & Silver Dragon Station Chain Bracelet,jewelery,695,4.599999904632568,email,5,Suggerer produits similaires,great product
c8bc7182,42,add_to_cart,Solid Gold Petite Micropave ,jewelery,168,3.9000000953674316,direct,3,Proposer livraison gratuite,poor quality
94e52e3c,117,purchase,White Gold Plated Princess,jewelery,9.989999771118164,3,google,5,Suggerer produits similaires,very satisfied
52fe7f35,161,view,Pierced Owl Rose Gold Plated Stainless Steel Double,jewelery,10.989999771118164,1.899999976158142,google,1,Continuer navigation,excellent quality
72ab8f4c,62,search,WD 2TB Elements Portable External Hard Drive - USB 3.0 ,electronics,64,3.299999952316284,google,1,Continuer navigation,would buy again
745e51c7,69,purchase,SanDisk SSD PLUS 1TB Internal SSD - SATA III 6 Gb/s,electronics,109,2.9000000953674316,google,5,Suggerer produits similaires,fast shipping
50fa7118,88,purchase,Silicon Power 256GB SSD 3D NAND A55 SLC Cache Performance Boost SATA III 2.5,electronics,109,4.800000190734863,pub,5,Suggerer produits similaires,would buy again
f2c67a36,125,purchase,WD 4TB Gaming Drive Works with Playstation 4 Portable External Hard Drive,electronics,114,4.800000190734863,reseaux_sociaux,5,Suggerer produits similaires,would not recommend
7bb3d6c6,125,add_to_cart,Acer SB220Q bi 21.5 inches Full HD (1920 x 1080) IPS Ultra-Thin,electronics,599,2.9000000953674316,google,3,Proposer livraison gratuite,great product
19ee9769,41,search,Samsung 49-Inch CHG90 144Hz Curved Gaming Monitor (LC49HG90DMNXZA) – Super Ultrawide Screen QLED ,electronics,999.989990234375,2.200000047683716,direct,1,Continuer navigation,great product
1c625807,151,view,BIYLACLESEN Women's 3-in-1 Snowboard Jacket Winter Coats,women's clothing,56.9900016784668,2.5999999046325684,pub,1,Continuer navigation,highly impressed
1d0f3734,84,abandon,Lock and Love Women's Removable Hooded Faux Leather Moto Biker Jacket,women's clothing,29.950000762939453,2.9000000953674316,google,-1,Envoyer coupon -20%,highly impressed
ed36c054,115,view,Rain Jacket Women Windbreaker Striped Climbing Raincoats,women's clothing,39.9900016784668,3.799999952316284,google,1,Continuer navigation,very unhappy with my purchase
c66802bb,39,add_to_cart,MBJ Women's Solid Short Sleeve Boat Neck V ,women's clothing,9.850000381469727,4.699999809265137,pub,3,Proposer livraison gratuite,great product
6dd72188,142,view,Opna Women's Short Sleeve Moisture,women's clothing,7.949999809265137,4.5,direct,1,Continuer navigation,poor quality
29cbb451,90,purchase,DANVOUY Womens T Shirt Casual Cotton Short,women's clothing,12.989999771118164,3.5999999046325684,pub,5,Suggerer produits similaires,would buy again
45839f8a,60,search,"Fjallraven - Foldsack No. 1 Backpack, Fits 15 Laptops",men's clothing,109.94999694824219,3.9000000953674316,direct,1,Continuer navigation,highly recommended
91db3b35,114,search,Mens Casual Premium Slim Fit T-Shirts ,men's clothing,22.299999237060547,4.099999904632568,direct,1,Continuer navigation,awesome product
c140e212,171,view,Mens Cotton Jacket,men's clothing,55.9900016784668,4.699999809265137,email,1,Continuer navigation,great product
4812c4e7,1,view,Mens Casual Slim Fit,men's clothing,15.989999771118164,2.0999999046325684,email,1,Continuer navigation,poor quality
79567344,54,add_to_cart,John Hardy Women's Legends Naga Gold & Silver Dragon Station Chain Bracelet,jewelery,695,4.599999904632568,pub,3,Proposer livraison gratuite,waste of money
3199d2a1,92,view,Solid Gold Petite Micropave ,jewelery,168,3.9000000953674316,google,1,Continuer navigation,poor quality
3896f0a6,90,add_to_cart,White Gold Plated Princess,jewelery,9.989999771118164,3,reseaux_sociaux,3,Proposer livraison gratuite,poor quality
b50b69f3,170,abandon,Pierced Owl Rose Gold Plated Stainless Steel Double,jewelery,10.989999771118164,1.899999976158142,google,-1,Envoyer coupon -20%,very unhappy with my purchase
34e5dfe5,175,view,WD 2TB Elements Portable External Hard Drive - USB 3.0 ,electronics,64,3.299999952316284,pub,1,Continuer navigation,fast shipping
02a38805,150,view,SanDisk SSD PLUS 1TB Internal SSD - SATA III 6 Gb/s,electronics,109,2.9000000953674316,pub,1,Continuer navigation,very dissatisfied
002787d4,119,purchase,Silicon Power 256GB SSD 3D NAND A55 SLC Cache Performance Boost SATA III 2.5,electronics,109,4.800000190734863,pub,5,Suggerer produits similaires,not worth the price
53cb5dbe,13,search,WD 4TB Gaming Drive Works with Playstation 4 Portable External Hard Drive,electronics,114,4.800000190734863,email,1,Continuer navigation,great value for money
29f87d06,155,add_to_cart,Acer SB220Q bi 21.5 inches Full HD (1920 x 1080) IPS Ultra-Thin,electronics,599,2.9000000953674316,direct,3,Proposer livraison gratuite,poor quality
93a58331,60,add_to_cart,Samsung 49-Inch CHG90 144Hz Curved Gaming Monitor (LC49HG90DMNXZA) – Super Ultrawide Screen QLED ,electronics,999.989990234375,2.200000047683716,direct,3,Proposer livraison gratuite,highly impressed
e49c6cd5,25,view,BIYLACLESEN Women's 3-in-1 Snowboard Jacket Winter Coats,women's clothing,56.9900016784668,2.5999999046325684,pub,1,Continuer navigation,highly impressed
782c8d56,167,view,Lock and Love Women's Removable Hooded Faux Leather Moto Biker Jacket,women's clothing,29.950000762939453,2.9000000953674316,pub,1,Continuer navigation,very happy with my purchase
17a9e61f,71,abandon,Rain Jacket Women Windbreaker Striped Climbing Raincoats,women's clothing,39.9900016784668,3.799999952316284,direct,-1,Envoyer coupon -20%,waste of money
42dfe2ed,75,view,MBJ Women's Solid Short Sleeve Boat Neck V ,women's clothing,9.850000381469727,4.699999809265137,email,1,Continuer navigation,highly impressed
b8fa192c,136,search,Opna Women's Short Sleeve Moisture,women's clothing,7.949999809265137,4.5,reseaux_sociaux,1,Continuer navigation,very dissatisfied
b3941fef,160,abandon,DANVOUY Womens T Shirt Casual Cotton Short,women's clothing,12.989999771118164,3.5999999046325684,pub,-1,Envoyer coupon -20%,fast shipping
dee4eb8d,134,search,"Fjallraven - Foldsack No. 1 Backpack, Fits 15 Laptops",men's clothing,109.94999694824219,3.9000000953674316,pub,1,Continuer navigation,highly impressed
d4f3804b,11,view,Mens Casual Premium Slim Fit T-Shirts ,men's clothing,22.299999237060547,4.099999904632568,google,1,Continuer navigation,very unhappy with my purchase
70066e51,27,search,Mens Cotton Jacket,men's clothing,55.9900016784668,4.699999809265137,google,1,Continuer navigation,very pleased
361d8a92,132,search,Mens Casual Slim Fit,men's clothing,15.989999771118164,2.0999999046325684,pub,1,Continuer navigation,fast shipping
a4b41fd9,46,abandon,John Hardy Women's Legends Naga Gold & Silver Dragon Station Chain Bracelet,jewelery,695,4.599999904632568,google,-1,Envoyer coupon -20%,waste of money
613c3624,108,search,Solid Gold Petite Micropave ,jewelery,168,3.9000000953674316,reseaux_sociaux,1,Continuer navigation,great product
1bbd6321,18,abandon,White Gold Plated Princess,jewelery,9.989999771118164,3,pub,-1,Envoyer coupon -20%,would not recommend
2daf7560,158,abandon,Pierced Owl Rose Gold Plated Stainless Steel Double,jewelery,10.989999771118164,1.899999976158142,pub,-1,Envoyer coupon -20%,waste of money
80b587ab,171,purchase,WD 2TB Elements Portable External Hard Drive - USB 3.0 ,electronics,64,3.299999952316284,google,5,Suggerer produits similaires,excellent quality
09b7460f,92,add_to_cart,SanDisk SSD PLUS 1TB Internal SSD - SATA III 6 Gb/s,electronics,109,2.9000000953674316,google,3,Proposer livraison gratuite,great product
ff2054b0,55,search,Silicon Power 256GB SSD 3D NAND A55 SLC Cache Performance Boost SATA III 2.5,electronics,109,4.800000190734863,pub,1,Continuer navigation,very disappointed
927473bc,105,abandon,WD 4TB Gaming Drive Works with Playstation 4 Portable External Hard Drive,electronics,114,4.800000190734863,google,-1,Envoyer coupon -20%,highly impressed
088f3e20,131,abandon,Acer SB220Q bi 21.5 inches Full HD (1920 x 1080) IPS Ultra-Thin,electronics,599,2.9000000953674316,reseaux_sociaux,-1,Envoyer coupon -20%,poor quality
8db0a27a,31,purchase,Samsung 49-Inch CHG90 144Hz Curved Gaming Monitor (LC49HG90DMNXZA) – Super Ultrawide Screen QLED ,electronics,999.989990234375,2.200000047683716,direct,5,Suggerer produits similaires,excellent quality
9ea20b96,146,purchase,BIYLACLESEN Women's 3-in-1 Snowboard Jacket Winter Coats,women's clothing,56.9900016784668,2.5999999046325684,direct,5,Suggerer produits similaires,would not recommend
955e4013,158,abandon,Lock and Love Women's Removable Hooded Faux Leather Moto Biker Jacket,women's clothing,29.950000762939453,2.9000000953674316,email,-1,Envoyer coupon -20%,very disappointed
9af69843,9,add_to_cart,Rain Jacket Women Windbreaker Striped Climbing Raincoats,women's clothing,39.9900016784668,3.799999952316284,direct,3,Proposer livraison gratuite,great value for money
360ca161,173,abandon,MBJ Women's Solid Short Sleeve Boat Neck V ,women's clothing,9.850000381469727,4.699999809265137,direct,-1,Envoyer coupon -20%,highly impressed
e3884e9d,153,purchase,Opna Women's Short Sleeve Moisture,women's clothing,7.949999809265137,4.5,pub,5,Suggerer produits similaires,great value for money
44ca573e,127,add_to_cart,DANVOUY Womens T Shirt Casual Cotton Short,women's clothing,12.989999771118164,3.5999999046325684,pub,3,Proposer livraison gratuite,great product
30b2f544,121,view,"Fjallraven - Foldsack No. 1 Backpack, Fits 15 Laptops",men's clothing,109.94999694824219,3.9000000953674316,reseaux_sociaux,1,Continuer navigation,would not buy again
570cdff3,75,purchase,Mens Casual Premium Slim Fit T-Shirts ,men's clothing,22.299999237060547,4.099999904632568,direct,5,Suggerer produits similaires,fast shipping
b94ca073,200,add_to_cart,Mens Cotton Jacket,men's clothing,55.9900016784668,4.699999809265137,google,3,Proposer livraison gratuite,highly recommended
b528dd9f,94,add_to_cart,Mens Casual Slim Fit,men's clothing,15.989999771118164,2.0999999046325684,google,3,Proposer livraison gratuite,very unhappy with my purchase
af60013a,122,view,John Hardy Women's Legends Naga Gold & Silver Dragon Station Chain Bracelet,jewelery,695,4.599999904632568,google,1,Continuer navigation,highly recommended
80408dfa,128,search,Solid Gold Petite Micropave ,jewelery,168,3.9000000953674316,direct,1,Continuer navigation,poor quality
971a41b6,81,purchase,White Gold Plated Princess,jewelery,9.989999771118164,3,direct,5,Suggerer produits similaires,would not recommend
31a8dc2c,169,abandon,Pierced Owl Rose Gold Plated Stainless Steel Double,jewelery,10.989999771118164,1.899999976158142,google,-1,Envoyer coupon -20%,excellent quality
ea10b98f,54,purchase,WD 2TB Elements Portable External Hard Drive - USB 3.0 ,electronics,64,3.299999952316284,reseaux_sociaux,5,Suggerer produits similaires,highly recommended
575d1305,109,view,SanDisk SSD PLUS 1TB Internal SSD - SATA III 6 Gb/s,electronics,109,2.9000000953674316,email,1,Continuer navigation,very happy with my purchase
00aa79c5,135,add_to_cart,Silicon Power 256GB SSD 3D NAND A55 SLC Cache Performance Boost SATA III 2.5,electronics,109,4.800000190734863,reseaux_sociaux,3,Proposer livraison gratuite,highly impressed
e4551e8b,176,add_to_cart,WD 4TB Gaming Drive Works with Playstation 4 Portable External Hard Drive,electronics,114,4.800000190734863,email,3,Proposer livraison gratuite,excellent quality
94250229,38,purchase,Acer SB220Q bi 21.5 inches Full HD (1920 x 1080) IPS Ultra-Thin,electronics,599,2.9000000953674316,direct,5,Suggerer produits similaires,very dissatisfied
1f243134,117,purchase,Samsung 49-Inch CHG90 144Hz Curved Gaming Monitor (LC49HG90DMNXZA) – Super Ultrawide Screen QLED ,electronics,999.989990234375,2.200000047683716,pub,5,Suggerer produits similaires,fast shipping
9db7c343,109,abandon,BIYLACLESEN Women's 3-in-1 Snowboard Jacket Winter Coats,women's clothing,56.9900016784668,2.5999999046325684,email,-1,Envoyer coupon -20%,highly impressed
e70fa932,108,view,Lock and Love Women's Removable Hooded Faux Leather Moto Biker Jacket,women's clothing,29.950000762939453,2.9000000953674316,pub,1,Continuer navigation,highly impressed
712177f6,112,add_to_cart,Rain Jacket Women Windbreaker Striped Climbing Raincoats,women's clothing,39.9900016784668,3.799999952316284,pub,3,Proposer livraison gratuite,would buy again
ca5c0669,25,view,MBJ Women's Solid Short Sleeve Boat Neck V ,women's clothing,9.850000381469727,4.699999809265137,email,1,Continuer navigation,highly impressed
38c3b904,154,abandon,Opna Women's Short Sleeve Moisture,women's clothing,7.949999809265137,4.5,email,-1,Envoyer coupon -20%,fast shipping
015ceeef,1,search,DANVOUY Womens T Shirt Casual Cotton Short,women's clothing,12.989999771118164,3.5999999046325684,pub,1,Continuer navigation,would not recommend
d7c025ba,15,add_to_cart,"Fjallraven - Foldsack No. 1 Backpack, Fits 15 Laptops",men's clothing,109.94999694824219,3.9000000953674316,pub,3,Proposer livraison gratuite,would buy again
2ea3ad23,35,view,Mens Casual Premium Slim Fit T-Shirts ,men's clothing,22.299999237060547,4.099999904632568,direct,1,Continuer navigation,great product
88e08aea,137,view,Mens Cotton Jacket,men's clothing,55.9900016784668,4.699999809265137,direct,1,Continuer navigation,would buy again
279d8d9a,163,purchase,Mens Casual Slim Fit,men's clothing,15.989999771118164,2.0999999046325684,direct,5,Suggerer produits similaires,highly impressed
ba26cf94,10,search,John Hardy Women's Legends Naga Gold & Silver Dragon Station Chain Bracelet,jewelery,695,4.599999904632568,pub,1,Continuer navigation,fast shipping
fa40df98,20,search,Solid Gold Petite Micropave ,jewelery,168,3.9000000953674316,pub,1,Continuer navigation,very dissatisfied
a9a68689,16,view,White Gold Plated Princess,jewelery,9.989999771118164,3,reseaux_sociaux,1,Continuer navigation,awesome product
f25bd140,176,view,Pierced Owl Rose Gold Plated Stainless Steel Double,jewelery,10.989999771118164,1.899999976158142,google,1,Continuer navigation,great product
1b62d259,153,abandon,WD 2TB Elements Portable External Hard Drive - USB 3.0 ,electronics,64,3.299999952316284,pub,-1,Envoyer coupon -20%,highly impressed
f842c214,94,abandon,SanDisk SSD PLUS 1TB Internal SSD - SATA III 6 Gb/s,electronics,109,2.9000000953674316,google,-1,Envoyer coupon -20%,poor quality
1a331ecf,34,abandon,Silicon Power 256GB SSD 3D NAND A55 SLC Cache Performance Boost SATA III 2.5,electronics,109,4.800000190734863,google,-1,Envoyer coupon -20%,very dissatisfied
594dbac7,77,purchase,WD 4TB Gaming Drive Works with Playstation 4 Portable External Hard Drive,electronics,114,4.800000190734863,reseaux_sociaux,5,Suggerer produits similaires,very disappointed
ba99ee14,26,view,Acer SB220Q bi 21.5 inches Full HD (1920 x 1080) IPS Ultra-Thin,electronics,599,2.9000000953674316,direct,1,Continuer navigation,very satisfied
453607aa,16,search,Samsung 49-Inch CHG90 144Hz Curved Gaming Monitor (LC49HG90DMNXZA) – Super Ultrawide Screen QLED ,electronics,999.989990234375,2.200000047683716,reseaux_sociaux,1,Continuer navigation,not as described
d97fd368,97,abandon,BIYLACLESEN Women's 3-in-1 Snowboard Jacket Winter Coats,women's clothing,56.9900016784668,2.5999999046325684,direct,-1,Envoyer coupon -20%,great product
808f4f3b,155,view,Lock and Love Women's Removable Hooded Faux Leather Moto Biker Jacket,women's clothing,29.950000762939453,2.9000000953674316,pub,1,Continuer navigation,very disappointed
00c8b5ca,52,add_to_cart,Rain Jacket Women Windbreaker Striped Climbing Raincoats,women's clothing,39.9900016784668,3.799999952316284,pub,3,Proposer livraison gratuite,highly recommended
148c0f9f,21,add_to_cart,MBJ Women's Solid Short Sleeve Boat Neck V ,women's clothing,9.850000381469727,4.699999809265137,pub,3,Proposer livraison gratuite,very disappointed
f0475782,136,abandon,Opna Women's Short Sleeve Moisture,women's clothing,7.949999809265137,4.5,reseaux_sociaux,-1,Envoyer coupon -20%,very pleased
7f4c8809,62,search,DANVOUY Womens T Shirt Casual Cotton Short,women's clothing,12.989999771118164,3.5999999046325684,pub,1,Continuer navigation,not as described
27485571,56,add_to_cart,"Fjallraven - Foldsack No. 1 Backpack, Fits 15 Laptops",men's clothing,109.94999694824219,3.9000000953674316,google,3,Proposer livraison gratuite,waste of money
a51a4a39,135,purchase,Mens Casual Premium Slim Fit T-Shirts ,men's clothing,22.299999237060547,4.099999904632568,pub,5,Suggerer produits similaires,poor quality
4d1e32c5,7,search,Mens Cotton Jacket,men's clothing,55.9900016784668,4.699999809265137,email,1,Continuer navigation,waste of money
b99f25e0,181,add_to_cart,Mens Casual Slim Fit,men's clothing,15.989999771118164,2.0999999046325684,direct,3,Proposer livraison gratuite,very disappointed
c3b6cac9,93,view,John Hardy Women's Legends Naga Gold & Silver Dragon Station Chain Bracelet,jewelery,695,4.599999904632568,direct,1,Continuer navigation,awesome product
6b1787e0,147,purchase,Solid Gold Petite Micropave ,jewelery,168,3.9000000953674316,direct,5,Suggerer produits similaires,would not recommend
36b441d4,78,search,White Gold Plated Princess,jewelery,9.989999771118164,3,pub,1,Continuer navigation,very pleased
e43c87a5,197,search,Pierced Owl Rose Gold Plated Stainless Steel Double,jewelery,10.989999771118164,1.899999976158142,google,1,Continuer navigation,highly recommended
ebd6a67d,43,view,WD 2TB Elements Portable External Hard Drive - USB 3.0 ,electronics,64,3.299999952316284,reseaux_sociaux,1,Continuer navigation,would not buy again
c26580fd,52,add_to_cart,SanDisk SSD PLUS 1TB Internal SSD - SATA III 6 Gb/s,electronics,109,2.9000000953674316,reseaux_sociaux,3,Proposer livraison gratuite,great value for money
c181ccc0,90,purchase,Silicon Power 256GB SSD 3D NAND A55 SLC Cache Performance Boost SATA III 2.5,electronics,109,4.800000190734863,email,5,Suggerer produits similaires,poor quality
c2631ebf,197,add_to_cart,WD 4TB Gaming Drive Works with Playstation 4 Portable External Hard Drive,electronics,114,4.800000190734863,google,3,Proposer livraison gratuite,awesome product
63702c14,76,purchase,Acer SB220Q bi 21.5 inches Full HD (1920 x 1080) IPS Ultra-Thin,electronics,599,2.9000000953674316,direct,5,Suggerer produits similaires,very unhappy with my purchase
c5c38610,156,purchase,Samsung 49-Inch CHG90 144Hz Curved Gaming Monitor (LC49HG90DMNXZA) – Super Ultrawide Screen QLED ,electronics,999.989990234375,2.200000047683716,direct,5,Suggerer produits similaires,highly impressed
5cb00aad,107,abandon,BIYLACLESEN Women's 3-in-1 Snowboard Jacket Winter Coats,women's clothing,56.9900016784668,2.5999999046325684,pub,-1,Envoyer coupon -20%,highly impressed
305867f4,189,add_to_cart,Lock and Love Women's Removable Hooded Faux Leather Moto Biker Jacket,women's clothing,29.950000762939453,2.9000000953674316,pub,3,Proposer livraison gratuite,fast shipping
5889bf9d,110,purchase,Rain Jacket Women Windbreaker Striped Climbing Raincoats,women's clothing,39.9900016784668,3.799999952316284,email,5,Suggerer produits similaires,would buy again
9bdcee3b,132,abandon,MBJ Women's Solid Short Sleeve Boat Neck V ,women's clothing,9.850000381469727,4.699999809265137,email,-1,Envoyer coupon -20%,poor quality
17542bb5,157,view,Opna Women's Short Sleeve Moisture,women's clothing,7.949999809265137,4.5,direct,1,Continuer navigation,poor quality
b0bfd9e7,39,purchase,DANVOUY Womens T Shirt Casual Cotton Short,women's clothing,12.989999771118164,3.5999999046325684,direct,5,Suggerer produits similaires,would buy again
bb7ca691,179,abandon,"Fjallraven - Foldsack No. 1 Backpack, Fits 15 Laptops",men's clothing,109.94999694824219,3.9000000953674316,email,-1,Envoyer coupon -20%,very pleased
9a749818,170,add_to_cart,Mens Casual Premium Slim Fit T-Shirts ,men's clothing,22.299999237060547,4.099999904632568,google,3,Proposer livraison gratuite,would buy again
6a766b16,184,purchase,Mens Cotton Jacket,men's clothing,55.9900016784668,4.699999809265137,pub,5,Suggerer produits similaires,would buy again
1a296d1e,11,search,Mens Casual Slim Fit,men's clothing,15.989999771118164,2.0999999046325684,google,1,Continuer navigation,great product
b2b7e265,138,add_to_cart,John Hardy Women's Legends Naga Gold & Silver Dragon Station Chain Bracelet,jewelery,695,4.599999904632568,google,3,Proposer livraison gratuite,would buy again
51f815dd,154,purchase,Solid Gold Petite Micropave ,jewelery,168,3.9000000953674316,email,5,Suggerer produits similaires,awesome product
1ed64cf2,51,search,White Gold Plated Princess,jewelery,9.989999771118164,3,email,1,Continuer navigation,great product
c90c1619,138,view,Pierced Owl Rose Gold Plated Stainless Steel Double,jewelery,10.989999771118164,1.899999976158142,direct,1,Continuer navigation,awesome product
2dd3064c,110,search,WD 2TB Elements Portable External Hard Drive - USB 3.0 ,electronics,64,3.299999952316284,direct,1,Continuer navigation,excellent quality
de4daa61,148,search,SanDisk SSD PLUS 1TB Internal SSD - SATA III 6 Gb/s,electronics,109,2.9000000953674316,pub,1,Continuer navigation,not as described
e298a305,29,purchase,Silicon Power 256GB SSD 3D NAND A55 SLC Cache Performance Boost SATA III 2.5,electronics,109,4.800000190734863,reseaux_sociaux,5,Suggerer produits similaires,highly recommended
ce5ca548,14,search,WD 4TB Gaming Drive Works with Playstation 4 Portable External Hard Drive,electronics,114,4.800000190734863,reseaux_sociaux,1,Continuer navigation,highly impressed
c631c284,102,search,Acer SB220Q bi 21.5 inches Full HD (1920 x 1080) IPS Ultra-Thin,electronics,599,2.9000000953674316,direct,1,Continuer navigation,great product
a5a2e4c3,183,abandon,Samsung 49-Inch CHG90 144Hz Curved Gaming Monitor (LC49HG90DMNXZA) – Super Ultrawide Screen QLED ,electronics,999.989990234375,2.200000047683716,google,-1,Envoyer coupon -20%,highly impressed
76621827,103,search,BIYLACLESEN Women's 3-in-1 Snowboard Jacket Winter Coats,women's clothing,56.9900016784668,2.5999999046325684,google,1,Continuer navigation,great product
903afd89,132,view,Lock and Love Women's Removable Hooded Faux Leather Moto Biker Jacket,women's clothing,29.950000762939453,2.9000000953674316,reseaux_sociaux,1,Continuer navigation,great product
a1a0923e,109,add_to_cart,Rain Jacket Women Windbreaker Striped Climbing Raincoats,women's clothing,39.9900016784668,3.799999952316284,google,3,Proposer livraison gratuite,would not recommend
cf903879,157,abandon,MBJ Women's Solid Short Sleeve Boat Neck V ,women's clothing,9.850000381469727,4.699999809265137,email,-1,Envoyer coupon -20%,very disappointed
ef18edeb,69,search,Opna Women's Short Sleeve Moisture,women's clothing,7.949999809265137,4.5,direct,1,Continuer navigation,great value for money
23f15603,99,add_to_cart,DANVOUY Womens T Shirt Casual Cotton Short,women's clothing,12.989999771118164,3.5999999046325684,google,3,Proposer livraison gratuite,excellent quality
97e8e6bf,38,abandon,"Fjallraven - Foldsack No. 1 Backpack, Fits 15 Laptops",men's clothing,109.94999694824219,3.9000000953674316,direct,-1,Envoyer coupon -20%,great value for money
429daac8,197,purchase,Mens Casual Premium Slim Fit T-Shirts ,men's clothing,22.299999237060547,4.099999904632568,pub,5,Suggerer produits similaires,highly recommended
5ba5e36f,136,view,Mens Cotton Jacket,men's clothing,55.9900016784668,4.699999809265137,direct,1,Continuer navigation,highly impressed
193c005f,175,purchase,Mens Casual Slim Fit,men's clothing,15.989999771118164,2.0999999046325684,google,5,Suggerer produits similaires,waste of money
5c205efb,111,purchase,John Hardy Women's Legends Naga Gold & Silver Dragon Station Chain Bracelet,jewelery,695,4.599999904632568,google,5,Suggerer produits similaires,great value for money
955110fd,93,abandon,Solid Gold Petite Micropave ,jewelery,168,3.9000000953674316,reseaux_sociaux,-1,Envoyer coupon -20%,very dissatisfied
0bfcb144,156,add_to_cart,White Gold Plated Princess,jewelery,9.989999771118164,3,direct,3,Proposer livraison gratuite,not as described
e54f428e,1,abandon,Pierced Owl Rose Gold Plated Stainless Steel Double,jewelery,10.989999771118164,1.899999976158142,email,-1,Envoyer coupon -20%,great value for money
6dba2155,46,view,WD 2TB Elements Portable External Hard Drive - USB 3.0 ,electronics,64,3.299999952316284,email,1,Continuer navigation,disappointing product
ba723f27,65,view,SanDisk SSD PLUS 1TB Internal SSD - SATA III 6 Gb/s,electronics,109,2.9000000953674316,pub,1,Continuer navigation,would not buy again
709bd257,35,add_to_cart,Silicon Power 256GB SSD 3D NAND A55 SLC Cache Performance Boost SATA III 2.5,electronics,109,4.800000190734863,email,3,Proposer livraison gratuite,highly impressed
2c34b0e0,165,add_to_cart,WD 4TB Gaming Drive Works with Playstation 4 Portable External Hard Drive,electronics,114,4.800000190734863,pub,3,Proposer livraison gratuite,very disappointed
42b2c4d8,23,view,Acer SB220Q bi 21.5 inches Full HD (1920 x 1080) IPS Ultra-Thin,electronics,599,2.9000000953674316,pub,1,Continuer navigation,not as described
cc912b70,139,purchase,Samsung 49-Inch CHG90 144Hz Curved Gaming Monitor (LC49HG90DMNXZA) – Super Ultrawide Screen QLED ,electronics,999.989990234375,2.200000047683716,reseaux_sociaux,5,Suggerer produits similaires,very happy with my purchase
012217ec,121,search,BIYLACLESEN Women's 3-in-1 Snowboard Jacket Winter Coats,women's clothing,56.9900016784668,2.5999999046325684,google,1,Continuer navigation,highly recommended
7d8b5885,171,add_to_cart,Lock and Love Women's Removable Hooded Faux Leather Moto Biker Jacket,women's clothing,29.950000762939453,2.9000000953674316,reseaux_sociaux,3,Proposer livraison gratuite,highly impressed
67c6507d,160,search,Rain Jacket Women Windbreaker Striped Climbing Raincoats,women's clothing,39.9900016784668,3.799999952316284,pub,1,Continuer navigation,waste of money
c3bac376,47,abandon,MBJ Women's Solid Short Sleeve Boat Neck V ,women's clothing,9.850000381469727,4.699999809265137,email,-1,Envoyer coupon -20%,would not recommend
0b28e2b7,40,purchase,Opna Women's Short Sleeve Moisture,women's clothing,7.949999809265137,4.5,pub,5,Suggerer produits similaires,would buy again
ec490174,55,view,DANVOUY Womens T Shirt Casual Cotton Short,women's clothing,12.989999771118164,3.5999999046325684,direct,1,Continuer navigation,excellent quality
5b20ad0b,196,view,"Fjallraven - Foldsack No. 1 Backpack, Fits 15 Laptops",men's clothing,109.94999694824219,3.9000000953674316,reseaux_sociaux,1,Continuer navigation,awesome product
eb41560b,197,view,Mens Casual Premium Slim Fit T-Shirts ,men's clothing,22.299999237060547,4.099999904632568,pub,1,Continuer navigation,excellent quality
c38ee646,167,search,Mens Cotton Jacket,men's clothing,55.9900016784668,4.699999809265137,direct,1,Continuer navigation,would buy again
11178d43,159,abandon,Mens Casual Slim Fit,men's clothing,15.989999771118164,2.0999999046325684,email,-1,Envoyer coupon -20%,very happy with my purchase
efc3ccb2,104,add_to_cart,John Hardy Women's Legends Naga Gold & Silver Dragon Station Chain Bracelet,jewelery,695,4.599999904632568,email,3,Proposer livraison gratuite,highly impressed
a612e174,43,add_to_cart,Solid Gold Petite Micropave ,jewelery,168,3.9000000953674316,email,3,Proposer livraison gratuite,poor quality
1cb290ce,173,abandon,White Gold Plated Princess,jewelery,9.989999771118164,3,email,-1,Envoyer coupon -20%,great value for money
dab3d482,42,add_to_cart,Pierced Owl Rose Gold Plated Stainless Steel Double,jewelery,10.989999771118164,1.899999976158142,email,3,Proposer livraison gratuite,would buy again
969e8d66,17,view,WD 2TB Elements Portable External Hard Drive - USB 3.0 ,electronics,64,3.299999952316284,direct,1,Continuer navigation,highly recommended
137622aa,39,abandon,SanDisk SSD PLUS 1TB Internal SSD - SATA III 6 Gb/s,electronics,109,2.9000000953674316,email,-1,Envoyer coupon -20%,poor quality
09128315,18,search,Silicon Power 256GB SSD 3D NAND A55 SLC Cache Performance Boost SATA III 2.5,electronics,109,4.800000190734863,google,1,Continuer navigation,very dissatisfied
824bf064,200,search,WD 4TB Gaming Drive Works with Playstation 4 Portable External Hard Drive,electronics,114,4.800000190734863,google,1,Continuer navigation,very happy with my purchase
ae9c347a,7,view,Acer SB220Q bi 21.5 inches Full HD (1920 x 1080) IPS Ultra-Thin,electronics,599,2.9000000953674316,reseaux_sociaux,1,Continuer navigation,very disappointed
d5a29f45,178,view,Samsung 49-Inch CHG90 144Hz Curved Gaming Monitor (LC49HG90DMNXZA) – Super Ultrawide Screen QLED ,electronics,999.989990234375,2.200000047683716,reseaux_sociaux,1,Continuer navigation,very dissatisfied
70c40a81,118,add_to_cart,BIYLACLESEN Women's 3-in-1 Snowboard Jacket Winter Coats,women's clothing,56.9900016784668,2.5999999046325684,email,3,Proposer livraison gratuite,would not recommend
8b4fd94a,152,search,Lock and Love Women's Removable Hooded Faux Leather Moto Biker Jacket,women's clothing,29.950000762939453,2.9000000953674316,google,1,Continuer navigation,poor quality
b649feaf,176,purchase,Rain Jacket Women Windbreaker Striped Climbing Raincoats,women's clothing,39.9900016784668,3.799999952316284,pub,5,Suggerer produits similaires,great value for money
2fe2efb5,113,purchase,MBJ Women's Solid Short Sleeve Boat Neck V ,women's clothing,9.850000381469727,4.699999809265137,pub,5,Suggerer produits similaires,would not buy again
6e331bbf,129,abandon,Opna Women's Short Sleeve Moisture,women's clothing,7.949999809265137,4.5,reseaux_sociaux,-1,Envoyer coupon -20%,very dissatisfied
69219583,131,search,DANVOUY Womens T Shirt Casual Cotton Short,women's clothing,12.989999771118164,3.5999999046325684,reseaux_sociaux,1,Continuer navigation,highly impressed
8789259e,19,view,"Fjallraven - Foldsack No. 1 Backpack, Fits 15 Laptops",men's clothing,109.94999694824219,3.9000000953674316,direct,1,Continuer navigation,very dissatisfied
5bc2df36,28,view,Mens Casual Premium Slim Fit T-Shirts ,men's clothing,22.299999237060547,4.099999904632568,reseaux_sociaux,1,Continuer navigation,would buy again
42df9379,110,add_to_cart,Mens Cotton Jacket,men's clothing,55.9900016784668,4.699999809265137,google,3,Proposer livraison gratuite,very dissatisfied
a8efe184,58,search,Mens Casual Slim Fit,men's clothing,15.989999771118164,2.0999999046325684,reseaux_sociaux,1,Continuer navigation,would not recommend
f60221ed,136,abandon,John Hardy Women's Legends Naga Gold & Silver Dragon Station Chain Bracelet,jewelery,695,4.599999904632568,reseaux_sociaux,-1,Envoyer coupon -20%,very happy with my purchase
3fff6e34,67,add_to_cart,Solid Gold Petite Micropave ,jewelery,168,3.9000000953674316,google,3,Proposer livraison gratuite,poor quality
2590beb6,26,search,White Gold Plated Princess,jewelery,9.989999771118164,3,google,1,Continuer navigation,very disappointed
9fba9826,48,abandon,Pierced Owl Rose Gold Plated Stainless Steel Double,jewelery,10.989999771118164,1.899999976158142,reseaux_sociaux,-1,Envoyer coupon -20%,excellent quality
35bdbf55,9,search,WD 2TB Elements Portable External Hard Drive - USB 3.0 ,electronics,64,3.299999952316284,direct,1,Continuer navigation,not worth the price
79f6c8d0,84,purchase,SanDisk SSD PLUS 1TB Internal SSD - SATA III 6 Gb/s,electronics,109,2.9000000953674316,pub,5,Suggerer produits similaires,poor quality
6869b667,117,purchase,Silicon Power 256GB SSD 3D NAND A55 SLC Cache Performance Boost SATA III 2.5,electronics,109,4.800000190734863,direct,5,Suggerer produits similaires,very happy with my purchase
e1376668,79,view,WD 4TB Gaming Drive Works with Playstation 4 Portable External Hard Drive,electronics,114,4.800000190734863,pub,1,Continuer navigation,poor quality
3593282d,72,purchase,Acer SB220Q bi 21.5 inches Full HD (1920 x 1080) IPS Ultra-Thin,electronics,599,2.9000000953674316,pub,5,Suggerer produits similaires,great product
582be7fd,164,abandon,Samsung 49-Inch CHG90 144Hz Curved Gaming Monitor (LC49HG90DMNXZA) – Super Ultrawide Screen QLED ,electronics,999.989990234375,2.200000047683716,email,-1,Envoyer coupon -20%,great product
b2741c98,14,search,BIYLACLESEN Women's 3-in-1 Snowboard Jacket Winter Coats,women's clothing,56.9900016784668,2.5999999046325684,reseaux_sociaux,1,Continuer navigation,great value for money
2864f325,16,abandon,Lock and Love Women's Removable Hooded Faux Leather Moto Biker Jacket,women's clothing,29.950000762939453,2.9000000953674316,email,-1,Envoyer coupon -20%,awesome product
92fe528c,12,view,Rain Jacket Women Windbreaker Striped Climbing Raincoats,women's clothing,39.9900016784668,3.799999952316284,pub,1,Continuer navigation,highly recommended
d74da2b5,14,abandon,MBJ Women's Solid Short Sleeve Boat Neck V ,women's clothing,9.850000381469727,4.699999809265137,pub,-1,Envoyer coupon -20%,excellent quality
f64e9143,82,purchase,Opna Women's Short Sleeve Moisture,women's clothing,7.949999809265137,4.5,reseaux_sociaux,5,Suggerer produits similaires,very satisfied
94dc2b9f,37,search,DANVOUY Womens T Shirt Casual Cotton Short,women's clothing,12.989999771118164,3.5999999046325684,pub,1,Continuer navigation,would buy again
4b9c570d,161,abandon,"Fjallraven - Foldsack No. 1 Backpack, Fits 15 Laptops",men's clothing,109.94999694824219,3.9000000953674316,reseaux_sociaux,-1,Envoyer coupon -20%,would buy again
56b2a4af,80,view,Mens Casual Premium Slim Fit T-Shirts ,men's clothing,22.299999237060547,4.099999904632568,pub,1,Continuer navigation,would not recommend
022c5169,38,view,Mens Cotton Jacket,men's clothing,55.9900016784668,4.699999809265137,pub,1,Continuer navigation,great product
cbc9d11d,101,purchase,Mens Casual Slim Fit,men's clothing,15.989999771118164,2.0999999046325684,email,5,Suggerer produits similaires,disappointing product
6320995a,124,purchase,John Hardy Women's Legends Naga Gold & Silver Dragon Station Chain Bracelet,jewelery,695,4.599999904632568,google,5,Suggerer produits similaires,fast shipping
a4422bfb,196,purchase,Solid Gold Petite Micropave ,jewelery,168,3.9000000953674316,email,5,Suggerer produits similaires,would buy again
192b7d80,182,abandon,White Gold Plated Princess,jewelery,9.989999771118164,3,direct,-1,Envoyer coupon -20%,would not recommend
bf694260,136,purchase,Pierced Owl Rose Gold Plated Stainless Steel Double,jewelery,10.989999771118164,1.899999976158142,email,5,Suggerer produits similaires,very happy with my purchase
b7d64902,165,search,WD 2TB Elements Portable External Hard Drive - USB 3.0 ,electronics,64,3.299999952316284,pub,1,Continuer navigation,very dissatisfied
d6b2a88b,3,abandon,SanDisk SSD PLUS 1TB Internal SSD - SATA III 6 Gb/s,electronics,109,2.9000000953674316,direct,-1,Envoyer coupon -20%,great product
10c4c886,156,add_to_cart,Silicon Power 256GB SSD 3D NAND A55 SLC Cache Performance Boost SATA III 2.5,electronics,109,4.800000190734863,direct,3,Proposer livraison gratuite,great product
4bf69e1a,105,purchase,WD 4TB Gaming Drive Works with Playstation 4 Portable External Hard Drive,electronics,114,4.800000190734863,google,5,Suggerer produits similaires,very dissatisfied
473289fc,122,add_to_cart,Acer SB220Q bi 21.5 inches Full HD (1920 x 1080) IPS Ultra-Thin,electronics,599,2.9000000953674316,reseaux_sociaux,3,Proposer livraison gratuite,fast shipping
63b37806,117,search,Samsung 49-Inch CHG90 144Hz Curved Gaming Monitor (LC49HG90DMNXZA) – Super Ultrawide Screen QLED ,electronics,999.989990234375,2.200000047683716,pub,1,Continuer navigation,great product
113aadb6,26,search,BIYLACLESEN Women's 3-in-1 Snowboard Jacket Winter Coats,women's clothing,56.9900016784668,2.5999999046325684,direct,1,Continuer navigation,excellent quality
3f23a5b2,74,add_to_cart,Lock and Love Women's Removable Hooded Faux Leather Moto Biker Jacket,women's clothing,29.950000762939453,2.9000000953674316,direct,3,Proposer livraison gratuite,highly impressed
aa910a12,14,search,Rain Jacket Women Windbreaker Striped Climbing Raincoats,women's clothing,39.9900016784668,3.799999952316284,google,1,Continuer navigation,excellent quality
ddd7b5b1,13,abandon,MBJ Women's Solid Short Sleeve Boat Neck V ,women's clothing,9.850000381469727,4.699999809265137,email,-1,Envoyer coupon -20%,poor quality
5686294f,187,search,Opna Women's Short Sleeve Moisture,women's clothing,7.949999809265137,4.5,google,1,Continuer navigation,awesome product
3a67b97b,182,add_to_cart,DANVOUY Womens T Shirt Casual Cotton Short,women's clothing,12.989999771118164,3.5999999046325684,reseaux_sociaux,3,Proposer livraison gratuite,very pleased
1022c480,91,add_to_cart,"Fjallraven - Foldsack No. 1 Backpack, Fits 15 Laptops",men's clothing,109.94999694824219,3.9000000953674316,direct,3,Proposer livraison gratuite,highly impressed
318d5896,191,purchase,Mens Casual Premium Slim Fit T-Shirts ,men's clothing,22.299999237060547,4.099999904632568,pub,5,Suggerer produits similaires,would not recommend
bcfda0b7,101,view,Mens Cotton Jacket,men's clothing,55.9900016784668,4.699999809265137,reseaux_sociaux,1,Continuer navigation,very dissatisfied
26487ab5,44,search,Mens Casual Slim Fit,men's clothing,15.989999771118164,2.0999999046325684,google,1,Continuer navigation,great product
831ab03d,56,purchase,John Hardy Women's Legends Naga Gold & Silver Dragon Station Chain Bracelet,jewelery,695,4.599999904632568,email,5,Suggerer produits similaires,excellent quality
31f85460,14,purchase,Solid Gold Petite Micropave ,jewelery,168,3.9000000953674316,reseaux_sociaux,5,Suggerer produits similaires,fast shipping
3dff3f00,72,abandon,White Gold Plated Princess,jewelery,9.989999771118164,3,pub,-1,Envoyer coupon -20%,would buy again
cfb1d684,82,abandon,Pierced Owl Rose Gold Plated Stainless Steel Double,jewelery,10.989999771118164,1.899999976158142,direct,-1,Envoyer coupon -20%,would not buy again
6f88b6d0,88,view,WD 2TB Elements Portable External Hard Drive - USB 3.0 ,electronics,64,3.299999952316284,direct,1,Continuer navigation,great value for money
6a6a02d5,39,abandon,SanDisk SSD PLUS 1TB Internal SSD - SATA III 6 Gb/s,electronics,109,2.9000000953674316,google,-1,Envoyer coupon -20%,poor quality
09545eba,176,add_to_cart,Silicon Power 256GB SSD 3D NAND A55 SLC Cache Performance Boost SATA III 2.5,electronics,109,4.800000190734863,direct,3,Proposer livraison gratuite,fast shipping
c9c8a12b,141,search,WD 4TB Gaming Drive Works with Playstation 4 Portable External Hard Drive,electronics,114,4.800000190734863,google,1,Continuer navigation,great value for money
6162c069,101,view,Acer SB220Q bi 21.5 inches Full HD (1920 x 1080) IPS Ultra-Thin,electronics,599,2.9000000953674316,direct,1,Continuer navigation,highly recommended
c51a9f68,135,abandon,Samsung 49-Inch CHG90 144Hz Curved Gaming Monitor (LC49HG90DMNXZA) – Super Ultrawide Screen QLED ,electronics,999.989990234375,2.200000047683716,google,-1,Envoyer coupon -20%,great product
dc60ac35,64,add_to_cart,BIYLACLESEN Women's 3-in-1 Snowboard Jacket Winter Coats,women's clothing,56.9900016784668,2.5999999046325684,google,3,Proposer livraison gratuite,great product
714d6f92,195,purchase,Lock and Love Women's Removable Hooded Faux Leather Moto Biker Jacket,women's clothing,29.950000762939453,2.9000000953674316,reseaux_sociaux,5,Suggerer produits similaires,great product
0729922a,23,view,Rain Jacket Women Windbreaker Striped Climbing Raincoats,women's clothing,39.9900016784668,3.799999952316284,email,1,Continuer navigation,very disappointed
8da99b57,71,add_to_cart,MBJ Women's Solid Short Sleeve Boat Neck V ,women's clothing,9.850000381469727,4.699999809265137,google,3,Proposer livraison gratuite,great value for money
347c99a4,37,search,Opna Women's Short Sleeve Moisture,women's clothing,7.949999809265137,4.5,direct,1,Continuer navigation,great product
216d3387,71,purchase,DANVOUY Womens T Shirt Casual Cotton Short,women's clothing,12.989999771118164,3.5999999046325684,direct,5,Suggerer produits similaires,highly recommended
0eb74e2f,171,abandon,"Fjallraven - Foldsack No. 1 Backpack, Fits 15 Laptops",men's clothing,109.94999694824219,3.9000000953674316,google,-1,Envoyer coupon -20%,awesome product
f83779b5,4,abandon,Mens Casual Premium Slim Fit T-Shirts ,men's clothing,22.299999237060547,4.099999904632568,direct,-1,Envoyer coupon -20%,poor quality
4b4e5396,54,purchase,Mens Cotton Jacket,men's clothing,55.9900016784668,4.699999809265137,reseaux_sociaux,5,Suggerer produits similaires,great product
67a2b83a,163,search,Mens Casual Slim Fit,men's clothing,15.989999771118164,2.0999999046325684,pub,1,Continuer navigation,not as described
2e20c744,195,purchase,John Hardy Women's Legends Naga Gold & Silver Dragon Station Chain Bracelet,jewelery,695,4.599999904632568,reseaux_sociaux,5,Suggerer produits similaires,very pleased
20268f86,117,abandon,Solid Gold Petite Micropave ,jewelery,168,3.9000000953674316,reseaux_sociaux,-1,Envoyer coupon -20%,fast shipping
e09615d5,35,add_to_cart,White Gold Plated Princess,jewelery,9.989999771118164,3,reseaux_sociaux,3,Proposer livraison gratuite,awesome product
c22e5d8e,67,search,Pierced Owl Rose Gold Plated Stainless Steel Double,jewelery,10.989999771118164,1.899999976158142,direct,1,Continuer navigation,very happy with my purchase
76886142,166,add_to_cart,WD 2TB Elements Portable External Hard Drive - USB 3.0 ,electronics,64,3.299999952316284,google,3,Proposer livraison gratuite,fast shipping
3b7f1047,100,abandon,SanDisk SSD PLUS 1TB Internal SSD - SATA III 6 Gb/s,electronics,109,2.9000000953674316,direct,-1,Envoyer coupon -20%,great product
583f5006,128,view,Silicon Power 256GB SSD 3D NAND A55 SLC Cache Performance Boost SATA III 2.5,electronics,109,4.800000190734863,google,1,Continuer navigation,very happy with my purchase
67429fcc,95,abandon,WD 4TB Gaming Drive Works with Playstation 4 Portable External Hard Drive,electronics,114,4.800000190734863,pub,-1,Envoyer coupon -20%,great value for money
51015689,180,view,Acer SB220Q bi 21.5 inches Full HD (1920 x 1080) IPS Ultra-Thin,electronics,599,2.9000000953674316,email,1,Continuer navigation,great product
ea08c4b7,167,view,Samsung 49-Inch CHG90 144Hz Curved Gaming Monitor (LC49HG90DMNXZA) – Super Ultrawide Screen QLED ,electronics,999.989990234375,2.200000047683716,pub,1,Continuer navigation,fast shipping
c3e79281,109,purchase,BIYLACLESEN Women's 3-in-1 Snowboard Jacket Winter Coats,women's clothing,56.9900016784668,2.5999999046325684,google,5,Suggerer produits similaires,highly impressed
0147a7d4,73,abandon,Lock and Love Women's Removable Hooded Faux Leather Moto Biker Jacket,women's clothing,29.950000762939453,2.9000000953674316,google,-1,Envoyer coupon -20%,highly recommended
5d81dba4,181,search,Rain Jacket Women Windbreaker Striped Climbing Raincoats,women's clothing,39.9900016784668,3.799999952316284,direct,1,Continuer navigation,would buy again
d5f67c6b,117,view,MBJ Women's Solid Short Sleeve Boat Neck V ,women's clothing,9.850000381469727,4.699999809265137,reseaux_sociaux,1,Continuer navigation,awesome product
cda3f5bf,121,view,Opna Women's Short Sleeve Moisture,women's clothing,7.949999809265137,4.5,email,1,Continuer navigation,great value for money
a1913875,190,abandon,DANVOUY Womens T Shirt Casual Cotton Short,women's clothing,12.989999771118164,3.5999999046325684,google,-1,Envoyer coupon -20%,poor quality
35639a4c,37,view,"Fjallraven - Foldsack No. 1 Backpack, Fits 15 Laptops",men's clothing,109.94999694824219,3.9000000953674316,google,1,Continuer navigation,excellent quality
53719bfb,174,purchase,Mens Casual Premium Slim Fit T-Shirts ,men's clothing,22.299999237060547,4.099999904632568,direct,5,Suggerer produits similaires,very unhappy with my purchase
c03bc7ed,163,abandon,Mens Cotton Jacket,men's clothing,55.9900016784668,4.699999809265137,pub,-1,Envoyer coupon -20%,highly impressed
50b2630f,152,view,Mens Casual Slim Fit,men's clothing,15.989999771118164,2.0999999046325684,direct,1,Continuer navigation,awesome product
9a0c64c3,112,add_to_cart,John Hardy Women's Legends Naga Gold & Silver Dragon Station Chain Bracelet,jewelery,695,4.599999904632568,pub,3,Proposer livraison gratuite,very dissatisfied
a589d26d,49,view,Solid Gold Petite Micropave ,jewelery,168,3.9000000953674316,pub,1,Continuer navigation,would not recommend
10003063,130,purchase,White Gold Plated Princess,jewelery,9.989999771118164,3,reseaux_sociaux,5,Suggerer produits similaires,would not recommend
357668de,14,search,Pierced Owl Rose Gold Plated Stainless Steel Double,jewelery,10.989999771118164,1.899999976158142,email,1,Continuer navigation,disappointing product
c8dfcc2c,196,search,WD 2TB Elements Portable External Hard Drive - USB 3.0 ,electronics,64,3.299999952316284,direct,1,Continuer navigation,would not recommend
f22e591d,140,add_to_cart,SanDisk SSD PLUS 1TB Internal SSD - SATA III 6 Gb/s,electronics,109,2.9000000953674316,direct,3,Proposer livraison gratuite,fast shipping
0f47ff1d,196,abandon,Silicon Power 256GB SSD 3D NAND A55 SLC Cache Performance Boost SATA III 2.5,electronics,109,4.800000190734863,google,-1,Envoyer coupon -20%,great value for money
eb908c88,170,purchase,WD 4TB Gaming Drive Works with Playstation 4 Portable External Hard Drive,electronics,114,4.800000190734863,email,5,Suggerer produits similaires,excellent quality
e76d5889,80,view,Acer SB220Q bi 21.5 inches Full HD (1920 x 1080) IPS Ultra-Thin,electronics,599,2.9000000953674316,direct,1,Continuer navigation,would buy again
d4e3012c,42,abandon,Samsung 49-Inch CHG90 144Hz Curved Gaming Monitor (LC49HG90DMNXZA) – Super Ultrawide Screen QLED ,electronics,999.989990234375,2.200000047683716,reseaux_sociaux,-1,Envoyer coupon -20%,highly recommended
cee5fcb7,94,search,BIYLACLESEN Women's 3-in-1 Snowboard Jacket Winter Coats,women's clothing,56.9900016784668,2.5999999046325684,reseaux_sociaux,1,Continuer navigation,disappointing product
c45ca8d3,108,add_to_cart,Lock and Love Women's Removable Hooded Faux Leather Moto Biker Jacket,women's clothing,29.950000762939453,2.9000000953674316,direct,3,Proposer livraison gratuite,would not recommend
8557a6e2,126,view,Rain Jacket Women Windbreaker Striped Climbing Raincoats,women's clothing,39.9900016784668,3.799999952316284,direct,1,Continuer navigation,not worth the price
fb8e6817,118,view,MBJ Women's Solid Short Sleeve Boat Neck V ,women's clothing,9.850000381469727,4.699999809265137,direct,1,Continuer navigation,great product
a489e50f,111,abandon,Opna Women's Short Sleeve Moisture,women's clothing,7.949999809265137,4.5,pub,-1,Envoyer coupon -20%,excellent quality
96336c9c,29,abandon,DANVOUY Womens T Shirt Casual Cotton Short,women's clothing,12.989999771118164,3.5999999046325684,pub,-1,Envoyer coupon -20%,excellent quality
93bbdcd8,50,purchase,"Fjallraven - Foldsack No. 1 Backpack, Fits 15 Laptops",men's clothing,109.94999694824219,3.9000000953674316,direct,5,Suggerer produits similaires,very dissatisfied
ac28556e,200,view,Mens Casual Premium Slim Fit T-Shirts ,men's clothing,22.299999237060547,4.099999904632568,email,1,Continuer navigation,very disappointed
a264afe3,112,search,Mens Cotton Jacket,men's clothing,55.9900016784668,4.699999809265137,direct,1,Continuer navigation,great value for money
a5b32790,64,purchase,Mens Casual Slim Fit,men's clothing,15.989999771118164,2.0999999046325684,email,5,Suggerer produits similaires,would not recommend
82b480ef,40,search,John Hardy Women's Legends Naga Gold & Silver Dragon Station Chain Bracelet,jewelery,695,4.599999904632568,reseaux_sociaux,1,Continuer navigation,would not recommend
e335968a,41,purchase,Solid Gold Petite Micropave ,jewelery,168,3.9000000953674316,email,5,Suggerer produits similaires,would not recommend
fe102834,44,purchase,White Gold Plated Princess,jewelery,9.989999771118164,3,pub,5,Suggerer produits similaires,highly recommended
70351ff4,98,abandon,Pierced Owl Rose Gold Plated Stainless Steel Double,jewelery,10.989999771118164,1.899999976158142,direct,-1,Envoyer coupon -20%,very dissatisfied
0d443b2f,83,view,WD 2TB Elements Portable External Hard Drive - USB 3.0 ,electronics,64,3.299999952316284,reseaux_sociaux,1,Continuer navigation,highly recommended
53f51e35,8,search,SanDisk SSD PLUS 1TB Internal SSD - SATA III 6 Gb/s,electronics,109,2.9000000953674316,email,1,Continuer navigation,very satisfied
0e37c58f,113,add_to_cart,Silicon Power 256GB SSD 3D NAND A55 SLC Cache Performance Boost SATA III 2.5,electronics,109,4.800000190734863,direct,3,Proposer livraison gratuite,highly recommended
d5de8364,190,search,WD 4TB Gaming Drive Works with Playstation 4 Portable External Hard Drive,electronics,114,4.800000190734863,pub,1,Continuer navigation,would not buy again
9c032f2d,177,purchase,Acer SB220Q bi 21.5 inches Full HD (1920 x 1080) IPS Ultra-Thin,electronics,599,2.9000000953674316,email,5,Suggerer produits similaires,poor quality
1b9ff29c,47,purchase,Samsung 49-Inch CHG90 144Hz Curved Gaming Monitor (LC49HG90DMNXZA) – Super Ultrawide Screen QLED ,electronics,999.989990234375,2.200000047683716,google,5,Suggerer produits similaires,highly impressed
101f6501,8,search,BIYLACLESEN Women's 3-in-1 Snowboard Jacket Winter Coats,women's clothing,56.9900016784668,2.5999999046325684,direct,1,Continuer navigation,would not recommend
4b9c40bc,136,view,Lock and Love Women's Removable Hooded Faux Leather Moto Biker Jacket,women's clothing,29.950000762939453,2.9000000953674316,direct,1,Continuer navigation,fast shipping
25e9e83e,43,abandon,Rain Jacket Women Windbreaker Striped Climbing Raincoats,women's clothing,39.9900016784668,3.799999952316284,reseaux_sociaux,-1,Envoyer coupon -20%,very unhappy with my purchase
0d7e064e,3,abandon,MBJ Women's Solid Short Sleeve Boat Neck V ,women's clothing,9.850000381469727,4.699999809265137,direct,-1,Envoyer coupon -20%,highly recommended
a144b9c0,146,search,Opna Women's Short Sleeve Moisture,women's clothing,7.949999809265137,4.5,google,1,Continuer navigation,very happy with my purchase
35f93d51,191,purchase,DANVOUY Womens T Shirt Casual Cotton Short,women's clothing,12.989999771118164,3.5999999046325684,google,5,Suggerer produits similaires,very pleased
8adec794,51,view,"Fjallraven - Foldsack No. 1 Backpack, Fits 15 Laptops",men's clothing,109.94999694824219,3.9000000953674316,pub,1,Continuer navigation,very disappointed
61299570,81,view,Mens Casual Premium Slim Fit T-Shirts ,men's clothing,22.299999237060547,4.099999904632568,email,1,Continuer navigation,would buy again
ecc65850,138,abandon,Mens Cotton Jacket,men's clothing,55.9900016784668,4.699999809265137,email,-1,Envoyer coupon -20%,would not recommend
2bcc50fc,17,abandon,Mens Casual Slim Fit,men's clothing,15.989999771118164,2.0999999046325684,google,-1,Envoyer coupon -20%,highly impressed
a4350e18,132,abandon,John Hardy Women's Legends Naga Gold & Silver Dragon Station Chain Bracelet,jewelery,695,4.599999904632568,direct,-1,Envoyer coupon -20%,very disappointed
0fad7030,81,abandon,Solid Gold Petite Micropave ,jewelery,168,3.9000000953674316,direct,-1,Envoyer coupon -20%,awesome product
bac4ca1e,97,search,White Gold Plated Princess,jewelery,9.989999771118164,3,google,1,Continuer navigation,would not recommend
61541728,112,view,Pierced Owl Rose Gold Plated Stainless Steel Double,jewelery,10.989999771118164,1.899999976158142,pub,1,Continuer navigation,excellent quality
fec0c85b,17,add_to_cart,WD 2TB Elements Portable External Hard Drive - USB 3.0 ,electronics,64,3.299999952316284,reseaux_sociaux,3,Proposer livraison gratuite,very dissatisfied
c1e22041,6,abandon,SanDisk SSD PLUS 1TB Internal SSD - SATA III 6 Gb/s,electronics,109,2.9000000953674316,google,-1,Envoyer coupon -20%,great product
93114cd9,31,purchase,Silicon Power 256GB SSD 3D NAND A55 SLC Cache Performance Boost SATA III 2.5,electronics,109,4.800000190734863,pub,5,Suggerer produits similaires,poor quality
46e01a43,67,add_to_cart,WD 4TB Gaming Drive Works with Playstation 4 Portable External Hard Drive,electronics,114,4.800000190734863,reseaux_sociaux,3,Proposer livraison gratuite,highly impressed
ce6fcbcd,174,view,Acer SB220Q bi 21.5 inches Full HD (1920 x 1080) IPS Ultra-Thin,electronics,599,2.9000000953674316,reseaux_sociaux,1,Continuer navigation,would not buy again
9496e2be,154,abandon,Samsung 49-Inch CHG90 144Hz Curved Gaming Monitor (LC49HG90DMNXZA) – Super Ultrawide Screen QLED ,electronics,999.989990234375,2.200000047683716,direct,-1,Envoyer coupon -20%,waste of money
dc828349,169,add_to_cart,BIYLACLESEN Women's 3-in-1 Snowboard Jacket Winter Coats,women's clothing,56.9900016784668,2.5999999046325684,reseaux_sociaux,3,Proposer livraison gratuite,would buy again
a72f9f2d,49,abandon,Lock and Love Women's Removable Hooded Faux Leather Moto Biker Jacket,women's clothing,29.950000762939453,2.9000000953674316,direct,-1,Envoyer coupon -20%,fast shipping
2da78627,120,add_to_cart,Rain Jacket Women Windbreaker Striped Climbing Raincoats,women's clothing,39.9900016784668,3.799999952316284,email,3,Proposer livraison gratuite,very satisfied
74bd85fc,82,search,MBJ Women's Solid Short Sleeve Boat Neck V ,women's clothing,9.850000381469727,4.699999809265137,google,1,Continuer navigation,great product
3c220c02,45,purchase,Opna Women's Short Sleeve Moisture,women's clothing,7.949999809265137,4.5,reseaux_sociaux,5,Suggerer produits similaires,great product
f5417d30,53,abandon,DANVOUY Womens T Shirt Casual Cotton Short,women's clothing,12.989999771118164,3.5999999046325684,pub,-1,Envoyer coupon -20%,great product
c236cceb,192,purchase,"Fjallraven - Foldsack No. 1 Backpack, Fits 15 Laptops",men's clothing,109.94999694824219,3.9000000953674316,pub,5,Suggerer produits similaires,great product
ac957d0b,158,add_to_cart,Mens Casual Premium Slim Fit T-Shirts ,men's clothing,22.299999237060547,4.099999904632568,reseaux_sociaux,3,Proposer livraison gratuite,very happy with my purchase
d907ec17,106,add_to_cart,Mens Cotton Jacket,men's clothing,55.9900016784668,4.699999809265137,reseaux_sociaux,3,Proposer livraison gratuite,disappointing product
cd997c97,163,view,Mens Casual Slim Fit,men's clothing,15.989999771118164,2.0999999046325684,reseaux_sociaux,1,Continuer navigation,great product
764be52d,108,add_to_cart,John Hardy Women's Legends Naga Gold & Silver Dragon Station Chain Bracelet,jewelery,695,4.599999904632568,reseaux_sociaux,3,Proposer livraison gratuite,great product
8f852b28,182,purchase,Solid Gold Petite Micropave ,jewelery,168,3.9000000953674316,google,5,Suggerer produits similaires,awesome product
33e496a1,102,purchase,White Gold Plated Princess,jewelery,9.989999771118164,3,email,5,Suggerer produits similaires,great value for money
40b5cf84,81,search,Pierced Owl Rose Gold Plated Stainless Steel Double,jewelery,10.989999771118164,1.899999976158142,google,1,Continuer navigation,highly impressed
a59ddc0d,137,add_to_cart,WD 2TB Elements Portable External Hard Drive - USB 3.0 ,electronics,64,3.299999952316284,google,3,Proposer livraison gratuite,very disappointed
973eace7,120,add_to_cart,SanDisk SSD PLUS 1TB Internal SSD - SATA III 6 Gb/s,electronics,109,2.9000000953674316,google,3,Proposer livraison gratuite,great product
e8bb0ebc,189,purchase,Silicon Power 256GB SSD 3D NAND A55 SLC Cache Performance Boost SATA III 2.5,electronics,109,4.800000190734863,pub,5,Suggerer produits similaires,very disappointed
4e9ebaed,49,abandon,WD 4TB Gaming Drive Works with Playstation 4 Portable External Hard Drive,electronics,114,4.800000190734863,direct,-1,Envoyer coupon -20%,highly impressed
943f1ce1,138,search,Acer SB220Q bi 21.5 inches Full HD (1920 x 1080) IPS Ultra-Thin,electronics,599,2.9000000953674316,reseaux_sociaux,1,Continuer navigation,would not recommend
f79955e0,147,add_to_cart,Samsung 49-Inch CHG90 144Hz Curved Gaming Monitor (LC49HG90DMNXZA) – Super Ultrawide Screen QLED ,electronics,999.989990234375,2.200000047683716,reseaux_sociaux,3,Proposer livraison gratuite,awesome product
bdf28f95,173,purchase,BIYLACLESEN Women's 3-in-1 Snowboard Jacket Winter Coats,women's clothing,56.9900016784668,2.5999999046325684,direct,5,Suggerer produits similaires,fast shipping
425d7d9f,115,view,Lock and Love Women's Removable Hooded Faux Leather Moto Biker Jacket,women's clothing,29.950000762939453,2.9000000953674316,email,1,Continuer navigation,waste of money
525c870f,6,search,Rain Jacket Women Windbreaker Striped Climbing Raincoats,women's clothing,39.9900016784668,3.799999952316284,reseaux_sociaux,1,Continuer navigation,poor quality
a4506987,143,view,MBJ Women's Solid Short Sleeve Boat Neck V ,women's clothing,9.850000381469727,4.699999809265137,pub,1,Continuer navigation,very satisfied
c791aeff,115,abandon,Opna Women's Short Sleeve Moisture,women's clothing,7.949999809265137,4.5,google,-1,Envoyer coupon -20%,very disappointed
b3a50b09,151,add_to_cart,DANVOUY Womens T Shirt Casual Cotton Short,women's clothing,12.989999771118164,3.5999999046325684,email,3,Proposer livraison gratuite,great value for money
fc9d9976,136,view,"Fjallraven - Foldsack No. 1 Backpack, Fits 15 Laptops",men's clothing,109.94999694824219,3.9000000953674316,pub,1,Continuer navigation,awesome product
cfbc6be1,90,search,Mens Casual Premium Slim Fit T-Shirts ,men's clothing,22.299999237060547,4.099999904632568,email,1,Continuer navigation,poor quality
4f887f6e,29,view,Mens Cotton Jacket,men's clothing,55.9900016784668,4.699999809265137,email,1,Continuer navigation,awesome product
79031a2b,86,purchase,Mens Casual Slim Fit,men's clothing,15.989999771118164,2.0999999046325684,pub,5,Suggerer produits similaires,great product
30513556,90,search,John Hardy Women's Legends Naga Gold & Silver Dragon Station Chain Bracelet,jewelery,695,4.599999904632568,direct,1,Continuer navigation,highly recommended
c5cfc839,182,purchase,Solid Gold Petite Micropave ,jewelery,168,3.9000000953674316,reseaux_sociaux,5,Suggerer produits similaires,awesome product
84a1e309,72,search,White Gold Plated Princess,jewelery,9.989999771118164,3,pub,1,Continuer navigation,excellent quality
82911b2f,26,abandon,Pierced Owl Rose Gold Plated Stainless Steel Double,jewelery,10.989999771118164,1.899999976158142,email,-1,Envoyer coupon -20%,very happy with my purchase
b331a3cf,106,add_to_cart,WD 2TB Elements Portable External Hard Drive - USB 3.0 ,electronics,64,3.299999952316284,direct,3,Proposer livraison gratuite,fast shipping
2ca8e2e6,163,add_to_cart,SanDisk SSD PLUS 1TB Internal SSD - SATA III 6 Gb/s,electronics,109,2.9000000953674316,pub,3,Proposer livraison gratuite,great value for money
2398ac3f,116,abandon,Silicon Power 256GB SSD 3D NAND A55 SLC Cache Performance Boost SATA III 2.5,electronics,109,4.800000190734863,pub,-1,Envoyer coupon -20%,poor quality
bab24c39,170,abandon,WD 4TB Gaming Drive Works with Playstation 4 Portable External Hard Drive,electronics,114,4.800000190734863,direct,-1,Envoyer coupon -20%,very happy with my purchase
6be90205,64,purchase,Acer SB220Q bi 21.5 inches Full HD (1920 x 1080) IPS Ultra-Thin,electronics,599,2.9000000953674316,email,5,Suggerer produits similaires,highly recommended
892d212f,94,add_to_cart,Samsung 49-Inch CHG90 144Hz Curved Gaming Monitor (LC49HG90DMNXZA) – Super Ultrawide Screen QLED ,electronics,999.989990234375,2.200000047683716,reseaux_sociaux,3,Proposer livraison gratuite,highly impressed
c3d69e72,55,purchase,BIYLACLESEN Women's 3-in-1 Snowboard Jacket Winter Coats,women's clothing,56.9900016784668,2.5999999046325684,email,5,Suggerer produits similaires,highly impressed
09626894,47,view,Lock and Love Women's Removable Hooded Faux Leather Moto Biker Jacket,women's clothing,29.950000762939453,2.9000000953674316,email,1,Continuer navigation,highly recommended
ae90f350,32,purchase,Rain Jacket Women Windbreaker Striped Climbing Raincoats,women's clothing,39.9900016784668,3.799999952316284,reseaux_sociaux,5,Suggerer produits similaires,would buy again
a469c8ea,138,add_to_cart,MBJ Women's Solid Short Sleeve Boat Neck V ,women's clothing,9.850000381469727,4.699999809265137,email,3,Proposer livraison gratuite,very pleased
339a0d27,81,view,Opna Women's Short Sleeve Moisture,women's clothing,7.949999809265137,4.5,pub,1,Continuer navigation,great product
4e743e2c,18,purchase,DANVOUY Womens T Shirt Casual Cotton Short,women's clothing,12.989999771118164,3.5999999046325684,pub,5,Suggerer produits similaires,very disappointed
27c555fd,179,abandon,"Fjallraven - Foldsack No. 1 Backpack, Fits 15 Laptops",men's clothing,109.94999694824219,3.9000000953674316,google,-1,Envoyer coupon -20%,excellent quality
290c4eea,184,add_to_cart,Mens Casual Premium Slim Fit T-Shirts ,men's clothing,22.299999237060547,4.099999904632568,direct,3,Proposer livraison gratuite,highly recommended
d3b3b747,28,view,Mens Cotton Jacket,men's clothing,55.9900016784668,4.699999809265137,pub,1,Continuer navigation,excellent quality
933c4bcf,197,purchase,Mens Casual Slim Fit,men's clothing,15.989999771118164,2.0999999046325684,email,5,Suggerer produits similaires,awesome product
c6103455,198,abandon,John Hardy Women's Legends Naga Gold & Silver Dragon Station Chain Bracelet,jewelery,695,4.599999904632568,reseaux_sociaux,-1,Envoyer coupon -20%,great product
2cbfc435,171,search,Solid Gold Petite Micropave ,jewelery,168,3.9000000953674316,reseaux_sociaux,1,Continuer navigation,very disappointed
6c425d32,70,abandon,White Gold Plated Princess,jewelery,9.989999771118164,3,direct,-1,Envoyer coupon -20%,fast shipping
4f3758af,30,view,Pierced Owl Rose Gold Plated Stainless Steel Double,jewelery,10.989999771118164,1.899999976158142,direct,1,Continuer navigation,fast shipping
b530b5e6,118,search,WD 2TB Elements Portable External Hard Drive - USB 3.0 ,electronics,64,3.299999952316284,pub,1,Continuer navigation,very disappointed
6cdfdfd8,155,purchase,SanDisk SSD PLUS 1TB Internal SSD - SATA III 6 Gb/s,electronics,109,2.9000000953674316,email,5,Suggerer produits similaires,would not recommend
bbd8a8a4,166,add_to_cart,Silicon Power 256GB SSD 3D NAND A55 SLC Cache Performance Boost SATA III 2.5,electronics,109,4.800000190734863,email,3,Proposer livraison gratuite,great value for money
19960c3f,129,search,WD 4TB Gaming Drive Works with Playstation 4 Portable External Hard Drive,electronics,114,4.800000190734863,email,1,Continuer navigation,would not buy again
f264f5e0,59,abandon,Acer SB220Q bi 21.5 inches Full HD (1920 x 1080) IPS Ultra-Thin,electronics,599,2.9000000953674316,direct,-1,Envoyer coupon -20%,awesome product
0c53d13d,41,search,Samsung 49-Inch CHG90 144Hz Curved Gaming Monitor (LC49HG90DMNXZA) – Super Ultrawide Screen QLED ,electronics,999.989990234375,2.200000047683716,google,1,Continuer navigation,excellent quality
bfd87b6f,73,purchase,BIYLACLESEN Women's 3-in-1 Snowboard Jacket Winter Coats,women's clothing,56.9900016784668,2.5999999046325684,google,5,Suggerer produits similaires,excellent quality
b6b36df3,54,abandon,Lock and Love Women's Removable Hooded Faux Leather Moto Biker Jacket,women's clothing,29.950000762939453,2.9000000953674316,google,-1,Envoyer coupon -20%,highly recommended
89d6ddc1,168,add_to_cart,Rain Jacket Women Windbreaker Striped Climbing Raincoats,women's clothing,39.9900016784668,3.799999952316284,pub,3,Proposer livraison gratuite,fast shipping
63ef14bc,54,add_to_cart,MBJ Women's Solid Short Sleeve Boat Neck V ,women's clothing,9.850000381469727,4.699999809265137,google,3,Proposer livraison gratuite,poor quality
28b0cb4b,151,view,Opna Women's Short Sleeve Moisture,women's clothing,7.949999809265137,4.5,reseaux_sociaux,1,Continuer navigation,great value for money
9638624c,104,view,DANVOUY Womens T Shirt Casual Cotton Short,women's clothing,12.989999771118164,3.5999999046325684,email,1,Continuer navigation,very dissatisfied
30510fd2,59,add_to_cart,"Fjallraven - Foldsack No. 1 Backpack, Fits 15 Laptops",men's clothing,109.94999694824219,3.9000000953674316,direct,3,Proposer livraison gratuite,great product
e74437b8,57,search,Mens Casual Premium Slim Fit T-Shirts ,men's clothing,22.299999237060547,4.099999904632568,email,1,Continuer navigation,not worth the price
83785681,108,abandon,Mens Cotton Jacket,men's clothing,55.9900016784668,4.699999809265137,email,-1,Envoyer coupon -20%,great product
e704974a,177,add_to_cart,Mens Casual Slim Fit,men's clothing,15.989999771118164,2.0999999046325684,email,3,Proposer livraison gratuite,poor quality
c805c0e7,149,search,John Hardy Women's Legends Naga Gold & Silver Dragon Station Chain Bracelet,jewelery,695,4.599999904632568,google,1,Continuer navigation,great value for money
9db7888d,169,search,Solid Gold Petite Micropave ,jewelery,168,3.9000000953674316,direct,1,Continuer navigation,highly recommended
c486a82f,86,add_to_cart,White Gold Plated Princess,jewelery,9.989999771118164,3,direct,3,Proposer livraison gratuite,excellent quality
26547362,57,abandon,Pierced Owl Rose Gold Plated Stainless Steel Double,jewelery,10.989999771118164,1.899999976158142,direct,-1,Envoyer coupon -20%,very disappointed
ee8a4e4f,77,add_to_cart,WD 2TB Elements Portable External Hard Drive - USB 3.0 ,electronics,64,3.299999952316284,pub,3,Proposer livraison gratuite,would not recommend
d606243d,12,purchase,SanDisk SSD PLUS 1TB Internal SSD - SATA III 6 Gb/s,electronics,109,2.9000000953674316,pub,5,Suggerer produits similaires,highly impressed
a7ea0d71,125,add_to_cart,Silicon Power 256GB SSD 3D NAND A55 SLC Cache Performance Boost SATA III 2.5,electronics,109,4.800000190734863,email,3,Proposer livraison gratuite,very dissatisfied
24a7f850,117,search,WD 4TB Gaming Drive Works with Playstation 4 Portable External Hard Drive,electronics,114,4.800000190734863,direct,1,Continuer navigation,very dissatisfied
3f92b59a,32,view,Acer SB220Q bi 21.5 inches Full HD (1920 x 1080) IPS Ultra-Thin,electronics,599,2.9000000953674316,email,1,Continuer navigation,would not recommend
9999918d,79,abandon,Samsung 49-Inch CHG90 144Hz Curved Gaming Monitor (LC49HG90DMNXZA) – Super Ultrawide Screen QLED ,electronics,999.989990234375,2.200000047683716,direct,-1,Envoyer coupon -20%,very disappointed
e01b3134,188,purchase,BIYLACLESEN Women's 3-in-1 Snowboard Jacket Winter Coats,women's clothing,56.9900016784668,2.5999999046325684,direct,5,Suggerer produits similaires,highly recommended
5f9af616,58,abandon,Lock and Love Women's Removable Hooded Faux Leather Moto Biker Jacket,women's clothing,29.950000762939453,2.9000000953674316,google,-1,Envoyer coupon -20%,not as described
3b974a83,74,add_to_cart,Rain Jacket Women Windbreaker Striped Climbing Raincoats,women's clothing,39.9900016784668,3.799999952316284,reseaux_sociaux,3,Proposer livraison gratuite,great product
5cc03346,75,purchase,MBJ Women's Solid Short Sleeve Boat Neck V ,women's clothing,9.850000381469727,4.699999809265137,direct,5,Suggerer produits similaires,disappointing product
4cbf0421,180,add_to_cart,Opna Women's Short Sleeve Moisture,women's clothing,7.949999809265137,4.5,google,3,Proposer livraison gratuite,very unhappy with my purchase
90525728,163,view,DANVOUY Womens T Shirt Casual Cotton Short,women's clothing,12.989999771118164,3.5999999046325684,direct,1,Continuer navigation,great product
3d583521,149,abandon,"Fjallraven - Foldsack No. 1 Backpack, Fits 15 Laptops",men's clothing,109.94999694824219,3.9000000953674316,reseaux_sociaux,-1,Envoyer coupon -20%,disappointing product
002d0d05,1,add_to_cart,Mens Casual Premium Slim Fit T-Shirts ,men's clothing,22.299999237060547,4.099999904632568,pub,3,Proposer livraison gratuite,great value for money
32c6a34f,177,view,Mens Cotton Jacket,men's clothing,55.9900016784668,4.699999809265137,pub,1,Continuer navigation,great value for money
6a161112,167,view,Mens Casual Slim Fit,men's clothing,15.989999771118164,2.0999999046325684,google,1,Continuer navigation,would buy again
9fd98a24,129,add_to_cart,John Hardy Women's Legends Naga Gold & Silver Dragon Station Chain Bracelet,jewelery,695,4.599999904632568,google,3,Proposer livraison gratuite,very disappointed
32b04983,1,view,Solid Gold Petite Micropave ,jewelery,168,3.9000000953674316,google,1,Continuer navigation,fast shipping
233a2da0,46,search,White Gold Plated Princess,jewelery,9.989999771118164,3,google,1,Continuer navigation,great product
62b6c8dd,135,purchase,Pierced Owl Rose Gold Plated Stainless Steel Double,jewelery,10.989999771118164,1.899999976158142,pub,5,Suggerer produits similaires,not as described
d1948a6a,60,add_to_cart,WD 2TB Elements Portable External Hard Drive - USB 3.0 ,electronics,64,3.299999952316284,reseaux_sociaux,3,Proposer livraison gratuite,excellent quality
7b0bc75e,145,add_to_cart,SanDisk SSD PLUS 1TB Internal SSD - SATA III 6 Gb/s,electronics,109,2.9000000953674316,google,3,Proposer livraison gratuite,would not buy again
d93b283e,135,search,Silicon Power 256GB SSD 3D NAND A55 SLC Cache Performance Boost SATA III 2.5,electronics,109,4.800000190734863,pub,1,Continuer navigation,great product
89b729c0,176,search,WD 4TB Gaming Drive Works with Playstation 4 Portable External Hard Drive,electronics,114,4.800000190734863,google,1,Continuer navigation,very dissatisfied
b7ee2f6f,149,add_to_cart,Acer SB220Q bi 21.5 inches Full HD (1920 x 1080) IPS Ultra-Thin,electronics,599,2.9000000953674316,google,3,Proposer livraison gratuite,excellent quality
dcddd15c,93,abandon,Samsung 49-Inch CHG90 144Hz Curved Gaming Monitor (LC49HG90DMNXZA) – Super Ultrawide Screen QLED ,electronics,999.989990234375,2.200000047683716,pub,-1,Envoyer coupon -20%,would buy again
fabf6cce,90,search,BIYLACLESEN Women's 3-in-1 Snowboard Jacket Winter Coats,women's clothing,56.9900016784668,2.5999999046325684,direct,1,Continuer navigation,great product
f6a16918,144,add_to_cart,Lock and Love Women's Removable Hooded Faux Leather Moto Biker Jacket,women's clothing,29.950000762939453,2.9000000953674316,email,3,Proposer livraison gratuite,great product
f312c75d,90,view,Rain Jacket Women Windbreaker Striped Climbing Raincoats,women's clothing,39.9900016784668,3.799999952316284,google,1,Continuer navigation,excellent quality
ab165b8f,152,abandon,MBJ Women's Solid Short Sleeve Boat Neck V ,women's clothing,9.850000381469727,4.699999809265137,google,-1,Envoyer coupon -20%,great product
c3b942b4,95,purchase,Opna Women's Short Sleeve Moisture,women's clothing,7.949999809265137,4.5,email,5,Suggerer produits similaires,fast shipping
8391ba85,163,view,DANVOUY Womens T Shirt Casual Cotton Short,women's clothing,12.989999771118164,3.5999999046325684,reseaux_sociaux,1,Continuer navigation,very pleased
f49edc71,83,search,"Fjallraven - Foldsack No. 1 Backpack, Fits 15 Laptops",men's clothing,109.94999694824219,3.9000000953674316,google,1,Continuer navigation,very disappointed
295d9e5f,151,abandon,Mens Casual Premium Slim Fit T-Shirts ,men's clothing,22.299999237060547,4.099999904632568,google,-1,Envoyer coupon -20%,would not recommend
d1a88947,33,view,Mens Cotton Jacket,men's clothing,55.9900016784668,4.699999809265137,reseaux_sociaux,1,Continuer navigation,highly impressed
1dfa7b81,90,purchase,Mens Casual Slim Fit,men's clothing,15.989999771118164,2.0999999046325684,google,5,Suggerer produits similaires,would not recommend
f14384f6,165,view,John Hardy Women's Legends Naga Gold & Silver Dragon Station Chain Bracelet,jewelery,695,4.599999904632568,email,1,Continuer navigation,great value for money
79f14a73,40,view,Solid Gold Petite Micropave ,jewelery,168,3.9000000953674316,pub,1,Continuer navigation,fast shipping
b66230e3,68,purchase,White Gold Plated Princess,jewelery,9.989999771118164,3,google,5,Suggerer produits similaires,not worth the price
9b81b8e8,108,view,Pierced Owl Rose Gold Plated Stainless Steel Double,jewelery,10.989999771118164,1.899999976158142,reseaux_sociaux,1,Continuer navigation,fast shipping
39c3b624,73,add_to_cart,WD 2TB Elements Portable External Hard Drive - USB 3.0 ,electronics,64,3.299999952316284,pub,3,Proposer livraison gratuite,very disappointed
7ad3848e,134,add_to_cart,SanDisk SSD PLUS 1TB Internal SSD - SATA III 6 Gb/s,electronics,109,2.9000000953674316,email,3,Proposer livraison gratuite,fast shipping
b6de1a28,5,purchase,Silicon Power 256GB SSD 3D NAND A55 SLC Cache Performance Boost SATA III 2.5,electronics,109,4.800000190734863,email,5,Suggerer produits similaires,great product
becce7f9,177,abandon,WD 4TB Gaming Drive Works with Playstation 4 Portable External Hard Drive,electronics,114,4.800000190734863,reseaux_sociaux,-1,Envoyer coupon -20%,poor quality
72990ca7,7,view,Acer SB220Q bi 21.5 inches Full HD (1920 x 1080) IPS Ultra-Thin,electronics,599,2.9000000953674316,email,1,Continuer navigation,great product
375fe43f,189,view,Samsung 49-Inch CHG90 144Hz Curved Gaming Monitor (LC49HG90DMNXZA) – Super Ultrawide Screen QLED ,electronics,999.989990234375,2.200000047683716,pub,1,Continuer navigation,highly impressed
caa9cf8d,91,view,BIYLACLESEN Women's 3-in-1 Snowboard Jacket Winter Coats,women's clothing,56.9900016784668,2.5999999046325684,reseaux_sociaux,1,Continuer navigation,waste of money
16985f90,175,purchase,Lock and Love Women's Removable Hooded Faux Leather Moto Biker Jacket,women's clothing,29.950000762939453,2.9000000953674316,direct,5,Suggerer produits similaires,great product
360fa8c7,184,search,Rain Jacket Women Windbreaker Striped Climbing Raincoats,women's clothing,39.9900016784668,3.799999952316284,direct,1,Continuer navigation,excellent quality
f58779f6,9,add_to_cart,MBJ Women's Solid Short Sleeve Boat Neck V ,women's clothing,9.850000381469727,4.699999809265137,pub,3,Proposer livraison gratuite,very unhappy with my purchase
e1c64b0a,154,add_to_cart,Opna Women's Short Sleeve Moisture,women's clothing,7.949999809265137,4.5,email,3,Proposer livraison gratuite,would buy again
bcc64d8e,84,abandon,DANVOUY Womens T Shirt Casual Cotton Short,women's clothing,12.989999771118164,3.5999999046325684,direct,-1,Envoyer coupon -20%,great product
014520f2,138,purchase,"Fjallraven - Foldsack No. 1 Backpack, Fits 15 Laptops",men's clothing,109.94999694824219,3.9000000953674316,reseaux_sociaux,5,Suggerer produits similaires,not worth the price
ae6503b7,173,search,Mens Casual Premium Slim Fit T-Shirts ,men's clothing,22.299999237060547,4.099999904632568,pub,1,Continuer navigation,excellent quality
52c600d2,134,purchase,Mens Cotton Jacket,men's clothing,55.9900016784668,4.699999809265137,direct,5,Suggerer produits similaires,great product
5ffd33a1,130,search,Mens Casual Slim Fit,men's clothing,15.989999771118164,2.0999999046325684,google,1,Continuer navigation,would not buy again
7fdece05,170,search,John Hardy Women's Legends Naga Gold & Silver Dragon Station Chain Bracelet,jewelery,695,4.599999904632568,pub,1,Continuer navigation,great value for money
d182bd88,118,view,Solid Gold Petite Micropave ,jewelery,168,3.9000000953674316,email,1,Continuer navigation,great value for money
fbd0049a,44,search,White Gold Plated Princess,jewelery,9.989999771118164,3,reseaux_sociaux,1,Continuer navigation,fast shipping
14ea1cea,6,abandon,Pierced Owl Rose Gold Plated Stainless Steel Double,jewelery,10.989999771118164,1.899999976158142,email,-1,Envoyer coupon -20%,excellent quality
81f0f015,77,abandon,WD 2TB Elements Portable External Hard Drive - USB 3.0 ,electronics,64,3.299999952316284,pub,-1,Envoyer coupon -20%,would not buy again
a43b8f83,39,add_to_cart,SanDisk SSD PLUS 1TB Internal SSD - SATA III 6 Gb/s,electronics,109,2.9000000953674316,pub,3,Proposer livraison gratuite,very happy with my purchase
e831b311,112,add_to_cart,Silicon Power 256GB SSD 3D NAND A55 SLC Cache Performance Boost SATA III 2.5,electronics,109,4.800000190734863,reseaux_sociaux,3,Proposer livraison gratuite,very happy with my purchase
d63eda32,149,add_to_cart,WD 4TB Gaming Drive Works with Playstation 4 Portable External Hard Drive,electronics,114,4.800000190734863,direct,3,Proposer livraison gratuite,highly recommended
6ac1b567,87,add_to_cart,Acer SB220Q bi 21.5 inches Full HD (1920 x 1080) IPS Ultra-Thin,electronics,599,2.9000000953674316,direct,3,Proposer livraison gratuite,awesome product
053f57d0,154,view,Samsung 49-Inch CHG90 144Hz Curved Gaming Monitor (LC49HG90DMNXZA) – Super Ultrawide Screen QLED ,electronics,999.989990234375,2.200000047683716,email,1,Continuer navigation,great value for money
c8e6113b,128,add_to_cart,BIYLACLESEN Women's 3-in-1 Snowboard Jacket Winter Coats,women's clothing,56.9900016784668,2.5999999046325684,direct,3,Proposer livraison gratuite,very unhappy with my purchase
5a9a1269,179,purchase,Lock and Love Women's Removable Hooded Faux Leather Moto Biker Jacket,women's clothing,29.950000762939453,2.9000000953674316,email,5,Suggerer produits similaires,highly impressed
bd9d5709,196,abandon,Rain Jacket Women Windbreaker Striped Climbing Raincoats,women's clothing,39.9900016784668,3.799999952316284,direct,-1,Envoyer coupon -20%,awesome product
08e0c23b,133,abandon,MBJ Women's Solid Short Sleeve Boat Neck V ,women's clothing,9.850000381469727,4.699999809265137,email,-1,Envoyer coupon -20%,not as described
35900b23,4,purchase,Opna Women's Short Sleeve Moisture,women's clothing,7.949999809265137,4.5,direct,5,Suggerer produits similaires,very happy with my purchase
17d95fd1,165,view,DANVOUY Womens T Shirt Casual Cotton Short,women's clothing,12.989999771118164,3.5999999046325684,direct,1,Continuer navigation,would not recommend
031d18c5,120,view,"Fjallraven - Foldsack No. 1 Backpack, Fits 15 Laptops",men's clothing,109.94999694824219,3.9000000953674316,email,1,Continuer navigation,highly impressed
3628a9d1,55,view,Mens Casual Premium Slim Fit T-Shirts ,men's clothing,22.299999237060547,4.099999904632568,google,1,Continuer navigation,excellent quality
8b753519,150,view,Mens Cotton Jacket,men's clothing,55.9900016784668,4.699999809265137,google,1,Continuer navigation,would not recommend
fd91d77e,92,add_to_cart,Mens Casual Slim Fit,men's clothing,15.989999771118164,2.0999999046325684,google,3,Proposer livraison gratuite,not as described
091f53a3,108,purchase,John Hardy Women's Legends Naga Gold & Silver Dragon Station Chain Bracelet,jewelery,695,4.599999904632568,google,5,Suggerer produits similaires,very satisfied
54e4085c,186,purchase,Solid Gold Petite Micropave ,jewelery,168,3.9000000953674316,direct,5,Suggerer produits similaires,awesome product
478f47c7,186,view,White Gold Plated Princess,jewelery,9.989999771118164,3,reseaux_sociaux,1,Continuer navigation,very disappointed
52f2c0f0,112,search,Pierced Owl Rose Gold Plated Stainless Steel Double,jewelery,10.989999771118164,1.899999976158142,direct,1,Continuer navigation,great value for money
5aeabca7,170,add_to_cart,WD 2TB Elements Portable External Hard Drive - USB 3.0 ,electronics,64,3.299999952316284,google,3,Proposer livraison gratuite,fast shipping
3b5b9fae,13,purchase,SanDisk SSD PLUS 1TB Internal SSD - SATA III 6 Gb/s,electronics,109,2.9000000953674316,pub,5,Suggerer produits similaires,great product
83e5d79f,59,search,Silicon Power 256GB SSD 3D NAND A55 SLC Cache Performance Boost SATA III 2.5,electronics,109,4.800000190734863,direct,1,Continuer navigation,awesome product
fff7439c,38,view,WD 4TB Gaming Drive Works with Playstation 4 Portable External Hard Drive,electronics,114,4.800000190734863,pub,1,Continuer navigation,very happy with my purchase
50afcb41,9,search,Acer SB220Q bi 21.5 inches Full HD (1920 x 1080) IPS Ultra-Thin,electronics,599,2.9000000953674316,direct,1,Continuer navigation,great product
33ef3b9b,141,search,Samsung 49-Inch CHG90 144Hz Curved Gaming Monitor (LC49HG90DMNXZA) – Super Ultrawide Screen QLED ,electronics,999.989990234375,2.200000047683716,reseaux_sociaux,1,Continuer navigation,very disappointed
36df72f7,133,abandon,BIYLACLESEN Women's 3-in-1 Snowboard Jacket Winter Coats,women's clothing,56.9900016784668,2.5999999046325684,email,-1,Envoyer coupon -20%,very happy with my purchase
eec16ece,61,add_to_cart,Lock and Love Women's Removable Hooded Faux Leather Moto Biker Jacket,women's clothing,29.950000762939453,2.9000000953674316,direct,3,Proposer livraison gratuite,great value for money
c0c73aa9,172,search,Rain Jacket Women Windbreaker Striped Climbing Raincoats,women's clothing,39.9900016784668,3.799999952316284,reseaux_sociaux,1,Continuer navigation,would buy again
8ea699bc,142,search,MBJ Women's Solid Short Sleeve Boat Neck V ,women's clothing,9.850000381469727,4.699999809265137,reseaux_sociaux,1,Continuer navigation,great product
d1a55a63,159,search,Opna Women's Short Sleeve Moisture,women's clothing,7.949999809265137,4.5,direct,1,Continuer navigation,very dissatisfied
68532483,120,add_to_cart,DANVOUY Womens T Shirt Casual Cotton Short,women's clothing,12.989999771118164,3.5999999046325684,pub,3,Proposer livraison gratuite,very pleased
f21ff1f4,142,purchase,"Fjallraven - Foldsack No. 1 Backpack, Fits 15 Laptops",men's clothing,109.94999694824219,3.9000000953674316,google,5,Suggerer produits similaires,very satisfied
29afd8df,55,add_to_cart,Mens Casual Premium Slim Fit T-Shirts ,men's clothing,22.299999237060547,4.099999904632568,pub,3,Proposer livraison gratuite,would not recommend
5cadd923,195,search,Mens Cotton Jacket,men's clothing,55.9900016784668,4.699999809265137,pub,1,Continuer navigation,would buy again
284cbd9f,46,abandon,Mens Casual Slim Fit,men's clothing,15.989999771118164,2.0999999046325684,direct,-1,Envoyer coupon -20%,excellent quality
a1c5c7f2,61,search,John Hardy Women's Legends Naga Gold & Silver Dragon Station Chain Bracelet,jewelery,695,4.599999904632568,reseaux_sociaux,1,Continuer navigation,would buy again
d999b744,100,view,Solid Gold Petite Micropave ,jewelery,168,3.9000000953674316,reseaux_sociaux,1,Continuer navigation,very dissatisfied
61e88f75,125,add_to_cart,White Gold Plated Princess,jewelery,9.989999771118164,3,direct,3,Proposer livraison gratuite,fast shipping
b89923f8,68,search,Pierced Owl Rose Gold Plated Stainless Steel Double,jewelery,10.989999771118164,1.899999976158142,reseaux_sociaux,1,Continuer navigation,highly recommended
e132f517,140,view,WD 2TB Elements Portable External Hard Drive - USB 3.0 ,electronics,64,3.299999952316284,email,1,Continuer navigation,awesome product
aab99b8d,60,view,SanDisk SSD PLUS 1TB Internal SSD - SATA III 6 Gb/s,electronics,109,2.9000000953674316,pub,1,Continuer navigation,awesome product
6c6231fd,130,add_to_cart,Silicon Power 256GB SSD 3D NAND A55 SLC Cache Performance Boost SATA III 2.5,electronics,109,4.800000190734863,google,3,Proposer livraison gratuite,fast shipping
68fb34e2,69,add_to_cart,WD 4TB Gaming Drive Works with Playstation 4 Portable External Hard Drive,electronics,114,4.800000190734863,direct,3,Proposer livraison gratuite,very happy with my purchase
ad2b2e7c,64,search,Acer SB220Q bi 21.5 inches Full HD (1920 x 1080) IPS Ultra-Thin,electronics,599,2.9000000953674316,reseaux_sociaux,1,Continuer navigation,would buy again
95cf643e,165,search,Samsung 49-Inch CHG90 144Hz Curved Gaming Monitor (LC49HG90DMNXZA) – Super Ultrawide Screen QLED ,electronics,999.989990234375,2.200000047683716,email,1,Continuer navigation,very satisfied
61bab8c6,75,add_to_cart,BIYLACLESEN Women's 3-in-1 Snowboard Jacket Winter Coats,women's clothing,56.9900016784668,2.5999999046325684,direct,3,Proposer livraison gratuite,very happy with my purchase
1a02cae7,154,add_to_cart,Lock and Love Women's Removable Hooded Faux Leather Moto Biker Jacket,women's clothing,29.950000762939453,2.9000000953674316,reseaux_sociaux,3,Proposer livraison gratuite,very happy with my purchase
70263127,51,search,Rain Jacket Women Windbreaker Striped Climbing Raincoats,women's clothing,39.9900016784668,3.799999952316284,google,1,Continuer navigation,fast shipping
828aafff,40,add_to_cart,MBJ Women's Solid Short Sleeve Boat Neck V ,women's clothing,9.850000381469727,4.699999809265137,direct,3,Proposer livraison gratuite,would not buy again
8d46fddb,103,purchase,Opna Women's Short Sleeve Moisture,women's clothing,7.949999809265137,4.5,email,5,Suggerer produits similaires,excellent quality
4c123e58,176,search,DANVOUY Womens T Shirt Casual Cotton Short,women's clothing,12.989999771118164,3.5999999046325684,direct,1,Continuer navigation,very dissatisfied
59a6e959,167,add_to_cart,"Fjallraven - Foldsack No. 1 Backpack, Fits 15 Laptops",men's clothing,109.94999694824219,3.9000000953674316,google,3,Proposer livraison gratuite,highly impressed
0eabd7ba,34,abandon,Mens Casual Premium Slim Fit T-Shirts ,men's clothing,22.299999237060547,4.099999904632568,email,-1,Envoyer coupon -20%,very disappointed
dbd9811b,107,search,Mens Cotton Jacket,men's clothing,55.9900016784668,4.699999809265137,email,1,Continuer navigation,great product
27935034,57,view,Mens Casual Slim Fit,men's clothing,15.989999771118164,2.0999999046325684,direct,1,Continuer navigation,very pleased
fea920a3,58,search,John Hardy Women's Legends Naga Gold & Silver Dragon Station Chain Bracelet,jewelery,695,4.599999904632568,google,1,Continuer navigation,very happy with my purchase
9ea965e0,137,abandon,Solid Gold Petite Micropave ,jewelery,168,3.9000000953674316,google,-1,Envoyer coupon -20%,poor quality
caec6677,18,purchase,White Gold Plated Princess,jewelery,9.989999771118164,3,google,5,Suggerer produits similaires,would not recommend
064bbb72,38,abandon,Pierced Owl Rose Gold Plated Stainless Steel Double,jewelery,10.989999771118164,1.899999976158142,reseaux_sociaux,-1,Envoyer coupon -20%,would not recommend
5787ba82,129,add_to_cart,WD 2TB Elements Portable External Hard Drive - USB 3.0 ,electronics,64,3.299999952316284,google,3,Proposer livraison gratuite,very unhappy with my purchase
561f4b8b,148,view,SanDisk SSD PLUS 1TB Internal SSD - SATA III 6 Gb/s,electronics,109,2.9000000953674316,pub,1,Continuer navigation,very satisfied
0b2ccce0,165,search,Silicon Power 256GB SSD 3D NAND A55 SLC Cache Performance Boost SATA III 2.5,electronics,109,4.800000190734863,email,1,Continuer navigation,great product
4fd1ec9e,199,search,WD 4TB Gaming Drive Works with Playstation 4 Portable External Hard Drive,electronics,114,4.800000190734863,reseaux_sociaux,1,Continuer navigation,great product
134cb2f2,178,purchase,Acer SB220Q bi 21.5 inches Full HD (1920 x 1080) IPS Ultra-Thin,electronics,599,2.9000000953674316,reseaux_sociaux,5,Suggerer produits similaires,awesome product
b38d134d,184,search,Samsung 49-Inch CHG90 144Hz Curved Gaming Monitor (LC49HG90DMNXZA) – Super Ultrawide Screen QLED ,electronics,999.989990234375,2.200000047683716,pub,1,Continuer navigation,very dissatisfied
6cc63542,61,search,BIYLACLESEN Women's 3-in-1 Snowboard Jacket Winter Coats,women's clothing,56.9900016784668,2.5999999046325684,pub,1,Continuer navigation,very disappointed
25fc666c,156,add_to_cart,Lock and Love Women's Removable Hooded Faux Leather Moto Biker Jacket,women's clothing,29.950000762939453,2.9000000953674316,direct,3,Proposer livraison gratuite,very unhappy with my purchase
23d999b0,110,add_to_cart,Rain Jacket Women Windbreaker Striped Climbing Raincoats,women's clothing,39.9900016784668,3.799999952316284,google,3,Proposer livraison gratuite,would buy again
172b6585,188,add_to_cart,MBJ Women's Solid Short Sleeve Boat Neck V ,women's clothing,9.850000381469727,4.699999809265137,pub,3,Proposer livraison gratuite,great product
696fdec5,28,abandon,Opna Women's Short Sleeve Moisture,women's clothing,7.949999809265137,4.5,direct,-1,Envoyer coupon -20%,great value for money
d943a3a3,62,search,DANVOUY Womens T Shirt Casual Cotton Short,women's clothing,12.989999771118164,3.5999999046325684,google,1,Continuer navigation,great value for money
cbe0e385,25,view,"Fjallraven - Foldsack No. 1 Backpack, Fits 15 Laptops",men's clothing,109.94999694824219,3.9000000953674316,email,1,Continuer navigation,would buy again
8d076bfe,52,purchase,Mens Casual Premium Slim Fit T-Shirts ,men's clothing,22.299999237060547,4.099999904632568,reseaux_sociaux,5,Suggerer produits similaires,would buy again
2c62d669,185,purchase,Mens Cotton Jacket,men's clothing,55.9900016784668,4.699999809265137,direct,5,Suggerer produits similaires,very pleased
10195ade,102,view,Mens Casual Slim Fit,men's clothing,15.989999771118164,2.0999999046325684,google,1,Continuer navigation,would buy again
5bc5bde8,20,abandon,John Hardy Women's Legends Naga Gold & Silver Dragon Station Chain Bracelet,jewelery,695,4.599999904632568,pub,-1,Envoyer coupon -20%,disappointing product
c47612cd,48,add_to_cart,Solid Gold Petite Micropave ,jewelery,168,3.9000000953674316,direct,3,Proposer livraison gratuite,highly impressed
08b709d1,139,abandon,White Gold Plated Princess,jewelery,9.989999771118164,3,google,-1,Envoyer coupon -20%,excellent quality
85e0862a,43,purchase,Pierced Owl Rose Gold Plated Stainless Steel Double,jewelery,10.989999771118164,1.899999976158142,google,5,Suggerer produits similaires,highly impressed
99c9325d,28,search,WD 2TB Elements Portable External Hard Drive - USB 3.0 ,electronics,64,3.299999952316284,email,1,Continuer navigation,not worth the price
072219d8,61,search,SanDisk SSD PLUS 1TB Internal SSD - SATA III 6 Gb/s,electronics,109,2.9000000953674316,direct,1,Continuer navigation,highly impressed
8a5f40df,96,abandon,Silicon Power 256GB SSD 3D NAND A55 SLC Cache Performance Boost SATA III 2.5,electronics,109,4.800000190734863,pub,-1,Envoyer coupon -20%,highly impressed
e0ae5a4c,94,search,WD 4TB Gaming Drive Works with Playstation 4 Portable External Hard Drive,electronics,114,4.800000190734863,direct,1,Continuer navigation,would not recommend
69a1e84d,114,view,Acer SB220Q bi 21.5 inches Full HD (1920 x 1080) IPS Ultra-Thin,electronics,599,2.9000000953674316,email,1,Continuer navigation,not worth the price
0f470659,57,abandon,Samsung 49-Inch CHG90 144Hz Curved Gaming Monitor (LC49HG90DMNXZA) – Super Ultrawide Screen QLED ,electronics,999.989990234375,2.200000047683716,reseaux_sociaux,-1,Envoyer coupon -20%,great product
e57fe499,49,purchase,BIYLACLESEN Women's 3-in-1 Snowboard Jacket Winter Coats,women's clothing,56.9900016784668,2.5999999046325684,google,5,Suggerer produits similaires,very unhappy with my purchase
f486596c,152,purchase,Lock and Love Women's Removable Hooded Faux Leather Moto Biker Jacket,women's clothing,29.950000762939453,2.9000000953674316,pub,5,Suggerer produits similaires,poor quality
42beab44,190,view,Rain Jacket Women Windbreaker Striped Climbing Raincoats,women's clothing,39.9900016784668,3.799999952316284,pub,1,Continuer navigation,very disappointed
986144d5,154,search,MBJ Women's Solid Short Sleeve Boat Neck V ,women's clothing,9.850000381469727,4.699999809265137,email,1,Continuer navigation,great value for money
8ff873f2,16,search,Opna Women's Short Sleeve Moisture,women's clothing,7.949999809265137,4.5,email,1,Continuer navigation,very happy with my purchase
9aa435f5,12,view,DANVOUY Womens T Shirt Casual Cotton Short,women's clothing,12.989999771118164,3.5999999046325684,google,1,Continuer navigation,very happy with my purchase
c418b3ef,99,view,"Fjallraven - Foldsack No. 1 Backpack, Fits 15 Laptops",men's clothing,109.94999694824219,3.9000000953674316,reseaux_sociaux,1,Continuer navigation,disappointing product
ffb5c4c1,103,search,Mens Casual Premium Slim Fit T-Shirts ,men's clothing,22.299999237060547,4.099999904632568,direct,1,Continuer navigation,would not recommend
0ebbdfe5,153,add_to_cart,Mens Cotton Jacket,men's clothing,55.9900016784668,4.699999809265137,google,3,Proposer livraison gratuite,would not recommend
6e06508e,184,purchase,Mens Casual Slim Fit,men's clothing,15.989999771118164,2.0999999046325684,pub,5,Suggerer produits similaires,very disappointed
3cea49ac,128,add_to_cart,John Hardy Women's Legends Naga Gold & Silver Dragon Station Chain Bracelet,jewelery,695,4.599999904632568,email,3,Proposer livraison gratuite,poor quality
8569ed99,160,search,Solid Gold Petite Micropave ,jewelery,168,3.9000000953674316,pub,1,Continuer navigation,great product
a5658961,158,view,White Gold Plated Princess,jewelery,9.989999771118164,3,pub,1,Continuer navigation,very disappointed
6273c458,16,purchase,Pierced Owl Rose Gold Plated Stainless Steel Double,jewelery,10.989999771118164,1.899999976158142,email,5,Suggerer produits similaires,poor quality
659ccd47,68,abandon,WD 2TB Elements Portable External Hard Drive - USB 3.0 ,electronics,64,3.299999952316284,pub,-1,Envoyer coupon -20%,awesome product
a0b09b6f,130,purchase,SanDisk SSD PLUS 1TB Internal SSD - SATA III 6 Gb/s,electronics,109,2.9000000953674316,direct,5,Suggerer produits similaires,disappointing product
ee8e504f,168,purchase,Silicon Power 256GB SSD 3D NAND A55 SLC Cache Performance Boost SATA III 2.5,electronics,109,4.800000190734863,reseaux_sociaux,5,Suggerer produits similaires,poor quality
9a5ff85c,20,purchase,WD 4TB Gaming Drive Works with Playstation 4 Portable External Hard Drive,electronics,114,4.800000190734863,reseaux_sociaux,5,Suggerer produits similaires,great value for money
1a8949c2,189,add_to_cart,Acer SB220Q bi 21.5 inches Full HD (1920 x 1080) IPS Ultra-Thin,electronics,599,2.9000000953674316,direct,3,Proposer livraison gratuite,very disappointed
5fa01e76,90,purchase,Samsung 49-Inch CHG90 144Hz Curved Gaming Monitor (LC49HG90DMNXZA) – Super Ultrawide Screen QLED ,electronics,999.989990234375,2.200000047683716,pub,5,Suggerer produits similaires,poor quality
6e9581f6,8,add_to_cart,BIYLACLESEN Women's 3-in-1 Snowboard Jacket Winter Coats,women's clothing,56.9900016784668,2.5999999046325684,pub,3,Proposer livraison gratuite,great product
6b6522e3,140,search,Lock and Love Women's Removable Hooded Faux Leather Moto Biker Jacket,women's clothing,29.950000762939453,2.9000000953674316,direct,1,Continuer navigation,great value for money
0bab5930,50,search,Rain Jacket Women Windbreaker Striped Climbing Raincoats,women's clothing,39.9900016784668,3.799999952316284,reseaux_sociaux,1,Continuer navigation,great value for money
579d21b3,25,view,MBJ Women's Solid Short Sleeve Boat Neck V ,women's clothing,9.850000381469727,4.699999809265137,google,1,Continuer navigation,great product
ff2e2211,14,search,Opna Women's Short Sleeve Moisture,women's clothing,7.949999809265137,4.5,reseaux_sociaux,1,Continuer navigation,very happy with my purchase
24adec5e,143,view,DANVOUY Womens T Shirt Casual Cotton Short,women's clothing,12.989999771118164,3.5999999046325684,reseaux_sociaux,1,Continuer navigation,great value for money
220b4975,161,abandon,"Fjallraven - Foldsack No. 1 Backpack, Fits 15 Laptops",men's clothing,109.94999694824219,3.9000000953674316,google,-1,Envoyer coupon -20%,very disappointed
8f4eda89,183,add_to_cart,Mens Casual Premium Slim Fit T-Shirts ,men's clothing,22.299999237060547,4.099999904632568,google,3,Proposer livraison gratuite,awesome product
9ee7512d,117,view,Mens Cotton Jacket,men's clothing,55.9900016784668,4.699999809265137,direct,1,Continuer navigation,very pleased
fb1b6c8a,60,view,Mens Casual Slim Fit,men's clothing,15.989999771118164,2.0999999046325684,email,1,Continuer navigation,highly recommended
e3de3bbc,175,view,John Hardy Women's Legends Naga Gold & Silver Dragon Station Chain Bracelet,jewelery,695,4.599999904632568,pub,1,Continuer navigation,very dissatisfied
ca31e25a,126,purchase,Solid Gold Petite Micropave ,jewelery,168,3.9000000953674316,direct,5,Suggerer produits similaires,very dissatisfied
a29c0dd7,17,add_to_cart,White Gold Plated Princess,jewelery,9.989999771118164,3,direct,3,Proposer livraison gratuite,would buy again
d4ccbb19,82,purchase,Pierced Owl Rose Gold Plated Stainless Steel Double,jewelery,10.989999771118164,1.899999976158142,pub,5,Suggerer produits similaires,great value for money
8fa091de,118,view,WD 2TB Elements Portable External Hard Drive - USB 3.0 ,electronics,64,3.299999952316284,direct,1,Continuer navigation,very dissatisfied
f0e778df,117,add_to_cart,SanDisk SSD PLUS 1TB Internal SSD - SATA III 6 Gb/s,electronics,109,2.9000000953674316,email,3,Proposer livraison gratuite,very unhappy with my purchase
42169c40,66,search,Silicon Power 256GB SSD 3D NAND A55 SLC Cache Performance Boost SATA III 2.5,electronics,109,4.800000190734863,reseaux_sociaux,1,Continuer navigation,would not recommend
a4477ae0,48,purchase,WD 4TB Gaming Drive Works with Playstation 4 Portable External Hard Drive,electronics,114,4.800000190734863,google,5,Suggerer produits similaires,awesome product
e5b4d228,180,view,Acer SB220Q bi 21.5 inches Full HD (1920 x 1080) IPS Ultra-Thin,electronics,599,2.9000000953674316,reseaux_sociaux,1,Continuer navigation,highly recommended
60a38211,59,view,Samsung 49-Inch CHG90 144Hz Curved Gaming Monitor (LC49HG90DMNXZA) – Super Ultrawide Screen QLED ,electronics,999.989990234375,2.200000047683716,direct,1,Continuer navigation,great value for money
5d16b183,73,search,BIYLACLESEN Women's 3-in-1 Snowboard Jacket Winter Coats,women's clothing,56.9900016784668,2.5999999046325684,reseaux_sociaux,1,Continuer navigation,great value for money
e4818b6d,102,purchase,Lock and Love Women's Removable Hooded Faux Leather Moto Biker Jacket,women's clothing,29.950000762939453,2.9000000953674316,reseaux_sociaux,5,Suggerer produits similaires,very disappointed
de8b593e,3,search,Rain Jacket Women Windbreaker Striped Climbing Raincoats,women's clothing,39.9900016784668,3.799999952316284,reseaux_sociaux,1,Continuer navigation,poor quality
8c21a943,136,view,MBJ Women's Solid Short Sleeve Boat Neck V ,women's clothing,9.850000381469727,4.699999809265137,reseaux_sociaux,1,Continuer navigation,very happy with my purchase
404ce895,160,purchase,Opna Women's Short Sleeve Moisture,women's clothing,7.949999809265137,4.5,google,5,Suggerer produits similaires,highly impressed
a3f31348,110,add_to_cart,DANVOUY Womens T Shirt Casual Cotton Short,women's clothing,12.989999771118164,3.5999999046325684,direct,3,Proposer livraison gratuite,very unhappy with my purchase
c1c70bdc,15,abandon,"Fjallraven - Foldsack No. 1 Backpack, Fits 15 Laptops",men's clothing,109.94999694824219,3.9000000953674316,pub,-1,Envoyer coupon -20%,would not recommend
6454b3b3,151,search,Mens Casual Premium Slim Fit T-Shirts ,men's clothing,22.299999237060547,4.099999904632568,google,1,Continuer navigation,fast shipping
8fab1c2e,177,add_to_cart,Mens Cotton Jacket,men's clothing,55.9900016784668,4.699999809265137,google,3,Proposer livraison gratuite,great product
47f72122,12,purchase,Mens Casual Slim Fit,men's clothing,15.989999771118164,2.0999999046325684,google,5,Suggerer produits similaires,great product
213531b8,53,view,John Hardy Women's Legends Naga Gold & Silver Dragon Station Chain Bracelet,jewelery,695,4.599999904632568,google,1,Continuer navigation,very happy with my purchase
890eb162,144,view,Solid Gold Petite Micropave ,jewelery,168,3.9000000953674316,google,1,Continuer navigation,would buy again
a0bded37,137,purchase,White Gold Plated Princess,jewelery,9.989999771118164,3,reseaux_sociaux,5,Suggerer produits similaires,very happy with my purchase
6cde2a57,92,add_to_cart,Pierced Owl Rose Gold Plated Stainless Steel Double,jewelery,10.989999771118164,1.899999976158142,reseaux_sociaux,3,Proposer livraison gratuite,would not recommend
bed70fdc,33,search,WD 2TB Elements Portable External Hard Drive - USB 3.0 ,electronics,64,3.299999952316284,google,1,Continuer navigation,awesome product
8611eb3e,174,purchase,SanDisk SSD PLUS 1TB Internal SSD - SATA III 6 Gb/s,electronics,109,2.9000000953674316,pub,5,Suggerer produits similaires,great product
ccd2df0f,160,add_to_cart,Silicon Power 256GB SSD 3D NAND A55 SLC Cache Performance Boost SATA III 2.5,electronics,109,4.800000190734863,google,3,Proposer livraison gratuite,would buy again
8c29f620,131,search,WD 4TB Gaming Drive Works with Playstation 4 Portable External Hard Drive,electronics,114,4.800000190734863,email,1,Continuer navigation,very disappointed
c30407d8,196,search,Acer SB220Q bi 21.5 inches Full HD (1920 x 1080) IPS Ultra-Thin,electronics,599,2.9000000953674316,direct,1,Continuer navigation,fast shipping
156fac8e,154,search,Samsung 49-Inch CHG90 144Hz Curved Gaming Monitor (LC49HG90DMNXZA) – Super Ultrawide Screen QLED ,electronics,999.989990234375,2.200000047683716,reseaux_sociaux,1,Continuer navigation,excellent quality
57603721,49,view,BIYLACLESEN Women's 3-in-1 Snowboard Jacket Winter Coats,women's clothing,56.9900016784668,2.5999999046325684,google,1,Continuer navigation,would not recommend
e7524905,3,abandon,Lock and Love Women's Removable Hooded Faux Leather Moto Biker Jacket,women's clothing,29.950000762939453,2.9000000953674316,email,-1,Envoyer coupon -20%,great product
64aca5a8,191,search,Rain Jacket Women Windbreaker Striped Climbing Raincoats,women's clothing,39.9900016784668,3.799999952316284,google,1,Continuer navigation,highly impressed
c19c8e9f,199,abandon,MBJ Women's Solid Short Sleeve Boat Neck V ,women's clothing,9.850000381469727,4.699999809265137,google,-1,Envoyer coupon -20%,great value for money
12640e94,40,view,Opna Women's Short Sleeve Moisture,women's clothing,7.949999809265137,4.5,direct,1,Continuer navigation,poor quality
8cb43683,43,add_to_cart,DANVOUY Womens T Shirt Casual Cotton Short,women's clothing,12.989999771118164,3.5999999046325684,pub,3,Proposer livraison gratuite,poor quality
150f546c,130,search,"Fjallraven - Foldsack No. 1 Backpack, Fits 15 Laptops",men's clothing,109.94999694824219,3.9000000953674316,google,1,Continuer navigation,awesome product
aa01a700,161,abandon,Mens Casual Premium Slim Fit T-Shirts ,men's clothing,22.299999237060547,4.099999904632568,email,-1,Envoyer coupon -20%,excellent quality
787a9695,102,add_to_cart,Mens Cotton Jacket,men's clothing,55.9900016784668,4.699999809265137,reseaux_sociaux,3,Proposer livraison gratuite,would not recommend
a59ed65b,7,purchase,Mens Casual Slim Fit,men's clothing,15.989999771118164,2.0999999046325684,direct,5,Suggerer produits similaires,highly impressed
6580b0b2,187,abandon,John Hardy Women's Legends Naga Gold & Silver Dragon Station Chain Bracelet,jewelery,695,4.599999904632568,pub,-1,Envoyer coupon -20%,great product
fd0bce43,109,add_to_cart,Solid Gold Petite Micropave ,jewelery,168,3.9000000953674316,pub,3,Proposer livraison gratuite,very unhappy with my purchase
e44fce78,31,add_to_cart,White Gold Plated Princess,jewelery,9.989999771118164,3,reseaux_sociaux,3,Proposer livraison gratuite,very unhappy with my purchase
ce50059c,178,abandon,Pierced Owl Rose Gold Plated Stainless Steel Double,jewelery,10.989999771118164,1.899999976158142,reseaux_sociaux,-1,Envoyer coupon -20%,very happy with my purchase
57199f70,78,abandon,WD 2TB Elements Portable External Hard Drive - USB 3.0 ,electronics,64,3.299999952316284,direct,-1,Envoyer coupon -20%,highly impressed
e8ba924d,55,purchase,SanDisk SSD PLUS 1TB Internal SSD - SATA III 6 Gb/s,electronics,109,2.9000000953674316,pub,5,Suggerer produits similaires,very disappointed
1a841c40,35,abandon,Silicon Power 256GB SSD 3D NAND A55 SLC Cache Performance Boost SATA III 2.5,electronics,109,4.800000190734863,pub,-1,Envoyer coupon -20%,very disappointed
b74db0a2,110,search,WD 4TB Gaming Drive Works with Playstation 4 Portable External Hard Drive,electronics,114,4.800000190734863,email,1,Continuer navigation,great product
abf155d3,145,purchase,Acer SB220Q bi 21.5 inches Full HD (1920 x 1080) IPS Ultra-Thin,electronics,599,2.9000000953674316,direct,5,Suggerer produits similaires,highly impressed
d53f18c9,168,abandon,Samsung 49-Inch CHG90 144Hz Curved Gaming Monitor (LC49HG90DMNXZA) – Super Ultrawide Screen QLED ,electronics,999.989990234375,2.200000047683716,google,-1,Envoyer coupon -20%,great product
ceb621da,79,add_to_cart,BIYLACLESEN Women's 3-in-1 Snowboard Jacket Winter Coats,women's clothing,56.9900016784668,2.5999999046325684,email,3,Proposer livraison gratuite,very happy with my purchase
e3d90854,186,add_to_cart,Lock and Love Women's Removable Hooded Faux Leather Moto Biker Jacket,women's clothing,29.950000762939453,2.9000000953674316,email,3,Proposer livraison gratuite,great product
379dd3e5,57,search,Rain Jacket Women Windbreaker Striped Climbing Raincoats,women's clothing,39.9900016784668,3.799999952316284,email,1,Continuer navigation,poor quality
3c73e569,134,search,MBJ Women's Solid Short Sleeve Boat Neck V ,women's clothing,9.850000381469727,4.699999809265137,email,1,Continuer navigation,highly recommended
21dafe13,56,search,Opna Women's Short Sleeve Moisture,women's clothing,7.949999809265137,4.5,reseaux_sociaux,1,Continuer navigation,great value for money
63d85bb1,68,add_to_cart,DANVOUY Womens T Shirt Casual Cotton Short,women's clothing,12.989999771118164,3.5999999046325684,pub,3,Proposer livraison gratuite,disappointing product
ba2cc028,14,abandon,"Fjallraven - Foldsack No. 1 Backpack, Fits 15 Laptops",men's clothing,109.94999694824219,3.9000000953674316,direct,-1,Envoyer coupon -20%,excellent quality
cc03f8e5,121,view,Mens Casual Premium Slim Fit T-Shirts ,men's clothing,22.299999237060547,4.099999904632568,reseaux_sociaux,1,Continuer navigation,great value for money
c02cd54a,191,add_to_cart,Mens Cotton Jacket,men's clothing,55.9900016784668,4.699999809265137,email,3,Proposer livraison gratuite,would buy again
53371792,133,purchase,Mens Casual Slim Fit,men's clothing,15.989999771118164,2.0999999046325684,email,5,Suggerer produits similaires,not as described
58daee15,179,purchase,John Hardy Women's Legends Naga Gold & Silver Dragon Station Chain Bracelet,jewelery,695,4.599999904632568,pub,5,Suggerer produits similaires,highly impressed
5a4c86f3,45,purchase,Solid Gold Petite Micropave ,jewelery,168,3.9000000953674316,pub,5,Suggerer produits similaires,great value for money
c97a79e6,53,add_to_cart,White Gold Plated Princess,jewelery,9.989999771118164,3,reseaux_sociaux,3,Proposer livraison gratuite,excellent quality
1da3d7eb,83,add_to_cart,Pierced Owl Rose Gold Plated Stainless Steel Double,jewelery,10.989999771118164,1.899999976158142,google,3,Proposer livraison gratuite,highly impressed
528e9c4d,173,abandon,WD 2TB Elements Portable External Hard Drive - USB 3.0 ,electronics,64,3.299999952316284,google,-1,Envoyer coupon -20%,would not recommend
6f914529,33,view,SanDisk SSD PLUS 1TB Internal SSD - SATA III 6 Gb/s,electronics,109,2.9000000953674316,google,1,Continuer navigation,would not buy again
410edc74,114,view,Silicon Power 256GB SSD 3D NAND A55 SLC Cache Performance Boost SATA III 2.5,electronics,109,4.800000190734863,email,1,Continuer navigation,very satisfied
515176be,165,abandon,WD 4TB Gaming Drive Works with Playstation 4 Portable External Hard Drive,electronics,114,4.800000190734863,reseaux_sociaux,-1,Envoyer coupon -20%,not worth the price
b6a40b62,107,view,Acer SB220Q bi 21.5 inches Full HD (1920 x 1080) IPS Ultra-Thin,electronics,599,2.9000000953674316,reseaux_sociaux,1,Continuer navigation,great product
d0d54711,187,search,Samsung 49-Inch CHG90 144Hz Curved Gaming Monitor (LC49HG90DMNXZA) – Super Ultrawide Screen QLED ,electronics,999.989990234375,2.200000047683716,google,1,Continuer navigation,would not recommend
19eaf4bb,129,purchase,BIYLACLESEN Women's 3-in-1 Snowboard Jacket Winter Coats,women's clothing,56.9900016784668,2.5999999046325684,pub,5,Suggerer produits similaires,poor quality
66d678ae,183,view,Lock and Love Women's Removable Hooded Faux Leather Moto Biker Jacket,women's clothing,29.950000762939453,2.9000000953674316,email,1,Continuer navigation,very unhappy with my purchase
6b466be8,143,purchase,Rain Jacket Women Windbreaker Striped Climbing Raincoats,women's clothing,39.9900016784668,3.799999952316284,direct,5,Suggerer produits similaires,very pleased
5775102f,119,purchase,MBJ Women's Solid Short Sleeve Boat Neck V ,women's clothing,9.850000381469727,4.699999809265137,email,5,Suggerer produits similaires,excellent quality
2286e1a4,72,search,Opna Women's Short Sleeve Moisture,women's clothing,7.949999809265137,4.5,email,1,Continuer navigation,waste of money
dd01bebd,104,search,DANVOUY Womens T Shirt Casual Cotton Short,women's clothing,12.989999771118164,3.5999999046325684,reseaux_sociaux,1,Continuer navigation,would not recommend
1aa77f8b,33,purchase,"Fjallraven - Foldsack No. 1 Backpack, Fits 15 Laptops",men's clothing,109.94999694824219,3.9000000953674316,google,5,Suggerer produits similaires,would buy again
c6dc83ad,6,view,Mens Casual Premium Slim Fit T-Shirts ,men's clothing,22.299999237060547,4.099999904632568,pub,1,Continuer navigation,great product
a0aba554,131,search,Mens Cotton Jacket,men's clothing,55.9900016784668,4.699999809265137,email,1,Continuer navigation,poor quality
3c15e9f0,118,search,Mens Casual Slim Fit,men's clothing,15.989999771118164,2.0999999046325684,direct,1,Continuer navigation,highly recommended
483d7c61,55,abandon,John Hardy Women's Legends Naga Gold & Silver Dragon Station Chain Bracelet,jewelery,695,4.599999904632568,direct,-1,Envoyer coupon -20%,very unhappy with my purchase
9d172bb1,25,add_to_cart,Solid Gold Petite Micropave ,jewelery,168,3.9000000953674316,pub,3,Proposer livraison gratuite,excellent quality
3e3d2f29,177,abandon,White Gold Plated Princess,jewelery,9.989999771118164,3,reseaux_sociaux,-1,Envoyer coupon -20%,awesome product
0974b1db,24,view,Pierced Owl Rose Gold Plated Stainless Steel Double,jewelery,10.989999771118164,1.899999976158142,pub,1,Continuer navigation,excellent quality
461a0280,65,purchase,WD 2TB Elements Portable External Hard Drive - USB 3.0 ,electronics,64,3.299999952316284,email,5,Suggerer produits similaires,great value for money
d099b707,162,abandon,SanDisk SSD PLUS 1TB Internal SSD - SATA III 6 Gb/s,electronics,109,2.9000000953674316,pub,-1,Envoyer coupon -20%,very disappointed
76337891,15,purchase,Silicon Power 256GB SSD 3D NAND A55 SLC Cache Performance Boost SATA III 2.5,electronics,109,4.800000190734863,reseaux_sociaux,5,Suggerer produits similaires,excellent quality
5e39c713,105,add_to_cart,WD 4TB Gaming Drive Works with Playstation 4 Portable External Hard Drive,electronics,114,4.800000190734863,pub,3,Proposer livraison gratuite,highly recommended
651aef35,37,search,Acer SB220Q bi 21.5 inches Full HD (1920 x 1080) IPS Ultra-Thin,electronics,599,2.9000000953674316,pub,1,Continuer navigation,would not recommend
08288e9f,81,view,Samsung 49-Inch CHG90 144Hz Curved Gaming Monitor (LC49HG90DMNXZA) – Super Ultrawide Screen QLED ,electronics,999.989990234375,2.200000047683716,pub,1,Continuer navigation,very disappointed
9edfbafa,139,purchase,BIYLACLESEN Women's 3-in-1 Snowboard Jacket Winter Coats,women's clothing,56.9900016784668,2.5999999046325684,email,5,Suggerer produits similaires,great product
9958d6d1,86,abandon,Lock and Love Women's Removable Hooded Faux Leather Moto Biker Jacket,women's clothing,29.950000762939453,2.9000000953674316,google,-1,Envoyer coupon -20%,would not recommend
9ef3dc84,146,view,Rain Jacket Women Windbreaker Striped Climbing Raincoats,women's clothing,39.9900016784668,3.799999952316284,pub,1,Continuer navigation,excellent quality
a932fba6,107,add_to_cart,MBJ Women's Solid Short Sleeve Boat Neck V ,women's clothing,9.850000381469727,4.699999809265137,email,3,Proposer livraison gratuite,awesome product
3f42ec03,156,purchase,Opna Women's Short Sleeve Moisture,women's clothing,7.949999809265137,4.5,google,5,Suggerer produits similaires,great product
bfea25b2,66,purchase,DANVOUY Womens T Shirt Casual Cotton Short,women's clothing,12.989999771118164,3.5999999046325684,reseaux_sociaux,5,Suggerer produits similaires,awesome product
cf6b347c,181,purchase,"Fjallraven - Foldsack No. 1 Backpack, Fits 15 Laptops",men's clothing,109.94999694824219,3.9000000953674316,direct,5,Suggerer produits similaires,awesome product
d08bcd13,132,purchase,Mens Casual Premium Slim Fit T-Shirts ,men's clothing,22.299999237060547,4.099999904632568,reseaux_sociaux,5,Suggerer produits similaires,awesome product
12b59d79,63,purchase,Mens Cotton Jacket,men's clothing,55.9900016784668,4.699999809265137,email,5,Suggerer produits similaires,excellent quality
1df3c7cb,106,add_to_cart,Mens Casual Slim Fit,men's clothing,15.989999771118164,2.0999999046325684,direct,3,Proposer livraison gratuite,would buy again
acfab8f5,51,add_to_cart,John Hardy Women's Legends Naga Gold & Silver Dragon Station Chain Bracelet,jewelery,695,4.599999904632568,email,3,Proposer livraison gratuite,highly recommended
8de2adc3,104,add_to_cart,Solid Gold Petite Micropave ,jewelery,168,3.9000000953674316,email,3,Proposer livraison gratuite,very disappointed
05d212a1,115,abandon,White Gold Plated Princess,jewelery,9.989999771118164,3,reseaux_sociaux,-1,Envoyer coupon -20%,highly recommended
598065c1,181,view,Pierced Owl Rose Gold Plated Stainless Steel Double,jewelery,10.989999771118164,1.899999976158142,google,1,Continuer navigation,would not recommend
11311193,77,add_to_cart,WD 2TB Elements Portable External Hard Drive - USB 3.0 ,electronics,64,3.299999952316284,google,3,Proposer livraison gratuite,poor quality
9eaea6cd,5,search,SanDisk SSD PLUS 1TB Internal SSD - SATA III 6 Gb/s,electronics,109,2.9000000953674316,reseaux_sociaux,1,Continuer navigation,very disappointed
20e556a0,106,view,Silicon Power 256GB SSD 3D NAND A55 SLC Cache Performance Boost SATA III 2.5,electronics,109,4.800000190734863,google,1,Continuer navigation,excellent quality
24b117bc,147,add_to_cart,WD 4TB Gaming Drive Works with Playstation 4 Portable External Hard Drive,electronics,114,4.800000190734863,direct,3,Proposer livraison gratuite,would not recommend
c89e82b9,145,abandon,Acer SB220Q bi 21.5 inches Full HD (1920 x 1080) IPS Ultra-Thin,electronics,599,2.9000000953674316,email,-1,Envoyer coupon -20%,poor quality
49413c4b,56,add_to_cart,Samsung 49-Inch CHG90 144Hz Curved Gaming Monitor (LC49HG90DMNXZA) – Super Ultrawide Screen QLED ,electronics,999.989990234375,2.200000047683716,google,3,Proposer livraison gratuite,highly impressed
7f36bd44,137,abandon,BIYLACLESEN Women's 3-in-1 Snowboard Jacket Winter Coats,women's clothing,56.9900016784668,2.5999999046325684,google,-1,Envoyer coupon -20%,highly impressed
1ed05d11,180,search,Lock and Love Women's Removable Hooded Faux Leather Moto Biker Jacket,women's clothing,29.950000762939453,2.9000000953674316,email,1,Continuer navigation,highly impressed
6135324b,89,view,Rain Jacket Women Windbreaker Striped Climbing Raincoats,women's clothing,39.9900016784668,3.799999952316284,email,1,Continuer navigation,great value for money
44786d0d,21,purchase,MBJ Women's Solid Short Sleeve Boat Neck V ,women's clothing,9.850000381469727,4.699999809265137,reseaux_sociaux,5,Suggerer produits similaires,awesome product
8c8b37bc,79,add_to_cart,Opna Women's Short Sleeve Moisture,women's clothing,7.949999809265137,4.5,email,3,Proposer livraison gratuite,would not recommend
71d3d58a,40,add_to_cart,DANVOUY Womens T Shirt Casual Cotton Short,women's clothing,12.989999771118164,3.5999999046325684,email,3,Proposer livraison gratuite,awesome product
bd5c2dee,22,abandon,"Fjallraven - Foldsack No. 1 Backpack, Fits 15 Laptops",men's clothing,109.94999694824219,3.9000000953674316,google,-1,Envoyer coupon -20%,not worth the price
88c71148,16,search,Mens Casual Premium Slim Fit T-Shirts ,men's clothing,22.299999237060547,4.099999904632568,pub,1,Continuer navigation,great value for money
bdb2a745,41,search,Mens Cotton Jacket,men's clothing,55.9900016784668,4.699999809265137,email,1,Continuer navigation,awesome product
97d57e4d,182,purchase,Mens Casual Slim Fit,men's clothing,15.989999771118164,2.0999999046325684,reseaux_sociaux,5,Suggerer produits similaires,great value for money
d4a47095,94,purchase,John Hardy Women's Legends Naga Gold & Silver Dragon Station Chain Bracelet,jewelery,695,4.599999904632568,direct,5,Suggerer produits similaires,highly recommended
6c617ed7,141,abandon,Solid Gold Petite Micropave ,jewelery,168,3.9000000953674316,email,-1,Envoyer coupon -20%,poor quality
f88a4f8a,133,search,White Gold Plated Princess,jewelery,9.989999771118164,3,reseaux_sociaux,1,Continuer navigation,very satisfied
e0f78cb5,7,view,Pierced Owl Rose Gold Plated Stainless Steel Double,jewelery,10.989999771118164,1.899999976158142,pub,1,Continuer navigation,very happy with my purchase
8ac8b51a,10,view,WD 2TB Elements Portable External Hard Drive - USB 3.0 ,electronics,64,3.299999952316284,direct,1,Continuer navigation,very pleased
ed3a9121,146,add_to_cart,SanDisk SSD PLUS 1TB Internal SSD - SATA III 6 Gb/s,electronics,109,2.9000000953674316,reseaux_sociaux,3,Proposer livraison gratuite,highly recommended
2e49b2cc,40,abandon,Silicon Power 256GB SSD 3D NAND A55 SLC Cache Performance Boost SATA III 2.5,electronics,109,4.800000190734863,pub,-1,Envoyer coupon -20%,fast shipping
478359c3,175,add_to_cart,WD 4TB Gaming Drive Works with Playstation 4 Portable External Hard Drive,electronics,114,4.800000190734863,google,3,Proposer livraison gratuite,very pleased
6ebb2e54,135,add_to_cart,Acer SB220Q bi 21.5 inches Full HD (1920 x 1080) IPS Ultra-Thin,electronics,599,2.9000000953674316,google,3,Proposer livraison gratuite,highly recommended
46442061,200,purchase,Samsung 49-Inch CHG90 144Hz Curved Gaming Monitor (LC49HG90DMNXZA) – Super Ultrawide Screen QLED ,electronics,999.989990234375,2.200000047683716,email,5,Suggerer produits similaires,would not buy again
205fcd26,177,add_to_cart,BIYLACLESEN Women's 3-in-1 Snowboard Jacket Winter Coats,women's clothing,56.9900016784668,2.5999999046325684,reseaux_sociaux,3,Proposer livraison gratuite,excellent quality
cf5e974e,95,view,Lock and Love Women's Removable Hooded Faux Leather Moto Biker Jacket,women's clothing,29.950000762939453,2.9000000953674316,pub,1,Continuer navigation,very happy with my purchase
6aaa35f2,90,add_to_cart,Rain Jacket Women Windbreaker Striped Climbing Raincoats,women's clothing,39.9900016784668,3.799999952316284,direct,3,Proposer livraison gratuite,excellent quality
18a8912f,108,view,MBJ Women's Solid Short Sleeve Boat Neck V ,women's clothing,9.850000381469727,4.699999809265137,email,1,Continuer navigation,would buy again
214e2045,116,purchase,Opna Women's Short Sleeve Moisture,women's clothing,7.949999809265137,4.5,email,5,Suggerer produits similaires,very disappointed
486b91fd,56,purchase,DANVOUY Womens T Shirt Casual Cotton Short,women's clothing,12.989999771118164,3.5999999046325684,email,5,Suggerer produits similaires,very dissatisfied
0e8337c5,1,search,"Fjallraven - Foldsack No. 1 Backpack, Fits 15 Laptops",men's clothing,109.94999694824219,3.9000000953674316,google,1,Continuer navigation,excellent quality
65036deb,164,search,Mens Casual Premium Slim Fit T-Shirts ,men's clothing,22.299999237060547,4.099999904632568,google,1,Continuer navigation,excellent quality
b17406fc,180,search,Mens Cotton Jacket,men's clothing,55.9900016784668,4.699999809265137,email,1,Continuer navigation,poor quality
e548b63d,22,abandon,Mens Casual Slim Fit,men's clothing,15.989999771118164,2.0999999046325684,direct,-1,Envoyer coupon -20%,would not recommend
8fc1c988,80,add_to_cart,John Hardy Women's Legends Naga Gold & Silver Dragon Station Chain Bracelet,jewelery,695,4.599999904632568,pub,3,Proposer livraison gratuite,poor quality
525d2bf3,194,view,Solid Gold Petite Micropave ,jewelery,168,3.9000000953674316,pub,1,Continuer navigation,poor quality
bea3dfc3,137,purchase,White Gold Plated Princess,jewelery,9.989999771118164,3,google,5,Suggerer produits similaires,great product
6e5f58c2,119,purchase,Pierced Owl Rose Gold Plated Stainless Steel Double,jewelery,10.989999771118164,1.899999976158142,google,5,Suggerer produits similaires,great value for money
5da0849a,200,view,WD 2TB Elements Portable External Hard Drive - USB 3.0 ,electronics,64,3.299999952316284,google,1,Continuer navigation,highly impressed
4a116464,119,add_to_cart,SanDisk SSD PLUS 1TB Internal SSD - SATA III 6 Gb/s,electronics,109,2.9000000953674316,pub,3,Proposer livraison gratuite,very happy with my purchase
65815ecc,151,add_to_cart,Silicon Power 256GB SSD 3D NAND A55 SLC Cache Performance Boost SATA III 2.5,electronics,109,4.800000190734863,direct,3,Proposer livraison gratuite,not worth the price
cfda8b13,7,add_to_cart,WD 4TB Gaming Drive Works with Playstation 4 Portable External Hard Drive,electronics,114,4.800000190734863,direct,3,Proposer livraison gratuite,excellent quality
2a32de27,55,purchase,Acer SB220Q bi 21.5 inches Full HD (1920 x 1080) IPS Ultra-Thin,electronics,599,2.9000000953674316,pub,5,Suggerer produits similaires,very happy with my purchase
4c14755c,90,search,Samsung 49-Inch CHG90 144Hz Curved Gaming Monitor (LC49HG90DMNXZA) – Super Ultrawide Screen QLED ,electronics,999.989990234375,2.200000047683716,google,1,Continuer navigation,would buy again
7da7d5d5,140,search,BIYLACLESEN Women's 3-in-1 Snowboard Jacket Winter Coats,women's clothing,56.9900016784668,2.5999999046325684,email,1,Continuer navigation,excellent quality
0276d4d9,99,purchase,Lock and Love Women's Removable Hooded Faux Leather Moto Biker Jacket,women's clothing,29.950000762939453,2.9000000953674316,reseaux_sociaux,5,Suggerer produits similaires,very satisfied
56262136,144,add_to_cart,Rain Jacket Women Windbreaker Striped Climbing Raincoats,women's clothing,39.9900016784668,3.799999952316284,email,3,Proposer livraison gratuite,would not recommend
af5c1746,170,purchase,MBJ Women's Solid Short Sleeve Boat Neck V ,women's clothing,9.850000381469727,4.699999809265137,direct,5,Suggerer produits similaires,highly impressed
a921f588,162,abandon,Opna Women's Short Sleeve Moisture,women's clothing,7.949999809265137,4.5,direct,-1,Envoyer coupon -20%,waste of money
74e99e5d,15,view,DANVOUY Womens T Shirt Casual Cotton Short,women's clothing,12.989999771118164,3.5999999046325684,direct,1,Continuer navigation,very disappointed
b54720a5,90,abandon,"Fjallraven - Foldsack No. 1 Backpack, Fits 15 Laptops",men's clothing,109.94999694824219,3.9000000953674316,google,-1,Envoyer coupon -20%,excellent quality
40777a08,112,add_to_cart,Mens Casual Premium Slim Fit T-Shirts ,men's clothing,22.299999237060547,4.099999904632568,reseaux_sociaux,3,Proposer livraison gratuite,would not recommend
82e29582,162,view,Mens Cotton Jacket,men's clothing,55.9900016784668,4.699999809265137,email,1,Continuer navigation,very disappointed
369bbf6f,52,add_to_cart,Mens Casual Slim Fit,men's clothing,15.989999771118164,2.0999999046325684,reseaux_sociaux,3,Proposer livraison gratuite,would buy again
3e0b4900,56,add_to_cart,John Hardy Women's Legends Naga Gold & Silver Dragon Station Chain Bracelet,jewelery,695,4.599999904632568,reseaux_sociaux,3,Proposer livraison gratuite,great product
33c67818,71,add_to_cart,Solid Gold Petite Micropave ,jewelery,168,3.9000000953674316,reseaux_sociaux,3,Proposer livraison gratuite,very disappointed
cfcc5462,113,abandon,White Gold Plated Princess,jewelery,9.989999771118164,3,google,-1,Envoyer coupon -20%,would buy again
ba698329,21,abandon,Pierced Owl Rose Gold Plated Stainless Steel Double,jewelery,10.989999771118164,1.899999976158142,reseaux_sociaux,-1,Envoyer coupon -20%,awesome product
f11974d2,47,search,WD 2TB Elements Portable External Hard Drive - USB 3.0 ,electronics,64,3.299999952316284,email,1,Continuer navigation,excellent quality
9063f89b,119,search,SanDisk SSD PLUS 1TB Internal SSD - SATA III 6 Gb/s,electronics,109,2.9000000953674316,reseaux_sociaux,1,Continuer navigation,very satisfied
e98574a4,180,abandon,Silicon Power 256GB SSD 3D NAND A55 SLC Cache Performance Boost SATA III 2.5,electronics,109,4.800000190734863,direct,-1,Envoyer coupon -20%,very satisfied
b3ef9b20,34,abandon,WD 4TB Gaming Drive Works with Playstation 4 Portable External Hard Drive,electronics,114,4.800000190734863,reseaux_sociaux,-1,Envoyer coupon -20%,would buy again
88f91006,140,abandon,Acer SB220Q bi 21.5 inches Full HD (1920 x 1080) IPS Ultra-Thin,electronics,599,2.9000000953674316,reseaux_sociaux,-1,Envoyer coupon -20%,great product
7086e7ae,176,abandon,Samsung 49-Inch CHG90 144Hz Curved Gaming Monitor (LC49HG90DMNXZA) – Super Ultrawide Screen QLED ,electronics,999.989990234375,2.200000047683716,pub,-1,Envoyer coupon -20%,very unhappy with my purchase
b3962328,123,purchase,BIYLACLESEN Women's 3-in-1 Snowboard Jacket Winter Coats,women's clothing,56.9900016784668,2.5999999046325684,direct,5,Suggerer produits similaires,very pleased
db7a11f7,105,search,Lock and Love Women's Removable Hooded Faux Leather Moto Biker Jacket,women's clothing,29.950000762939453,2.9000000953674316,pub,1,Continuer navigation,excellent quality
557adaaf,136,abandon,Rain Jacket Women Windbreaker Striped Climbing Raincoats,women's clothing,39.9900016784668,3.799999952316284,reseaux_sociaux,-1,Envoyer coupon -20%,poor quality
6625f60c,52,search,MBJ Women's Solid Short Sleeve Boat Neck V ,women's clothing,9.850000381469727,4.699999809265137,google,1,Continuer navigation,would buy again
a5d96f83,59,purchase,Opna Women's Short Sleeve Moisture,women's clothing,7.949999809265137,4.5,google,5,Suggerer produits similaires,very dissatisfied
7f03ee13,145,search,DANVOUY Womens T Shirt Casual Cotton Short,women's clothing,12.989999771118164,3.5999999046325684,email,1,Continuer navigation,fast shipping
9d790270,124,add_to_cart,"Fjallraven - Foldsack No. 1 Backpack, Fits 15 Laptops",men's clothing,109.94999694824219,3.9000000953674316,email,3,Proposer livraison gratuite,great value for money
65882db4,11,purchase,Mens Casual Premium Slim Fit T-Shirts ,men's clothing,22.299999237060547,4.099999904632568,reseaux_sociaux,5,Suggerer produits similaires,great product
bbeff676,200,add_to_cart,Mens Cotton Jacket,men's clothing,55.9900016784668,4.699999809265137,google,3,Proposer livraison gratuite,great value for money
a9d653b4,194,abandon,Mens Casual Slim Fit,men's clothing,15.989999771118164,2.0999999046325684,pub,-1,Envoyer coupon -20%,very happy with my purchase
3960987e,50,purchase,John Hardy Women's Legends Naga Gold & Silver Dragon Station Chain Bracelet,jewelery,695,4.599999904632568,direct,5,Suggerer produits similaires,would buy again
3714d19b,33,purchase,Solid Gold Petite Micropave ,jewelery,168,3.9000000953674316,direct,5,Suggerer produits similaires,would not buy again
50585325,1,abandon,White Gold Plated Princess,jewelery,9.989999771118164,3,google,-1,Envoyer coupon -20%,would not recommend
1324c925,53,abandon,Pierced Owl Rose Gold Plated Stainless Steel Double,jewelery,10.989999771118164,1.899999976158142,email,-1,Envoyer coupon -20%,very disappointed
9c2fa109,142,view,WD 2TB Elements Portable External Hard Drive - USB 3.0 ,electronics,64,3.299999952316284,reseaux_sociaux,1,Continuer navigation,would not recommend
6358bc93,13,search,SanDisk SSD PLUS 1TB Internal SSD - SATA III 6 Gb/s,electronics,109,2.9000000953674316,reseaux_sociaux,1,Continuer navigation,great value for money
f7042ba8,150,search,Silicon Power 256GB SSD 3D NAND A55 SLC Cache Performance Boost SATA III 2.5,electronics,109,4.800000190734863,reseaux_sociaux,1,Continuer navigation,would not recommend
b867fd93,27,add_to_cart,WD 4TB Gaming Drive Works with Playstation 4 Portable External Hard Drive,electronics,114,4.800000190734863,google,3,Proposer livraison gratuite,great product
1116de8a,171,search,Acer SB220Q bi 21.5 inches Full HD (1920 x 1080) IPS Ultra-Thin,electronics,599,2.9000000953674316,email,1,Continuer navigation,great product
3798cf29,138,abandon,Samsung 49-Inch CHG90 144Hz Curved Gaming Monitor (LC49HG90DMNXZA) – Super Ultrawide Screen QLED ,electronics,999.989990234375,2.200000047683716,reseaux_sociaux,-1,Envoyer coupon -20%,would buy again
cc151af2,76,abandon,BIYLACLESEN Women's 3-in-1 Snowboard Jacket Winter Coats,women's clothing,56.9900016784668,2.5999999046325684,email,-1,Envoyer coupon -20%,fast shipping
5925fcbc,169,view,Lock and Love Women's Removable Hooded Faux Leather Moto Biker Jacket,women's clothing,29.950000762939453,2.9000000953674316,google,1,Continuer navigation,very pleased
9cdbb3e2,152,add_to_cart,Rain Jacket Women Windbreaker Striped Climbing Raincoats,women's clothing,39.9900016784668,3.799999952316284,reseaux_sociaux,3,Proposer livraison gratuite,awesome product
f813a821,153,search,MBJ Women's Solid Short Sleeve Boat Neck V ,women's clothing,9.850000381469727,4.699999809265137,pub,1,Continuer navigation,highly impressed
629fed15,116,search,Opna Women's Short Sleeve Moisture,women's clothing,7.949999809265137,4.5,pub,1,Continuer navigation,very satisfied
f076f1d2,147,add_to_cart,DANVOUY Womens T Shirt Casual Cotton Short,women's clothing,12.989999771118164,3.5999999046325684,reseaux_sociaux,3,Proposer livraison gratuite,great product
be2f0fe2,176,purchase,"Fjallraven - Foldsack No. 1 Backpack, Fits 15 Laptops",men's clothing,109.94999694824219,3.9000000953674316,pub,5,Suggerer produits similaires,very disappointed
8216e600,193,view,Mens Casual Premium Slim Fit T-Shirts ,men's clothing,22.299999237060547,4.099999904632568,google,1,Continuer navigation,very happy with my purchase
712ba1a6,9,purchase,Mens Cotton Jacket,men's clothing,55.9900016784668,4.699999809265137,direct,5,Suggerer produits similaires,would not buy again
49445ad9,164,purchase,Mens Casual Slim Fit,men's clothing,15.989999771118164,2.0999999046325684,email,5,Suggerer produits similaires,very dissatisfied
3f9f874f,36,view,John Hardy Women's Legends Naga Gold & Silver Dragon Station Chain Bracelet,jewelery,695,4.599999904632568,direct,1,Continuer navigation,awesome product
2d04efe6,123,abandon,Solid Gold Petite Micropave ,jewelery,168,3.9000000953674316,email,-1,Envoyer coupon -20%,highly recommended
d37743b7,161,abandon,White Gold Plated Princess,jewelery,9.989999771118164,3,email,-1,Envoyer coupon -20%,excellent quality
843027f6,114,abandon,Pierced Owl Rose Gold Plated Stainless Steel Double,jewelery,10.989999771118164,1.899999976158142,reseaux_sociaux,-1,Envoyer coupon -20%,fast shipping
65387157,19,view,WD 2TB Elements Portable External Hard Drive - USB 3.0 ,electronics,64,3.299999952316284,direct,1,Continuer navigation,highly impressed
6f55b610,125,search,SanDisk SSD PLUS 1TB Internal SSD - SATA III 6 Gb/s,electronics,109,2.9000000953674316,pub,1,Continuer navigation,fast shipping
37e22f14,26,add_to_cart,Silicon Power 256GB SSD 3D NAND A55 SLC Cache Performance Boost SATA III 2.5,electronics,109,4.800000190734863,pub,3,Proposer livraison gratuite,awesome product
db1787fd,53,view,WD 4TB Gaming Drive Works with Playstation 4 Portable External Hard Drive,electronics,114,4.800000190734863,google,1,Continuer navigation,would buy again
6b4f58a8,174,abandon,Acer SB220Q bi 21.5 inches Full HD (1920 x 1080) IPS Ultra-Thin,electronics,599,2.9000000953674316,pub,-1,Envoyer coupon -20%,waste of money
32048df5,89,view,Samsung 49-Inch CHG90 144Hz Curved Gaming Monitor (LC49HG90DMNXZA) – Super Ultrawide Screen QLED ,electronics,999.989990234375,2.200000047683716,direct,1,Continuer navigation,would buy again
f4b142c2,200,add_to_cart,BIYLACLESEN Women's 3-in-1 Snowboard Jacket Winter Coats,women's clothing,56.9900016784668,2.5999999046325684,direct,3,Proposer livraison gratuite,great product
caf538fb,53,view,Lock and Love Women's Removable Hooded Faux Leather Moto Biker Jacket,women's clothing,29.950000762939453,2.9000000953674316,pub,1,Continuer navigation,highly impressed
5f06ef4f,181,add_to_cart,Rain Jacket Women Windbreaker Striped Climbing Raincoats,women's clothing,39.9900016784668,3.799999952316284,google,3,Proposer livraison gratuite,would not recommend
5ea2a968,23,add_to_cart,MBJ Women's Solid Short Sleeve Boat Neck V ,women's clothing,9.850000381469727,4.699999809265137,email,3,Proposer livraison gratuite,great value for money
d860459b,199,search,Opna Women's Short Sleeve Moisture,women's clothing,7.949999809265137,4.5,email,1,Continuer navigation,great product
603db4b9,84,abandon,DANVOUY Womens T Shirt Casual Cotton Short,women's clothing,12.989999771118164,3.5999999046325684,email,-1,Envoyer coupon -20%,great product
579288fc,46,abandon,"Fjallraven - Foldsack No. 1 Backpack, Fits 15 Laptops",men's clothing,109.94999694824219,3.9000000953674316,reseaux_sociaux,-1,Envoyer coupon -20%,highly impressed
376eadc5,166,search,Mens Casual Premium Slim Fit T-Shirts ,men's clothing,22.299999237060547,4.099999904632568,reseaux_sociaux,1,Continuer navigation,awesome product
5bfe55ca,124,view,Mens Cotton Jacket,men's clothing,55.9900016784668,4.699999809265137,google,1,Continuer navigation,very dissatisfied
796d41bc,81,add_to_cart,Mens Casual Slim Fit,men's clothing,15.989999771118164,2.0999999046325684,reseaux_sociaux,3,Proposer livraison gratuite,awesome product
5798c639,112,purchase,John Hardy Women's Legends Naga Gold & Silver Dragon Station Chain Bracelet,jewelery,695,4.599999904632568,reseaux_sociaux,5,Suggerer produits similaires,would not recommend
6fd175f3,67,view,Solid Gold Petite Micropave ,jewelery,168,3.9000000953674316,direct,1,Continuer navigation,awesome product
6ba6b866,148,search,White Gold Plated Princess,jewelery,9.989999771118164,3,email,1,Continuer navigation,great value for money
6f747df6,97,add_to_cart,Pierced Owl Rose Gold Plated Stainless Steel Double,jewelery,10.989999771118164,1.899999976158142,direct,3,Proposer livraison gratuite,awesome product
45f6fb8f,113,purchase,WD 2TB Elements Portable External Hard Drive - USB 3.0 ,electronics,64,3.299999952316284,pub,5,Suggerer produits similaires,excellent quality
5ee3f274,54,abandon,SanDisk SSD PLUS 1TB Internal SSD - SATA III 6 Gb/s,electronics,109,2.9000000953674316,pub,-1,Envoyer coupon -20%,very happy with my purchase
5789bf03,65,search,Silicon Power 256GB SSD 3D NAND A55 SLC Cache Performance Boost SATA III 2.5,electronics,109,4.800000190734863,email,1,Continuer navigation,highly impressed
96e6e283,53,add_to_cart,WD 4TB Gaming Drive Works with Playstation 4 Portable External Hard Drive,electronics,114,4.800000190734863,google,3,Proposer livraison gratuite,would not recommend
d26cb694,111,add_to_cart,Acer SB220Q bi 21.5 inches Full HD (1920 x 1080) IPS Ultra-Thin,electronics,599,2.9000000953674316,email,3,Proposer livraison gratuite,very pleased
92018fff,108,view,Samsung 49-Inch CHG90 144Hz Curved Gaming Monitor (LC49HG90DMNXZA) – Super Ultrawide Screen QLED ,electronics,999.989990234375,2.200000047683716,email,1,Continuer navigation,very disappointed
031b97a9,92,purchase,BIYLACLESEN Women's 3-in-1 Snowboard Jacket Winter Coats,women's clothing,56.9900016784668,2.5999999046325684,reseaux_sociaux,5,Suggerer produits similaires,great value for money
87e74303,98,purchase,Lock and Love Women's Removable Hooded Faux Leather Moto Biker Jacket,women's clothing,29.950000762939453,2.9000000953674316,email,5,Suggerer produits similaires,very dissatisfied
fece6d8f,193,abandon,Rain Jacket Women Windbreaker Striped Climbing Raincoats,women's clothing,39.9900016784668,3.799999952316284,google,-1,Envoyer coupon -20%,not as described
52ecc9e2,166,abandon,MBJ Women's Solid Short Sleeve Boat Neck V ,women's clothing,9.850000381469727,4.699999809265137,direct,-1,Envoyer coupon -20%,great value for money
e218cd75,59,search,Opna Women's Short Sleeve Moisture,women's clothing,7.949999809265137,4.5,reseaux_sociaux,1,Continuer navigation,highly impressed
1e57c6ac,166,add_to_cart,DANVOUY Womens T Shirt Casual Cotton Short,women's clothing,12.989999771118164,3.5999999046325684,google,3,Proposer livraison gratuite,great product
aaabbd9c,86,search,"Fjallraven - Foldsack No. 1 Backpack, Fits 15 Laptops",men's clothing,109.94999694824219,3.9000000953674316,email,1,Continuer navigation,very disappointed
935d0d96,30,purchase,Mens Casual Premium Slim Fit T-Shirts ,men's clothing,22.299999237060547,4.099999904632568,pub,5,Suggerer produits similaires,highly recommended
e3e6df76,14,add_to_cart,Mens Cotton Jacket,men's clothing,55.9900016784668,4.699999809265137,direct,3,Proposer livraison gratuite,fast shipping
e03db327,93,add_to_cart,Mens Casual Slim Fit,men's clothing,15.989999771118164,2.0999999046325684,email,3,Proposer livraison gratuite,highly impressed
e44c9410,49,view,John Hardy Women's Legends Naga Gold & Silver Dragon Station Chain Bracelet,jewelery,695,4.599999904632568,direct,1,Continuer navigation,would not recommend
20c31472,95,search,Solid Gold Petite Micropave ,jewelery,168,3.9000000953674316,pub,1,Continuer navigation,poor quality
12fcdbbf,49,search,White Gold Plated Princess,jewelery,9.989999771118164,3,pub,1,Continuer navigation,great value for money
33d3dac0,66,add_to_cart,Pierced Owl Rose Gold Plated Stainless Steel Double,jewelery,10.989999771118164,1.899999976158142,pub,3,Proposer livraison gratuite,great product
dc52dbe6,103,add_to_cart,WD 2TB Elements Portable External Hard Drive - USB 3.0 ,electronics,64,3.299999952316284,google,3,Proposer livraison gratuite,very unhappy with my purchase
b85ba42e,165,view,SanDisk SSD PLUS 1TB Internal SSD - SATA III 6 Gb/s,electronics,109,2.9000000953674316,pub,1,Continuer navigation,great product
968bb1e3,167,abandon,Silicon Power 256GB SSD 3D NAND A55 SLC Cache Performance Boost SATA III 2.5,electronics,109,4.800000190734863,direct,-1,Envoyer coupon -20%,would buy again
2eb4e653,92,add_to_cart,WD 4TB Gaming Drive Works with Playstation 4 Portable External Hard Drive,electronics,114,4.800000190734863,pub,3,Proposer livraison gratuite,would buy again
50a1b2e0,116,purchase,Acer SB220Q bi 21.5 inches Full HD (1920 x 1080) IPS Ultra-Thin,electronics,599,2.9000000953674316,reseaux_sociaux,5,Suggerer produits similaires,great value for money
f8fca4fa,167,abandon,Samsung 49-Inch CHG90 144Hz Curved Gaming Monitor (LC49HG90DMNXZA) – Super Ultrawide Screen QLED ,electronics,999.989990234375,2.200000047683716,direct,-1,Envoyer coupon -20%,would buy again
57e77fe6,197,view,BIYLACLESEN Women's 3-in-1 Snowboard Jacket Winter Coats,women's clothing,56.9900016784668,2.5999999046325684,direct,1,Continuer navigation,waste of money
554067a7,50,view,Lock and Love Women's Removable Hooded Faux Leather Moto Biker Jacket,women's clothing,29.950000762939453,2.9000000953674316,direct,1,Continuer navigation,very disappointed
0d4a6fdb,28,purchase,Rain Jacket Women Windbreaker Striped Climbing Raincoats,women's clothing,39.9900016784668,3.799999952316284,pub,5,Suggerer produits similaires,excellent quality
cc16d342,189,purchase,MBJ Women's Solid Short Sleeve Boat Neck V ,women's clothing,9.850000381469727,4.699999809265137,direct,5,Suggerer produits similaires,awesome product
f84e3cb5,27,add_to_cart,Opna Women's Short Sleeve Moisture,women's clothing,7.949999809265137,4.5,email,3,Proposer livraison gratuite,great product
ef0123f5,183,view,DANVOUY Womens T Shirt Casual Cotton Short,women's clothing,12.989999771118164,3.5999999046325684,reseaux_sociaux,1,Continuer navigation,excellent quality
3c598ba2,104,search,"Fjallraven - Foldsack No. 1 Backpack, Fits 15 Laptops",men's clothing,109.94999694824219,3.9000000953674316,email,1,Continuer navigation,would not buy again
833b4640,56,add_to_cart,Mens Casual Premium Slim Fit T-Shirts ,men's clothing,22.299999237060547,4.099999904632568,pub,3,Proposer livraison gratuite,very disappointed
f9e6d27d,146,view,Mens Cotton Jacket,men's clothing,55.9900016784668,4.699999809265137,email,1,Continuer navigation,awesome product
1ae7daa3,25,purchase,Mens Casual Slim Fit,men's clothing,15.989999771118164,2.0999999046325684,pub,5,Suggerer produits similaires,poor quality
996bc173,49,search,John Hardy Women's Legends Naga Gold & Silver Dragon Station Chain Bracelet,jewelery,695,4.599999904632568,reseaux_sociaux,1,Continuer navigation,highly recommended
cab35572,161,purchase,Solid Gold Petite Micropave ,jewelery,168,3.9000000953674316,google,5,Suggerer produits similaires,highly impressed
74a50a5a,136,search,White Gold Plated Princess,jewelery,9.989999771118164,3,pub,1,Continuer navigation,highly impressed
5eec37ce,149,add_to_cart,Pierced Owl Rose Gold Plated Stainless Steel Double,jewelery,10.989999771118164,1.899999976158142,email,3,Proposer livraison gratuite,very disappointed
c783f078,112,view,WD 2TB Elements Portable External Hard Drive - USB 3.0 ,electronics,64,3.299999952316284,pub,1,Continuer navigation,excellent quality
9a3e4169,124,purchase,SanDisk SSD PLUS 1TB Internal SSD - SATA III 6 Gb/s,electronics,109,2.9000000953674316,email,5,Suggerer produits similaires,awesome product
345e23fc,87,search,Silicon Power 256GB SSD 3D NAND A55 SLC Cache Performance Boost SATA III 2.5,electronics,109,4.800000190734863,direct,1,Continuer navigation,waste of money
85870605,91,add_to_cart,WD 4TB Gaming Drive Works with Playstation 4 Portable External Hard Drive,electronics,114,4.800000190734863,email,3,Proposer livraison gratuite,highly impressed
ddfe64b2,123,add_to_cart,Acer SB220Q bi 21.5 inches Full HD (1920 x 1080) IPS Ultra-Thin,electronics,599,2.9000000953674316,google,3,Proposer livraison gratuite,poor quality
a65d92c1,42,abandon,Samsung 49-Inch CHG90 144Hz Curved Gaming Monitor (LC49HG90DMNXZA) – Super Ultrawide Screen QLED ,electronics,999.989990234375,2.200000047683716,email,-1,Envoyer coupon -20%,would buy again
3dd16fb1,87,view,BIYLACLESEN Women's 3-in-1 Snowboard Jacket Winter Coats,women's clothing,56.9900016784668,2.5999999046325684,email,1,Continuer navigation,highly impressed
10ad2ce7,141,purchase,Lock and Love Women's Removable Hooded Faux Leather Moto Biker Jacket,women's clothing,29.950000762939453,2.9000000953674316,reseaux_sociaux,5,Suggerer produits similaires,fast shipping
1ccbcd08,193,view,Rain Jacket Women Windbreaker Striped Climbing Raincoats,women's clothing,39.9900016784668,3.799999952316284,email,1,Continuer navigation,great product
ec8b0ed8,91,purchase,MBJ Women's Solid Short Sleeve Boat Neck V ,women's clothing,9.850000381469727,4.699999809265137,pub,5,Suggerer produits similaires,great product
48532ab3,1,abandon,Opna Women's Short Sleeve Moisture,women's clothing,7.949999809265137,4.5,email,-1,Envoyer coupon -20%,very disappointed
f24002d1,13,view,DANVOUY Womens T Shirt Casual Cotton Short,women's clothing,12.989999771118164,3.5999999046325684,reseaux_sociaux,1,Continuer navigation,very pleased
90ae27fd,163,add_to_cart,"Fjallraven - Foldsack No. 1 Backpack, Fits 15 Laptops",men's clothing,109.94999694824219,3.9000000953674316,reseaux_sociaux,3,Proposer livraison gratuite,awesome product
7e7b7215,87,abandon,Mens Casual Premium Slim Fit T-Shirts ,men's clothing,22.299999237060547,4.099999904632568,direct,-1,Envoyer coupon -20%,very dissatisfied
949c517d,140,add_to_cart,Mens Cotton Jacket,men's clothing,55.9900016784668,4.699999809265137,direct,3,Proposer livraison gratuite,great product
00b2a7a0,130,search,Mens Casual Slim Fit,men's clothing,15.989999771118164,2.0999999046325684,pub,1,Continuer navigation,very happy with my purchase
eed38f65,4,purchase,John Hardy Women's Legends Naga Gold & Silver Dragon Station Chain Bracelet,jewelery,695,4.599999904632568,direct,5,Suggerer produits similaires,highly impressed
10e48859,146,view,Solid Gold Petite Micropave ,jewelery,168,3.9000000953674316,google,1,Continuer navigation,great value for money
e7f0a902,35,abandon,White Gold Plated Princess,jewelery,9.989999771118164,3,email,-1,Envoyer coupon -20%,great value for money
db3cea10,189,abandon,Pierced Owl Rose Gold Plated Stainless Steel Double,jewelery,10.989999771118164,1.899999976158142,pub,-1,Envoyer coupon -20%,fast shipping
c8416b3d,120,purchase,WD 2TB Elements Portable External Hard Drive - USB 3.0 ,electronics,64,3.299999952316284,reseaux_sociaux,5,Suggerer produits similaires,great product
b9717fb1,63,abandon,SanDisk SSD PLUS 1TB Internal SSD - SATA III 6 Gb/s,electronics,109,2.9000000953674316,email,-1,Envoyer coupon -20%,fast shipping
90531ce9,17,view,Silicon Power 256GB SSD 3D NAND A55 SLC Cache Performance Boost SATA III 2.5,electronics,109,4.800000190734863,direct,1,Continuer navigation,awesome product
654cad89,175,search,WD 4TB Gaming Drive Works with Playstation 4 Portable External Hard Drive,electronics,114,4.800000190734863,reseaux_sociaux,1,Continuer navigation,poor quality
5bb909aa,52,view,Acer SB220Q bi 21.5 inches Full HD (1920 x 1080) IPS Ultra-Thin,electronics,599,2.9000000953674316,email,1,Continuer navigation,excellent quality
b8da7157,63,add_to_cart,Samsung 49-Inch CHG90 144Hz Curved Gaming Monitor (LC49HG90DMNXZA) – Super Ultrawide Screen QLED ,electronics,999.989990234375,2.200000047683716,google,3,Proposer livraison gratuite,excellent quality
e237b372,140,view,BIYLACLESEN Women's 3-in-1 Snowboard Jacket Winter Coats,women's clothing,56.9900016784668,2.5999999046325684,reseaux_sociaux,1,Continuer navigation,fast shipping
60bf1d3d,100,search,Lock and Love Women's Removable Hooded Faux Leather Moto Biker Jacket,women's clothing,29.950000762939453,2.9000000953674316,pub,1,Continuer navigation,not as described
2c3ebb35,32,search,Rain Jacket Women Windbreaker Striped Climbing Raincoats,women's clothing,39.9900016784668,3.799999952316284,email,1,Continuer navigation,fast shipping
93059877,113,view,MBJ Women's Solid Short Sleeve Boat Neck V ,women's clothing,9.850000381469727,4.699999809265137,pub,1,Continuer navigation,great product
57060ea5,57,view,Opna Women's Short Sleeve Moisture,women's clothing,7.949999809265137,4.5,google,1,Continuer navigation,highly impressed
7ce19edd,187,add_to_cart,DANVOUY Womens T Shirt Casual Cotton Short,women's clothing,12.989999771118164,3.5999999046325684,reseaux_sociaux,3,Proposer livraison gratuite,would not recommend
6317496c,37,view,"Fjallraven - Foldsack No. 1 Backpack, Fits 15 Laptops",men's clothing,109.94999694824219,3.9000000953674316,pub,1,Continuer navigation,great product
b1d0229e,1,purchase,Mens Casual Premium Slim Fit T-Shirts ,men's clothing,22.299999237060547,4.099999904632568,reseaux_sociaux,5,Suggerer produits similaires,fast shipping
02e9de0a,108,search,Mens Cotton Jacket,men's clothing,55.9900016784668,4.699999809265137,direct,1,Continuer navigation,would not recommend
9e50bb8a,69,abandon,Mens Casual Slim Fit,men's clothing,15.989999771118164,2.0999999046325684,email,-1,Envoyer coupon -20%,poor quality
a7202e10,174,search,John Hardy Women's Legends Naga Gold & Silver Dragon Station Chain Bracelet,jewelery,695,4.599999904632568,pub,1,Continuer navigation,would not recommend
06eec95b,188,view,Solid Gold Petite Micropave ,jewelery,168,3.9000000953674316,direct,1,Continuer navigation,fast shipping
a4000344,199,purchase,White Gold Plated Princess,jewelery,9.989999771118164,3,email,5,Suggerer produits similaires,not as described
a26f8841,178,search,Pierced Owl Rose Gold Plated Stainless Steel Double,jewelery,10.989999771118164,1.899999976158142,reseaux_sociaux,1,Continuer navigation,would not recommend
efcaefad,60,view,WD 2TB Elements Portable External Hard Drive - USB 3.0 ,electronics,64,3.299999952316284,pub,1,Continuer navigation,great product
2f3e203a,94,abandon,SanDisk SSD PLUS 1TB Internal SSD - SATA III 6 Gb/s,electronics,109,2.9000000953674316,direct,-1,Envoyer coupon -20%,very happy with my purchase
312a4f71,158,search,Silicon Power 256GB SSD 3D NAND A55 SLC Cache Performance Boost SATA III 2.5,electronics,109,4.800000190734863,google,1,Continuer navigation,highly impressed
65519abc,71,search,WD 4TB Gaming Drive Works with Playstation 4 Portable External Hard Drive,electronics,114,4.800000190734863,google,1,Continuer navigation,poor quality
42bba493,35,search,Acer SB220Q bi 21.5 inches Full HD (1920 x 1080) IPS Ultra-Thin,electronics,599,2.9000000953674316,pub,1,Continuer navigation,would buy again
7fe307e6,86,purchase,Samsung 49-Inch CHG90 144Hz Curved Gaming Monitor (LC49HG90DMNXZA) – Super Ultrawide Screen QLED ,electronics,999.989990234375,2.200000047683716,direct,5,Suggerer produits similaires,highly recommended
687787e8,67,search,BIYLACLESEN Women's 3-in-1 Snowboard Jacket Winter Coats,women's clothing,56.9900016784668,2.5999999046325684,pub,1,Continuer navigation,would buy again
ab3e5b76,180,view,Lock and Love Women's Removable Hooded Faux Leather Moto Biker Jacket,women's clothing,29.950000762939453,2.9000000953674316,direct,1,Continuer navigation,fast shipping
c424a41c,162,view,Rain Jacket Women Windbreaker Striped Climbing Raincoats,women's clothing,39.9900016784668,3.799999952316284,email,1,Continuer navigation,awesome product
930ee2ab,24,view,MBJ Women's Solid Short Sleeve Boat Neck V ,women's clothing,9.850000381469727,4.699999809265137,direct,1,Continuer navigation,poor quality
75d1cd26,76,add_to_cart,Opna Women's Short Sleeve Moisture,women's clothing,7.949999809265137,4.5,pub,3,Proposer livraison gratuite,very pleased
27e79f36,166,add_to_cart,DANVOUY Womens T Shirt Casual Cotton Short,women's clothing,12.989999771118164,3.5999999046325684,google,3,Proposer livraison gratuite,very disappointed
112c1c43,160,search,"Fjallraven - Foldsack No. 1 Backpack, Fits 15 Laptops",men's clothing,109.94999694824219,3.9000000953674316,reseaux_sociaux,1,Continuer navigation,waste of money
234ee04e,39,purchase,Mens Casual Premium Slim Fit T-Shirts ,men's clothing,22.299999237060547,4.099999904632568,reseaux_sociaux,5,Suggerer produits similaires,great value for money
f6fb5d88,5,view,Mens Cotton Jacket,men's clothing,55.9900016784668,4.699999809265137,direct,1,Continuer navigation,very satisfied
155cb3b1,120,purchase,Mens Casual Slim Fit,men's clothing,15.989999771118164,2.0999999046325684,email,5,Suggerer produits similaires,highly impressed
c3d8cc99,10,purchase,John Hardy Women's Legends Naga Gold & Silver Dragon Station Chain Bracelet,jewelery,695,4.599999904632568,email,5,Suggerer produits similaires,very dissatisfied
e740fa46,178,search,Solid Gold Petite Micropave ,jewelery,168,3.9000000953674316,email,1,Continuer navigation,disappointing product
7c0b2f26,159,abandon,White Gold Plated Princess,jewelery,9.989999771118164,3,google,-1,Envoyer coupon -20%,very dissatisfied
39949a1d,162,add_to_cart,Pierced Owl Rose Gold Plated Stainless Steel Double,jewelery,10.989999771118164,1.899999976158142,direct,3,Proposer livraison gratuite,very happy with my purchase
093df284,38,search,WD 2TB Elements Portable External Hard Drive - USB 3.0 ,electronics,64,3.299999952316284,pub,1,Continuer navigation,very satisfied
fed21e91,81,purchase,SanDisk SSD PLUS 1TB Internal SSD - SATA III 6 Gb/s,electronics,109,2.9000000953674316,reseaux_sociaux,5,Suggerer produits similaires,very unhappy with my purchase
f631490e,73,add_to_cart,Silicon Power 256GB SSD 3D NAND A55 SLC Cache Performance Boost SATA III 2.5,electronics,109,4.800000190734863,email,3,Proposer livraison gratuite,excellent quality
7ec7ce59,43,abandon,WD 4TB Gaming Drive Works with Playstation 4 Portable External Hard Drive,electronics,114,4.800000190734863,email,-1,Envoyer coupon -20%,highly impressed
d42bfabc,127,add_to_cart,Acer SB220Q bi 21.5 inches Full HD (1920 x 1080) IPS Ultra-Thin,electronics,599,2.9000000953674316,google,3,Proposer livraison gratuite,very disappointed
ea12740a,54,view,Samsung 49-Inch CHG90 144Hz Curved Gaming Monitor (LC49HG90DMNXZA) – Super Ultrawide Screen QLED ,electronics,999.989990234375,2.200000047683716,google,1,Continuer navigation,very disappointed
16469e2a,174,add_to_cart,BIYLACLESEN Women's 3-in-1 Snowboard Jacket Winter Coats,women's clothing,56.9900016784668,2.5999999046325684,pub,3,Proposer livraison gratuite,would buy again
82c0033e,79,abandon,Lock and Love Women's Removable Hooded Faux Leather Moto Biker Jacket,women's clothing,29.950000762939453,2.9000000953674316,direct,-1,Envoyer coupon -20%,highly recommended
718c8619,2,purchase,Rain Jacket Women Windbreaker Striped Climbing Raincoats,women's clothing,39.9900016784668,3.799999952316284,reseaux_sociaux,5,Suggerer produits similaires,very unhappy with my purchase
ed9d7768,98,abandon,MBJ Women's Solid Short Sleeve Boat Neck V ,women's clothing,9.850000381469727,4.699999809265137,direct,-1,Envoyer coupon -20%,very disappointed
e984736d,47,view,Opna Women's Short Sleeve Moisture,women's clothing,7.949999809265137,4.5,direct,1,Continuer navigation,would not recommend
a51852c1,38,abandon,DANVOUY Womens T Shirt Casual Cotton Short,women's clothing,12.989999771118164,3.5999999046325684,reseaux_sociaux,-1,Envoyer coupon -20%,great product
b8a7bf36,173,view,"Fjallraven - Foldsack No. 1 Backpack, Fits 15 Laptops",men's clothing,109.94999694824219,3.9000000953674316,direct,1,Continuer navigation,very happy with my purchase
50c5c46f,4,add_to_cart,Mens Casual Premium Slim Fit T-Shirts ,men's clothing,22.299999237060547,4.099999904632568,email,3,Proposer livraison gratuite,would buy again
d5330aae,83,add_to_cart,Mens Cotton Jacket,men's clothing,55.9900016784668,4.699999809265137,direct,3,Proposer livraison gratuite,excellent quality
c2fb2f11,87,add_to_cart,Mens Casual Slim Fit,men's clothing,15.989999771118164,2.0999999046325684,reseaux_sociaux,3,Proposer livraison gratuite,would buy again
129a22d4,131,search,John Hardy Women's Legends Naga Gold & Silver Dragon Station Chain Bracelet,jewelery,695,4.599999904632568,pub,1,Continuer navigation,waste of money
a68f8b63,165,purchase,Solid Gold Petite Micropave ,jewelery,168,3.9000000953674316,reseaux_sociaux,5,Suggerer produits similaires,very happy with my purchase
f03e89be,185,abandon,White Gold Plated Princess,jewelery,9.989999771118164,3,pub,-1,Envoyer coupon -20%,excellent quality
19d9202c,185,purchase,Pierced Owl Rose Gold Plated Stainless Steel Double,jewelery,10.989999771118164,1.899999976158142,direct,5,Suggerer produits similaires,great product
c5bc2467,10,add_to_cart,WD 2TB Elements Portable External Hard Drive - USB 3.0 ,electronics,64,3.299999952316284,pub,3,Proposer livraison gratuite,very unhappy with my purchase
c5e9e65f,7,purchase,SanDisk SSD PLUS 1TB Internal SSD - SATA III 6 Gb/s,electronics,109,2.9000000953674316,pub,5,Suggerer produits similaires,fast shipping
29ad71b2,24,purchase,Silicon Power 256GB SSD 3D NAND A55 SLC Cache Performance Boost SATA III 2.5,electronics,109,4.800000190734863,google,5,Suggerer produits similaires,great value for money
38da3cce,188,purchase,WD 4TB Gaming Drive Works with Playstation 4 Portable External Hard Drive,electronics,114,4.800000190734863,pub,5,Suggerer produits similaires,poor quality
83423dd1,31,abandon,Acer SB220Q bi 21.5 inches Full HD (1920 x 1080) IPS Ultra-Thin,electronics,599,2.9000000953674316,email,-1,Envoyer coupon -20%,great value for money
a5872eaa,62,purchase,Samsung 49-Inch CHG90 144Hz Curved Gaming Monitor (LC49HG90DMNXZA) – Super Ultrawide Screen QLED ,electronics,999.989990234375,2.200000047683716,direct,5,Suggerer produits similaires,fast shipping
f641a0b3,158,search,BIYLACLESEN Women's 3-in-1 Snowboard Jacket Winter Coats,women's clothing,56.9900016784668,2.5999999046325684,email,1,Continuer navigation,very happy with my purchase
3dff3852,146,search,Lock and Love Women's Removable Hooded Faux Leather Moto Biker Jacket,women's clothing,29.950000762939453,2.9000000953674316,email,1,Continuer navigation,poor quality
dc985eb5,130,add_to_cart,Rain Jacket Women Windbreaker Striped Climbing Raincoats,women's clothing,39.9900016784668,3.799999952316284,reseaux_sociaux,3,Proposer livraison gratuite,fast shipping
0b6bed85,112,abandon,MBJ Women's Solid Short Sleeve Boat Neck V ,women's clothing,9.850000381469727,4.699999809265137,reseaux_sociaux,-1,Envoyer coupon -20%,disappointing product
cb70ee13,144,abandon,Opna Women's Short Sleeve Moisture,women's clothing,7.949999809265137,4.5,reseaux_sociaux,-1,Envoyer coupon -20%,very disappointed
dda7c3a6,144,view,DANVOUY Womens T Shirt Casual Cotton Short,women's clothing,12.989999771118164,3.5999999046325684,pub,1,Continuer navigation,great product
a3e6079b,173,abandon,"Fjallraven - Foldsack No. 1 Backpack, Fits 15 Laptops",men's clothing,109.94999694824219,3.9000000953674316,direct,-1,Envoyer coupon -20%,highly impressed
50c0caee,194,view,Mens Casual Premium Slim Fit T-Shirts ,men's clothing,22.299999237060547,4.099999904632568,reseaux_sociaux,1,Continuer navigation,would not recommend
111adecb,80,add_to_cart,Mens Cotton Jacket,men's clothing,55.9900016784668,4.699999809265137,email,3,Proposer livraison gratuite,very pleased
1804870e,135,view,Mens Casual Slim Fit,men's clothing,15.989999771118164,2.0999999046325684,email,1,Continuer navigation,highly recommended
25b20f96,174,add_to_cart,John Hardy Women's Legends Naga Gold & Silver Dragon Station Chain Bracelet,jewelery,695,4.599999904632568,pub,3,Proposer livraison gratuite,excellent quality
313f0cbd,41,search,Solid Gold Petite Micropave ,jewelery,168,3.9000000953674316,email,1,Continuer navigation,would buy again
e7100623,76,add_to_cart,White Gold Plated Princess,jewelery,9.989999771118164,3,pub,3,Proposer livraison gratuite,very satisfied
8964eb5f,82,purchase,Pierced Owl Rose Gold Plated Stainless Steel Double,jewelery,10.989999771118164,1.899999976158142,direct,5,Suggerer produits similaires,very dissatisfied
5de7c208,132,view,WD 2TB Elements Portable External Hard Drive - USB 3.0 ,electronics,64,3.299999952316284,email,1,Continuer navigation,great product
c5af63b0,76,add_to_cart,SanDisk SSD PLUS 1TB Internal SSD - SATA III 6 Gb/s,electronics,109,2.9000000953674316,reseaux_sociaux,3,Proposer livraison gratuite,awesome product
74c97a1c,51,purchase,Silicon Power 256GB SSD 3D NAND A55 SLC Cache Performance Boost SATA III 2.5,electronics,109,4.800000190734863,email,5,Suggerer produits similaires,very unhappy with my purchase
edd9e980,124,add_to_cart,WD 4TB Gaming Drive Works with Playstation 4 Portable External Hard Drive,electronics,114,4.800000190734863,reseaux_sociaux,3,Proposer livraison gratuite,very disappointed
542b2d1d,189,search,Acer SB220Q bi 21.5 inches Full HD (1920 x 1080) IPS Ultra-Thin,electronics,599,2.9000000953674316,pub,1,Continuer navigation,poor quality
39bc9ae5,177,view,Samsung 49-Inch CHG90 144Hz Curved Gaming Monitor (LC49HG90DMNXZA) – Super Ultrawide Screen QLED ,electronics,999.989990234375,2.200000047683716,email,1,Continuer navigation,very disappointed
30a6ca87,177,abandon,BIYLACLESEN Women's 3-in-1 Snowboard Jacket Winter Coats,women's clothing,56.9900016784668,2.5999999046325684,pub,-1,Envoyer coupon -20%,excellent quality
c19d1f12,102,add_to_cart,Lock and Love Women's Removable Hooded Faux Leather Moto Biker Jacket,women's clothing,29.950000762939453,2.9000000953674316,direct,3,Proposer livraison gratuite,not worth the price
d262fe7d,83,view,Rain Jacket Women Windbreaker Striped Climbing Raincoats,women's clothing,39.9900016784668,3.799999952316284,google,1,Continuer navigation,highly recommended
aecadc50,13,view,MBJ Women's Solid Short Sleeve Boat Neck V ,women's clothing,9.850000381469727,4.699999809265137,direct,1,Continuer navigation,very happy with my purchase
451c4fbf,32,add_to_cart,Opna Women's Short Sleeve Moisture,women's clothing,7.949999809265137,4.5,direct,3,Proposer livraison gratuite,would buy again
9d14146c,85,search,DANVOUY Womens T Shirt Casual Cotton Short,women's clothing,12.989999771118164,3.5999999046325684,google,1,Continuer navigation,excellent quality
b50f6630,109,abandon,"Fjallraven - Foldsack No. 1 Backpack, Fits 15 Laptops",men's clothing,109.94999694824219,3.9000000953674316,direct,-1,Envoyer coupon -20%,would not recommend
7b531c59,160,purchase,Mens Casual Premium Slim Fit T-Shirts ,men's clothing,22.299999237060547,4.099999904632568,google,5,Suggerer produits similaires,poor quality
b876d027,148,search,Mens Cotton Jacket,men's clothing,55.9900016784668,4.699999809265137,google,1,Continuer navigation,fast shipping
ae49b769,185,search,Mens Casual Slim Fit,men's clothing,15.989999771118164,2.0999999046325684,reseaux_sociaux,1,Continuer navigation,great value for money
136331ba,35,add_to_cart,John Hardy Women's Legends Naga Gold & Silver Dragon Station Chain Bracelet,jewelery,695,4.599999904632568,pub,3,Proposer livraison gratuite,very pleased
dfc5a284,93,search,Solid Gold Petite Micropave ,jewelery,168,3.9000000953674316,google,1,Continuer navigation,highly impressed
41d81f51,56,abandon,White Gold Plated Princess,jewelery,9.989999771118164,3,google,-1,Envoyer coupon -20%,waste of money
778e0cf4,62,add_to_cart,Pierced Owl Rose Gold Plated Stainless Steel Double,jewelery,10.989999771118164,1.899999976158142,direct,3,Proposer livraison gratuite,very happy with my purchase
4cb081bb,1,view,WD 2TB Elements Portable External Hard Drive - USB 3.0 ,electronics,64,3.299999952316284,reseaux_sociaux,1,Continuer navigation,would buy again
969ebc34,195,add_to_cart,SanDisk SSD PLUS 1TB Internal SSD - SATA III 6 Gb/s,electronics,109,2.9000000953674316,direct,3,Proposer livraison gratuite,would buy again
4d6df065,153,add_to_cart,Silicon Power 256GB SSD 3D NAND A55 SLC Cache Performance Boost SATA III 2.5,electronics,109,4.800000190734863,pub,3,Proposer livraison gratuite,would buy again
efd2aaf8,20,search,WD 4TB Gaming Drive Works with Playstation 4 Portable External Hard Drive,electronics,114,4.800000190734863,pub,1,Continuer navigation,great product
b9686d62,169,view,Acer SB220Q bi 21.5 inches Full HD (1920 x 1080) IPS Ultra-Thin,electronics,599,2.9000000953674316,email,1,Continuer navigation,highly recommended
6ef6f6fb,19,view,Samsung 49-Inch CHG90 144Hz Curved Gaming Monitor (LC49HG90DMNXZA) – Super Ultrawide Screen QLED ,electronics,999.989990234375,2.200000047683716,pub,1,Continuer navigation,poor quality
9cf8cfb0,146,purchase,BIYLACLESEN Women's 3-in-1 Snowboard Jacket Winter Coats,women's clothing,56.9900016784668,2.5999999046325684,pub,5,Suggerer produits similaires,poor quality
f06e38a0,124,add_to_cart,Lock and Love Women's Removable Hooded Faux Leather Moto Biker Jacket,women's clothing,29.950000762939453,2.9000000953674316,pub,3,Proposer livraison gratuite,poor quality
90a50b3c,86,abandon,Rain Jacket Women Windbreaker Striped Climbing Raincoats,women's clothing,39.9900016784668,3.799999952316284,reseaux_sociaux,-1,Envoyer coupon -20%,highly recommended
2f1d5c26,44,abandon,MBJ Women's Solid Short Sleeve Boat Neck V ,women's clothing,9.850000381469727,4.699999809265137,google,-1,Envoyer coupon -20%,fast shipping
831e0899,154,add_to_cart,Opna Women's Short Sleeve Moisture,women's clothing,7.949999809265137,4.5,direct,3,Proposer livraison gratuite,awesome product
bb837a56,7,view,DANVOUY Womens T Shirt Casual Cotton Short,women's clothing,12.989999771118164,3.5999999046325684,direct,1,Continuer navigation,very happy with my purchase
61509f7d,98,search,"Fjallraven - Foldsack No. 1 Backpack, Fits 15 Laptops",men's clothing,109.94999694824219,3.9000000953674316,pub,1,Continuer navigation,excellent quality
01937263,169,abandon,Mens Casual Premium Slim Fit T-Shirts ,men's clothing,22.299999237060547,4.099999904632568,reseaux_sociaux,-1,Envoyer coupon -20%,great product
8ed8ce88,185,view,Mens Cotton Jacket,men's clothing,55.9900016784668,4.699999809265137,google,1,Continuer navigation,would buy again
ab59f96f,191,view,Mens Casual Slim Fit,men's clothing,15.989999771118164,2.0999999046325684,direct,1,Continuer navigation,very disappointed
90fd89c5,111,search,John Hardy Women's Legends Naga Gold & Silver Dragon Station Chain Bracelet,jewelery,695,4.599999904632568,direct,1,Continuer navigation,great product
92af8b6b,23,view,Solid Gold Petite Micropave ,jewelery,168,3.9000000953674316,direct,1,Continuer navigation,highly impressed
0628d58e,29,add_to_cart,White Gold Plated Princess,jewelery,9.989999771118164,3,google,3,Proposer livraison gratuite,would buy again
456b3011,192,purchase,Pierced Owl Rose Gold Plated Stainless Steel Double,jewelery,10.989999771118164,1.899999976158142,reseaux_sociaux,5,Suggerer produits similaires,would not buy again
c663adea,88,add_to_cart,WD 2TB Elements Portable External Hard Drive - USB 3.0 ,electronics,64,3.299999952316284,reseaux_sociaux,3,Proposer livraison gratuite,very happy with my purchase
d2490920,16,search,SanDisk SSD PLUS 1TB Internal SSD - SATA III 6 Gb/s,electronics,109,2.9000000953674316,google,1,Continuer navigation,highly impressed
926d5468,154,view,Silicon Power 256GB SSD 3D NAND A55 SLC Cache Performance Boost SATA III 2.5,electronics,109,4.800000190734863,reseaux_sociaux,1,Continuer navigation,waste of money
ef03cd26,163,purchase,WD 4TB Gaming Drive Works with Playstation 4 Portable External Hard Drive,electronics,114,4.800000190734863,google,5,Suggerer produits similaires,poor quality
5afc85cf,30,add_to_cart,Acer SB220Q bi 21.5 inches Full HD (1920 x 1080) IPS Ultra-Thin,electronics,599,2.9000000953674316,email,3,Proposer livraison gratuite,would not recommend
4c77a3fe,164,abandon,Samsung 49-Inch CHG90 144Hz Curved Gaming Monitor (LC49HG90DMNXZA) – Super Ultrawide Screen QLED ,electronics,999.989990234375,2.200000047683716,direct,-1,Envoyer coupon -20%,very unhappy with my purchase
fa04a391,157,search,BIYLACLESEN Women's 3-in-1 Snowboard Jacket Winter Coats,women's clothing,56.9900016784668,2.5999999046325684,email,1,Continuer navigation,highly impressed
434daf34,28,add_to_cart,Lock and Love Women's Removable Hooded Faux Leather Moto Biker Jacket,women's clothing,29.950000762939453,2.9000000953674316,pub,3,Proposer livraison gratuite,would not recommend
260dffc4,30,purchase,Rain Jacket Women Windbreaker Striped Climbing Raincoats,women's clothing,39.9900016784668,3.799999952316284,direct,5,Suggerer produits similaires,highly recommended
01264d28,96,search,MBJ Women's Solid Short Sleeve Boat Neck V ,women's clothing,9.850000381469727,4.699999809265137,direct,1,Continuer navigation,poor quality
7958ef4a,109,search,Opna Women's Short Sleeve Moisture,women's clothing,7.949999809265137,4.5,google,1,Continuer navigation,highly impressed
52f9c222,84,add_to_cart,DANVOUY Womens T Shirt Casual Cotton Short,women's clothing,12.989999771118164,3.5999999046325684,pub,3,Proposer livraison gratuite,excellent quality
5d88178c,78,abandon,"Fjallraven - Foldsack No. 1 Backpack, Fits 15 Laptops",men's clothing,109.94999694824219,3.9000000953674316,reseaux_sociaux,-1,Envoyer coupon -20%,excellent quality
ebe67df2,24,abandon,Mens Casual Premium Slim Fit T-Shirts ,men's clothing,22.299999237060547,4.099999904632568,google,-1,Envoyer coupon -20%,very disappointed
b82fc86e,194,abandon,Mens Cotton Jacket,men's clothing,55.9900016784668,4.699999809265137,email,-1,Envoyer coupon -20%,very disappointed
17b7a253,194,purchase,Mens Casual Slim Fit,men's clothing,15.989999771118164,2.0999999046325684,reseaux_sociaux,5,Suggerer produits similaires,excellent quality
77c7bb2c,23,add_to_cart,John Hardy Women's Legends Naga Gold & Silver Dragon Station Chain Bracelet,jewelery,695,4.599999904632568,google,3,Proposer livraison gratuite,highly recommended
9648d0a6,176,purchase,Solid Gold Petite Micropave ,jewelery,168,3.9000000953674316,google,5,Suggerer produits similaires,very dissatisfied
8bd3fd64,148,abandon,White Gold Plated Princess,jewelery,9.989999771118164,3,google,-1,Envoyer coupon -20%,very happy with my purchase
20083104,141,purchase,Pierced Owl Rose Gold Plated Stainless Steel Double,jewelery,10.989999771118164,1.899999976158142,pub,5,Suggerer produits similaires,excellent quality
1f78786c,176,abandon,WD 2TB Elements Portable External Hard Drive - USB 3.0 ,electronics,64,3.299999952316284,email,-1,Envoyer coupon -20%,highly impressed
1bcf09ae,92,add_to_cart,SanDisk SSD PLUS 1TB Internal SSD - SATA III 6 Gb/s,electronics,109,2.9000000953674316,pub,3,Proposer livraison gratuite,would not recommend
bb6b6dbc,165,abandon,Silicon Power 256GB SSD 3D NAND A55 SLC Cache Performance Boost SATA III 2.5,electronics,109,4.800000190734863,google,-1,Envoyer coupon -20%,would buy again
ec7817fc,99,purchase,WD 4TB Gaming Drive Works with Playstation 4 Portable External Hard Drive,electronics,114,4.800000190734863,email,5,Suggerer produits similaires,would buy again
4920d81a,54,view,Acer SB220Q bi 21.5 inches Full HD (1920 x 1080) IPS Ultra-Thin,electronics,599,2.9000000953674316,direct,1,Continuer navigation,would not buy again
8f70671a,92,view,Samsung 49-Inch CHG90 144Hz Curved Gaming Monitor (LC49HG90DMNXZA) – Super Ultrawide Screen QLED ,electronics,999.989990234375,2.200000047683716,pub,1,Continuer navigation,poor quality
e7d54c63,27,add_to_cart,BIYLACLESEN Women's 3-in-1 Snowboard Jacket Winter Coats,women's clothing,56.9900016784668,2.5999999046325684,direct,3,Proposer livraison gratuite,not as described
136c9736,163,view,Lock and Love Women's Removable Hooded Faux Leather Moto Biker Jacket,women's clothing,29.950000762939453,2.9000000953674316,pub,1,Continuer navigation,awesome product
90dea43d,197,purchase,Rain Jacket Women Windbreaker Striped Climbing Raincoats,women's clothing,39.9900016784668,3.799999952316284,reseaux_sociaux,5,Suggerer produits similaires,very dissatisfied
01c51378,152,abandon,MBJ Women's Solid Short Sleeve Boat Neck V ,women's clothing,9.850000381469727,4.699999809265137,email,-1,Envoyer coupon -20%,excellent quality
739369d6,105,abandon,Opna Women's Short Sleeve Moisture,women's clothing,7.949999809265137,4.5,pub,-1,Envoyer coupon -20%,awesome product
7570cb5c,178,purchase,DANVOUY Womens T Shirt Casual Cotton Short,women's clothing,12.989999771118164,3.5999999046325684,email,5,Suggerer produits similaires,excellent quality
43bc9d45,5,search,"Fjallraven - Foldsack No. 1 Backpack, Fits 15 Laptops",men's clothing,109.94999694824219,3.9000000953674316,email,1,Continuer navigation,great value for money
af554534,133,abandon,Mens Casual Premium Slim Fit T-Shirts ,men's clothing,22.299999237060547,4.099999904632568,direct,-1,Envoyer coupon -20%,excellent quality
b70f3ac2,22,add_to_cart,Mens Cotton Jacket,men's clothing,55.9900016784668,4.699999809265137,direct,3,Proposer livraison gratuite,very unhappy with my purchase
5857fce0,127,add_to_cart,Mens Casual Slim Fit,men's clothing,15.989999771118164,2.0999999046325684,direct,3,Proposer livraison gratuite,highly recommended
959fcdf7,163,add_to_cart,John Hardy Women's Legends Naga Gold & Silver Dragon Station Chain Bracelet,jewelery,695,4.599999904632568,direct,3,Proposer livraison gratuite,not worth the price
2c4e0848,193,add_to_cart,Solid Gold Petite Micropave ,jewelery,168,3.9000000953674316,email,3,Proposer livraison gratuite,great product
2f20502d,159,abandon,White Gold Plated Princess,jewelery,9.989999771118164,3,reseaux_sociaux,-1,Envoyer coupon -20%,disappointing product
8e282b2b,16,view,Pierced Owl Rose Gold Plated Stainless Steel Double,jewelery,10.989999771118164,1.899999976158142,reseaux_sociaux,1,Continuer navigation,excellent quality
7896cb31,99,purchase,WD 2TB Elements Portable External Hard Drive - USB 3.0 ,electronics,64,3.299999952316284,direct,5,Suggerer produits similaires,great product
f19c8883,82,add_to_cart,SanDisk SSD PLUS 1TB Internal SSD - SATA III 6 Gb/s,electronics,109,2.9000000953674316,pub,3,Proposer livraison gratuite,poor quality
df704f7a,17,abandon,Silicon Power 256GB SSD 3D NAND A55 SLC Cache Performance Boost SATA III 2.5,electronics,109,4.800000190734863,google,-1,Envoyer coupon -20%,would buy again
500b0684,193,abandon,WD 4TB Gaming Drive Works with Playstation 4 Portable External Hard Drive,electronics,114,4.800000190734863,direct,-1,Envoyer coupon -20%,waste of money
89cdc468,186,purchase,Acer SB220Q bi 21.5 inches Full HD (1920 x 1080) IPS Ultra-Thin,electronics,599,2.9000000953674316,pub,5,Suggerer produits similaires,poor quality
cfc39ee7,46,purchase,Samsung 49-Inch CHG90 144Hz Curved Gaming Monitor (LC49HG90DMNXZA) – Super Ultrawide Screen QLED ,electronics,999.989990234375,2.200000047683716,reseaux_sociaux,5,Suggerer produits similaires,would buy again
0dc4626f,60,add_to_cart,BIYLACLESEN Women's 3-in-1 Snowboard Jacket Winter Coats,women's clothing,56.9900016784668,2.5999999046325684,pub,3,Proposer livraison gratuite,would not recommend
45b30772,120,search,Lock and Love Women's Removable Hooded Faux Leather Moto Biker Jacket,women's clothing,29.950000762939453,2.9000000953674316,reseaux_sociaux,1,Continuer navigation,would not recommend
b19247cd,107,abandon,Rain Jacket Women Windbreaker Striped Climbing Raincoats,women's clothing,39.9900016784668,3.799999952316284,direct,-1,Envoyer coupon -20%,highly impressed
bd49a03d,46,search,MBJ Women's Solid Short Sleeve Boat Neck V ,women's clothing,9.850000381469727,4.699999809265137,email,1,Continuer navigation,fast shipping
d92ddc19,79,add_to_cart,Opna Women's Short Sleeve Moisture,women's clothing,7.949999809265137,4.5,direct,3,Proposer livraison gratuite,very happy with my purchase
5ec1ea7f,142,add_to_cart,DANVOUY Womens T Shirt Casual Cotton Short,women's clothing,12.989999771118164,3.5999999046325684,google,3,Proposer livraison gratuite,highly recommended
74e8b28f,185,purchase,"Fjallraven - Foldsack No. 1 Backpack, Fits 15 Laptops",men's clothing,109.94999694824219,3.9000000953674316,email,5,Suggerer produits similaires,poor quality
3de40d34,114,abandon,Mens Casual Premium Slim Fit T-Shirts ,men's clothing,22.299999237060547,4.099999904632568,pub,-1,Envoyer coupon -20%,poor quality
c43ed538,106,abandon,Mens Cotton Jacket,men's clothing,55.9900016784668,4.699999809265137,reseaux_sociaux,-1,Envoyer coupon -20%,fast shipping
c5599aed,54,abandon,Mens Casual Slim Fit,men's clothing,15.989999771118164,2.0999999046325684,direct,-1,Envoyer coupon -20%,would buy again
4ebbe895,62,search,John Hardy Women's Legends Naga Gold & Silver Dragon Station Chain Bracelet,jewelery,695,4.599999904632568,google,1,Continuer navigation,great product
f157303f,151,purchase,Solid Gold Petite Micropave ,jewelery,168,3.9000000953674316,email,5,Suggerer produits similaires,would buy again
6a296160,124,add_to_cart,White Gold Plated Princess,jewelery,9.989999771118164,3,reseaux_sociaux,3,Proposer livraison gratuite,great value for money
6e3a1ace,148,purchase,Pierced Owl Rose Gold Plated Stainless Steel Double,jewelery,10.989999771118164,1.899999976158142,reseaux_sociaux,5,Suggerer produits similaires,excellent quality
078a64b3,43,view,WD 2TB Elements Portable External Hard Drive - USB 3.0 ,electronics,64,3.299999952316284,direct,1,Continuer navigation,very dissatisfied
ad961e59,182,search,SanDisk SSD PLUS 1TB Internal SSD - SATA III 6 Gb/s,electronics,109,2.9000000953674316,direct,1,Continuer navigation,poor quality
4b9ac885,134,abandon,Silicon Power 256GB SSD 3D NAND A55 SLC Cache Performance Boost SATA III 2.5,electronics,109,4.800000190734863,direct,-1,Envoyer coupon -20%,very happy with my purchase
ed5a027e,104,purchase,WD 4TB Gaming Drive Works with Playstation 4 Portable External Hard Drive,electronics,114,4.800000190734863,direct,5,Suggerer produits similaires,would not recommend
b84528e4,104,view,Acer SB220Q bi 21.5 inches Full HD (1920 x 1080) IPS Ultra-Thin,electronics,599,2.9000000953674316,email,1,Continuer navigation,highly impressed
1cff6631,131,view,Samsung 49-Inch CHG90 144Hz Curved Gaming Monitor (LC49HG90DMNXZA) – Super Ultrawide Screen QLED ,electronics,999.989990234375,2.200000047683716,direct,1,Continuer navigation,fast shipping
37521c1a,70,abandon,BIYLACLESEN Women's 3-in-1 Snowboard Jacket Winter Coats,women's clothing,56.9900016784668,2.5999999046325684,reseaux_sociaux,-1,Envoyer coupon -20%,poor quality
204a349c,68,add_to_cart,Lock and Love Women's Removable Hooded Faux Leather Moto Biker Jacket,women's clothing,29.950000762939453,2.9000000953674316,reseaux_sociaux,3,Proposer livraison gratuite,highly impressed
1411c11b,60,view,Rain Jacket Women Windbreaker Striped Climbing Raincoats,women's clothing,39.9900016784668,3.799999952316284,google,1,Continuer navigation,highly recommended
251d3382,152,purchase,MBJ Women's Solid Short Sleeve Boat Neck V ,women's clothing,9.850000381469727,4.699999809265137,direct,5,Suggerer produits similaires,very pleased
0763a2c3,35,purchase,Opna Women's Short Sleeve Moisture,women's clothing,7.949999809265137,4.5,direct,5,Suggerer produits similaires,highly impressed
66808595,111,search,DANVOUY Womens T Shirt Casual Cotton Short,women's clothing,12.989999771118164,3.5999999046325684,direct,1,Continuer navigation,poor quality
6bbdd93a,21,purchase,"Fjallraven - Foldsack No. 1 Backpack, Fits 15 Laptops",men's clothing,109.94999694824219,3.9000000953674316,pub,5,Suggerer produits similaires,very dissatisfied
8f07f52b,11,purchase,Mens Casual Premium Slim Fit T-Shirts ,men's clothing,22.299999237060547,4.099999904632568,pub,5,Suggerer produits similaires,awesome product
e15de645,37,abandon,Mens Cotton Jacket,men's clothing,55.9900016784668,4.699999809265137,direct,-1,Envoyer coupon -20%,very disappointed
5ac4b441,116,add_to_cart,Mens Casual Slim Fit,men's clothing,15.989999771118164,2.0999999046325684,reseaux_sociaux,3,Proposer livraison gratuite,very unhappy with my purchase
8a246a6d,59,view,John Hardy Women's Legends Naga Gold & Silver Dragon Station Chain Bracelet,jewelery,695,4.599999904632568,reseaux_sociaux,1,Continuer navigation,very dissatisfied
ae7c5cce,142,view,Solid Gold Petite Micropave ,jewelery,168,3.9000000953674316,google,1,Continuer navigation,great product
c4dee3cf,53,search,White Gold Plated Princess,jewelery,9.989999771118164,3,reseaux_sociaux,1,Continuer navigation,excellent quality
33f92d9b,97,view,Pierced Owl Rose Gold Plated Stainless Steel Double,jewelery,10.989999771118164,1.899999976158142,email,1,Continuer navigation,would not recommend
9f1a607b,84,purchase,WD 2TB Elements Portable External Hard Drive - USB 3.0 ,electronics,64,3.299999952316284,direct,5,Suggerer produits similaires,excellent quality
f82f69ca,57,abandon,SanDisk SSD PLUS 1TB Internal SSD - SATA III 6 Gb/s,electronics,109,2.9000000953674316,reseaux_sociaux,-1,Envoyer coupon -20%,poor quality
07379ad3,42,abandon,Silicon Power 256GB SSD 3D NAND A55 SLC Cache Performance Boost SATA III 2.5,electronics,109,4.800000190734863,direct,-1,Envoyer coupon -20%,awesome product
9d0fd133,27,view,WD 4TB Gaming Drive Works with Playstation 4 Portable External Hard Drive,electronics,114,4.800000190734863,pub,1,Continuer navigation,fast shipping
d24a58f6,176,view,Acer SB220Q bi 21.5 inches Full HD (1920 x 1080) IPS Ultra-Thin,electronics,599,2.9000000953674316,pub,1,Continuer navigation,highly impressed
f71eacb1,42,view,Samsung 49-Inch CHG90 144Hz Curved Gaming Monitor (LC49HG90DMNXZA) – Super Ultrawide Screen QLED ,electronics,999.989990234375,2.200000047683716,google,1,Continuer navigation,highly recommended
4dee2877,110,purchase,BIYLACLESEN Women's 3-in-1 Snowboard Jacket Winter Coats,women's clothing,56.9900016784668,2.5999999046325684,email,5,Suggerer produits similaires,excellent quality
f87403b3,191,purchase,Lock and Love Women's Removable Hooded Faux Leather Moto Biker Jacket,women's clothing,29.950000762939453,2.9000000953674316,reseaux_sociaux,5,Suggerer produits similaires,very disappointed
0dab40a7,113,add_to_cart,Rain Jacket Women Windbreaker Striped Climbing Raincoats,women's clothing,39.9900016784668,3.799999952316284,email,3,Proposer livraison gratuite,would not buy again
4a3a6e53,141,abandon,MBJ Women's Solid Short Sleeve Boat Neck V ,women's clothing,9.850000381469727,4.699999809265137,pub,-1,Envoyer coupon -20%,great product
ec17ed18,192,purchase,Opna Women's Short Sleeve Moisture,women's clothing,7.949999809265137,4.5,reseaux_sociaux,5,Suggerer produits similaires,very dissatisfied
9fb7ba32,23,search,DANVOUY Womens T Shirt Casual Cotton Short,women's clothing,12.989999771118164,3.5999999046325684,email,1,Continuer navigation,waste of money
39620eee,111,add_to_cart,"Fjallraven - Foldsack No. 1 Backpack, Fits 15 Laptops",men's clothing,109.94999694824219,3.9000000953674316,direct,3,Proposer livraison gratuite,would buy again
547138f9,34,view,Mens Casual Premium Slim Fit T-Shirts ,men's clothing,22.299999237060547,4.099999904632568,email,1,Continuer navigation,fast shipping
34f8f0e4,73,purchase,Mens Cotton Jacket,men's clothing,55.9900016784668,4.699999809265137,google,5,Suggerer produits similaires,great value for money
921b40fd,181,search,Mens Casual Slim Fit,men's clothing,15.989999771118164,2.0999999046325684,email,1,Continuer navigation,fast shipping
14b4a902,104,purchase,John Hardy Women's Legends Naga Gold & Silver Dragon Station Chain Bracelet,jewelery,695,4.599999904632568,direct,5,Suggerer produits similaires,very disappointed
80fcd9f1,139,view,Solid Gold Petite Micropave ,jewelery,168,3.9000000953674316,pub,1,Continuer navigation,very pleased
f5133c91,142,purchase,White Gold Plated Princess,jewelery,9.989999771118164,3,google,5,Suggerer produits similaires,highly recommended
05840c90,55,view,Pierced Owl Rose Gold Plated Stainless Steel Double,jewelery,10.989999771118164,1.899999976158142,reseaux_sociaux,1,Continuer navigation,highly impressed
0e327a36,160,abandon,WD 2TB Elements Portable External Hard Drive - USB 3.0 ,electronics,64,3.299999952316284,email,-1,Envoyer coupon -20%,very disappointed
44cbc8e2,87,add_to_cart,SanDisk SSD PLUS 1TB Internal SSD - SATA III 6 Gb/s,electronics,109,2.9000000953674316,pub,3,Proposer livraison gratuite,would not recommend
2f0c4171,54,add_to_cart,Silicon Power 256GB SSD 3D NAND A55 SLC Cache Performance Boost SATA III 2.5,electronics,109,4.800000190734863,pub,3,Proposer livraison gratuite,great product
8bcff1e8,10,view,WD 4TB Gaming Drive Works with Playstation 4 Portable External Hard Drive,electronics,114,4.800000190734863,email,1,Continuer navigation,highly recommended
9f7678c4,116,view,Acer SB220Q bi 21.5 inches Full HD (1920 x 1080) IPS Ultra-Thin,electronics,599,2.9000000953674316,google,1,Continuer navigation,very dissatisfied
0d67984c,10,purchase,Samsung 49-Inch CHG90 144Hz Curved Gaming Monitor (LC49HG90DMNXZA) – Super Ultrawide Screen QLED ,electronics,999.989990234375,2.200000047683716,reseaux_sociaux,5,Suggerer produits similaires,very unhappy with my purchase
463e322e,177,add_to_cart,BIYLACLESEN Women's 3-in-1 Snowboard Jacket Winter Coats,women's clothing,56.9900016784668,2.5999999046325684,pub,3,Proposer livraison gratuite,highly impressed
72a21765,30,abandon,Lock and Love Women's Removable Hooded Faux Leather Moto Biker Jacket,women's clothing,29.950000762939453,2.9000000953674316,email,-1,Envoyer coupon -20%,would not recommend
36de9485,75,add_to_cart,Rain Jacket Women Windbreaker Striped Climbing Raincoats,women's clothing,39.9900016784668,3.799999952316284,pub,3,Proposer livraison gratuite,highly recommended
7f2e623d,166,add_to_cart,MBJ Women's Solid Short Sleeve Boat Neck V ,women's clothing,9.850000381469727,4.699999809265137,reseaux_sociaux,3,Proposer livraison gratuite,waste of money
ae62b99c,141,view,Opna Women's Short Sleeve Moisture,women's clothing,7.949999809265137,4.5,reseaux_sociaux,1,Continuer navigation,very dissatisfied
07e4c5f4,79,search,DANVOUY Womens T Shirt Casual Cotton Short,women's clothing,12.989999771118164,3.5999999046325684,reseaux_sociaux,1,Continuer navigation,highly recommended
9ab22c6b,145,view,"Fjallraven - Foldsack No. 1 Backpack, Fits 15 Laptops",men's clothing,109.94999694824219,3.9000000953674316,google,1,Continuer navigation,very dissatisfied
faa8e946,48,abandon,Mens Casual Premium Slim Fit T-Shirts ,men's clothing,22.299999237060547,4.099999904632568,reseaux_sociaux,-1,Envoyer coupon -20%,very happy with my purchase
1d7c227e,181,purchase,Mens Cotton Jacket,men's clothing,55.9900016784668,4.699999809265137,direct,5,Suggerer produits similaires,would not buy again
6f66f638,144,purchase,Mens Casual Slim Fit,men's clothing,15.989999771118164,2.0999999046325684,email,5,Suggerer produits similaires,fast shipping
e13c7dc7,167,add_to_cart,John Hardy Women's Legends Naga Gold & Silver Dragon Station Chain Bracelet,jewelery,695,4.599999904632568,reseaux_sociaux,3,Proposer livraison gratuite,very unhappy with my purchase
020b4a8b,50,purchase,Solid Gold Petite Micropave ,jewelery,168,3.9000000953674316,reseaux_sociaux,5,Suggerer produits similaires,fast shipping
441b8901,89,purchase,White Gold Plated Princess,jewelery,9.989999771118164,3,direct,5,Suggerer produits similaires,would not recommend
bcfa1559,58,add_to_cart,Pierced Owl Rose Gold Plated Stainless Steel Double,jewelery,10.989999771118164,1.899999976158142,email,3,Proposer livraison gratuite,very unhappy with my purchase
350dd70b,55,purchase,WD 2TB Elements Portable External Hard Drive - USB 3.0 ,electronics,64,3.299999952316284,google,5,Suggerer produits similaires,highly recommended
8aa24dc8,42,add_to_cart,SanDisk SSD PLUS 1TB Internal SSD - SATA III 6 Gb/s,electronics,109,2.9000000953674316,reseaux_sociaux,3,Proposer livraison gratuite,highly impressed
3a3691aa,139,search,Silicon Power 256GB SSD 3D NAND A55 SLC Cache Performance Boost SATA III 2.5,electronics,109,4.800000190734863,direct,1,Continuer navigation,would buy again
63a0ce4f,125,search,WD 4TB Gaming Drive Works with Playstation 4 Portable External Hard Drive,electronics,114,4.800000190734863,direct,1,Continuer navigation,awesome product
f482ed4a,158,abandon,Acer SB220Q bi 21.5 inches Full HD (1920 x 1080) IPS Ultra-Thin,electronics,599,2.9000000953674316,pub,-1,Envoyer coupon -20%,great product
2edc2778,65,abandon,Samsung 49-Inch CHG90 144Hz Curved Gaming Monitor (LC49HG90DMNXZA) – Super Ultrawide Screen QLED ,electronics,999.989990234375,2.200000047683716,email,-1,Envoyer coupon -20%,poor quality
9f60e04d,77,abandon,BIYLACLESEN Women's 3-in-1 Snowboard Jacket Winter Coats,women's clothing,56.9900016784668,2.5999999046325684,pub,-1,Envoyer coupon -20%,very pleased
d6bb3ee9,116,purchase,Lock and Love Women's Removable Hooded Faux Leather Moto Biker Jacket,women's clothing,29.950000762939453,2.9000000953674316,email,5,Suggerer produits similaires,highly impressed
5f6b5c70,83,view,Rain Jacket Women Windbreaker Striped Climbing Raincoats,women's clothing,39.9900016784668,3.799999952316284,email,1,Continuer navigation,highly impressed
4c629b47,41,purchase,MBJ Women's Solid Short Sleeve Boat Neck V ,women's clothing,9.850000381469727,4.699999809265137,email,5,Suggerer produits similaires,great value for money
b0cc5079,156,abandon,Opna Women's Short Sleeve Moisture,women's clothing,7.949999809265137,4.5,email,-1,Envoyer coupon -20%,very disappointed
866a5748,58,search,DANVOUY Womens T Shirt Casual Cotton Short,women's clothing,12.989999771118164,3.5999999046325684,google,1,Continuer navigation,would not recommend
abb78aac,85,search,"Fjallraven - Foldsack No. 1 Backpack, Fits 15 Laptops",men's clothing,109.94999694824219,3.9000000953674316,direct,1,Continuer navigation,would not buy again
65741cd9,192,purchase,Mens Casual Premium Slim Fit T-Shirts ,men's clothing,22.299999237060547,4.099999904632568,pub,5,Suggerer produits similaires,very satisfied
ff7afeaf,144,abandon,Mens Cotton Jacket,men's clothing,55.9900016784668,4.699999809265137,email,-1,Envoyer coupon -20%,highly recommended
0b0f3447,190,view,Mens Casual Slim Fit,men's clothing,15.989999771118164,2.0999999046325684,pub,1,Continuer navigation,great product
cc4a0fda,132,view,John Hardy Women's Legends Naga Gold & Silver Dragon Station Chain Bracelet,jewelery,695,4.599999904632568,pub,1,Continuer navigation,very dissatisfied
4b80ab2c,53,abandon,Solid Gold Petite Micropave ,jewelery,168,3.9000000953674316,google,-1,Envoyer coupon -20%,very unhappy with my purchase
f3c4b465,2,view,White Gold Plated Princess,jewelery,9.989999771118164,3,reseaux_sociaux,1,Continuer navigation,great product
07a4deaa,28,purchase,Pierced Owl Rose Gold Plated Stainless Steel Double,jewelery,10.989999771118164,1.899999976158142,email,5,Suggerer produits similaires,highly impressed
a8c64b1a,199,search,WD 2TB Elements Portable External Hard Drive - USB 3.0 ,electronics,64,3.299999952316284,direct,1,Continuer navigation,fast shipping
1b350b77,16,purchase,SanDisk SSD PLUS 1TB Internal SSD - SATA III 6 Gb/s,electronics,109,2.9000000953674316,google,5,Suggerer produits similaires,disappointing product
79a2394c,10,add_to_cart,Silicon Power 256GB SSD 3D NAND A55 SLC Cache Performance Boost SATA III 2.5,electronics,109,4.800000190734863,direct,3,Proposer livraison gratuite,very disappointed
50b661db,18,add_to_cart,WD 4TB Gaming Drive Works with Playstation 4 Portable External Hard Drive,electronics,114,4.800000190734863,google,3,Proposer livraison gratuite,would not recommend
8e865c91,5,abandon,Acer SB220Q bi 21.5 inches Full HD (1920 x 1080) IPS Ultra-Thin,electronics,599,2.9000000953674316,pub,-1,Envoyer coupon -20%,would not recommend
ec211e2a,172,view,Samsung 49-Inch CHG90 144Hz Curved Gaming Monitor (LC49HG90DMNXZA) – Super Ultrawide Screen QLED ,electronics,999.989990234375,2.200000047683716,pub,1,Continuer navigation,very happy with my purchase
4682eb09,177,add_to_cart,BIYLACLESEN Women's 3-in-1 Snowboard Jacket Winter Coats,women's clothing,56.9900016784668,2.5999999046325684,google,3,Proposer livraison gratuite,poor quality
16b9d403,114,search,Lock and Love Women's Removable Hooded Faux Leather Moto Biker Jacket,women's clothing,29.950000762939453,2.9000000953674316,reseaux_sociaux,1,Continuer navigation,great product
2f381906,120,view,Rain Jacket Women Windbreaker Striped Climbing Raincoats,women's clothing,39.9900016784668,3.799999952316284,google,1,Continuer navigation,very unhappy with my purchase
9163fe12,73,purchase,MBJ Women's Solid Short Sleeve Boat Neck V ,women's clothing,9.850000381469727,4.699999809265137,direct,5,Suggerer produits similaires,not as described
1c5b819e,192,search,Opna Women's Short Sleeve Moisture,women's clothing,7.949999809265137,4.5,direct,1,Continuer navigation,highly impressed
1d752c03,177,search,DANVOUY Womens T Shirt Casual Cotton Short,women's clothing,12.989999771118164,3.5999999046325684,direct,1,Continuer navigation,very dissatisfied
b91009d2,58,purchase,"Fjallraven - Foldsack No. 1 Backpack, Fits 15 Laptops",men's clothing,109.94999694824219,3.9000000953674316,direct,5,Suggerer produits similaires,poor quality
043183be,145,view,Mens Casual Premium Slim Fit T-Shirts ,men's clothing,22.299999237060547,4.099999904632568,google,1,Continuer navigation,would buy again
24dd3d08,34,view,Mens Cotton Jacket,men's clothing,55.9900016784668,4.699999809265137,direct,1,Continuer navigation,fast shipping
c71f400a,109,purchase,Mens Casual Slim Fit,men's clothing,15.989999771118164,2.0999999046325684,pub,5,Suggerer produits similaires,awesome product
b19f7e64,175,search,John Hardy Women's Legends Naga Gold & Silver Dragon Station Chain Bracelet,jewelery,695,4.599999904632568,google,1,Continuer navigation,great value for money
47f8427e,185,add_to_cart,Solid Gold Petite Micropave ,jewelery,168,3.9000000953674316,reseaux_sociaux,3,Proposer livraison gratuite,would not recommend
5f7b12ab,5,add_to_cart,White Gold Plated Princess,jewelery,9.989999771118164,3,direct,3,Proposer livraison gratuite,very unhappy with my purchase
f3b88ebb,132,abandon,Pierced Owl Rose Gold Plated Stainless Steel Double,jewelery,10.989999771118164,1.899999976158142,reseaux_sociaux,-1,Envoyer coupon -20%,would buy again
65068ef8,21,view,WD 2TB Elements Portable External Hard Drive - USB 3.0 ,electronics,64,3.299999952316284,email,1,Continuer navigation,highly recommended
44a75d81,147,abandon,SanDisk SSD PLUS 1TB Internal SSD - SATA III 6 Gb/s,electronics,109,2.9000000953674316,direct,-1,Envoyer coupon -20%,very happy with my purchase
e7edefb3,153,view,Silicon Power 256GB SSD 3D NAND A55 SLC Cache Performance Boost SATA III 2.5,electronics,109,4.800000190734863,pub,1,Continuer navigation,fast shipping
4d10a52b,73,abandon,WD 4TB Gaming Drive Works with Playstation 4 Portable External Hard Drive,electronics,114,4.800000190734863,pub,-1,Envoyer coupon -20%,excellent quality
9f1bdc28,92,purchase,Acer SB220Q bi 21.5 inches Full HD (1920 x 1080) IPS Ultra-Thin,electronics,599,2.9000000953674316,direct,5,Suggerer produits similaires,would not recommend
4ee15898,194,purchase,Samsung 49-Inch CHG90 144Hz Curved Gaming Monitor (LC49HG90DMNXZA) – Super Ultrawide Screen QLED ,electronics,999.989990234375,2.200000047683716,email,5,Suggerer produits similaires,poor quality
3843251d,117,purchase,BIYLACLESEN Women's 3-in-1 Snowboard Jacket Winter Coats,women's clothing,56.9900016784668,2.5999999046325684,email,5,Suggerer produits similaires,would not recommend
59cd3265,57,add_to_cart,Lock and Love Women's Removable Hooded Faux Leather Moto Biker Jacket,women's clothing,29.950000762939453,2.9000000953674316,pub,3,Proposer livraison gratuite,very disappointed
e1cfea1c,178,view,Rain Jacket Women Windbreaker Striped Climbing Raincoats,women's clothing,39.9900016784668,3.799999952316284,email,1,Continuer navigation,highly impressed
efcd5866,118,purchase,MBJ Women's Solid Short Sleeve Boat Neck V ,women's clothing,9.850000381469727,4.699999809265137,pub,5,Suggerer produits similaires,would buy again
89eb947e,113,purchase,Opna Women's Short Sleeve Moisture,women's clothing,7.949999809265137,4.5,google,5,Suggerer produits similaires,great product
cdbc3602,135,view,DANVOUY Womens T Shirt Casual Cotton Short,women's clothing,12.989999771118164,3.5999999046325684,pub,1,Continuer navigation,awesome product
ed772167,28,search,"Fjallraven - Foldsack No. 1 Backpack, Fits 15 Laptops",men's clothing,109.94999694824219,3.9000000953674316,pub,1,Continuer navigation,great value for money
e2e6b4b2,22,view,Mens Casual Premium Slim Fit T-Shirts ,men's clothing,22.299999237060547,4.099999904632568,reseaux_sociaux,1,Continuer navigation,would not buy again
ffa21a5e,181,search,Mens Cotton Jacket,men's clothing,55.9900016784668,4.699999809265137,direct,1,Continuer navigation,excellent quality
c35b6e56,169,abandon,Mens Casual Slim Fit,men's clothing,15.989999771118164,2.0999999046325684,google,-1,Envoyer coupon -20%,poor quality
e040b2bd,87,add_to_cart,John Hardy Women's Legends Naga Gold & Silver Dragon Station Chain Bracelet,jewelery,695,4.599999904632568,direct,3,Proposer livraison gratuite,highly recommended
b79b7971,111,add_to_cart,Solid Gold Petite Micropave ,jewelery,168,3.9000000953674316,google,3,Proposer livraison gratuite,great product
3a98aae1,66,add_to_cart,White Gold Plated Princess,jewelery,9.989999771118164,3,google,3,Proposer livraison gratuite,highly impressed
09666a6e,112,search,Pierced Owl Rose Gold Plated Stainless Steel Double,jewelery,10.989999771118164,1.899999976158142,pub,1,Continuer navigation,great value for money
cdc57d47,67,abandon,WD 2TB Elements Portable External Hard Drive - USB 3.0 ,electronics,64,3.299999952316284,google,-1,Envoyer coupon -20%,great value for money
41e3b6c7,165,add_to_cart,SanDisk SSD PLUS 1TB Internal SSD - SATA III 6 Gb/s,electronics,109,2.9000000953674316,email,3,Proposer livraison gratuite,awesome product
4769889c,130,add_to_cart,Silicon Power 256GB SSD 3D NAND A55 SLC Cache Performance Boost SATA III 2.5,electronics,109,4.800000190734863,pub,3,Proposer livraison gratuite,waste of money
2960e822,11,view,WD 4TB Gaming Drive Works with Playstation 4 Portable External Hard Drive,electronics,114,4.800000190734863,direct,1,Continuer navigation,great value for money
ae73f6d5,173,abandon,Acer SB220Q bi 21.5 inches Full HD (1920 x 1080) IPS Ultra-Thin,electronics,599,2.9000000953674316,reseaux_sociaux,-1,Envoyer coupon -20%,fast shipping
5b7d2964,143,purchase,Samsung 49-Inch CHG90 144Hz Curved Gaming Monitor (LC49HG90DMNXZA) – Super Ultrawide Screen QLED ,electronics,999.989990234375,2.200000047683716,email,5,Suggerer produits similaires,very disappointed
d8c8ed65,15,abandon,BIYLACLESEN Women's 3-in-1 Snowboard Jacket Winter Coats,women's clothing,56.9900016784668,2.5999999046325684,reseaux_sociaux,-1,Envoyer coupon -20%,waste of money
962e6d52,105,purchase,Lock and Love Women's Removable Hooded Faux Leather Moto Biker Jacket,women's clothing,29.950000762939453,2.9000000953674316,email,5,Suggerer produits similaires,highly impressed
e1e05d79,34,search,Rain Jacket Women Windbreaker Striped Climbing Raincoats,women's clothing,39.9900016784668,3.799999952316284,direct,1,Continuer navigation,great product
f3bc5363,59,abandon,MBJ Women's Solid Short Sleeve Boat Neck V ,women's clothing,9.850000381469727,4.699999809265137,direct,-1,Envoyer coupon -20%,awesome product
7e33aec1,68,search,Opna Women's Short Sleeve Moisture,women's clothing,7.949999809265137,4.5,direct,1,Continuer navigation,very pleased
ba7c8760,55,abandon,DANVOUY Womens T Shirt Casual Cotton Short,women's clothing,12.989999771118164,3.5999999046325684,direct,-1,Envoyer coupon -20%,awesome product
e7ff0d78,101,add_to_cart,"Fjallraven - Foldsack No. 1 Backpack, Fits 15 Laptops",men's clothing,109.94999694824219,3.9000000953674316,email,3,Proposer livraison gratuite,highly impressed
021cf480,154,abandon,Mens Casual Premium Slim Fit T-Shirts ,men's clothing,22.299999237060547,4.099999904632568,pub,-1,Envoyer coupon -20%,very unhappy with my purchase
e2f1abc8,126,view,Mens Cotton Jacket,men's clothing,55.9900016784668,4.699999809265137,email,1,Continuer navigation,great product
9432a794,34,view,Mens Casual Slim Fit,men's clothing,15.989999771118164,2.0999999046325684,reseaux_sociaux,1,Continuer navigation,highly recommended
ba6d944a,19,view,John Hardy Women's Legends Naga Gold & Silver Dragon Station Chain Bracelet,jewelery,695,4.599999904632568,pub,1,Continuer navigation,excellent quality
d48341a8,188,purchase,Solid Gold Petite Micropave ,jewelery,168,3.9000000953674316,email,5,Suggerer produits similaires,very pleased
19b36379,139,add_to_cart,White Gold Plated Princess,jewelery,9.989999771118164,3,email,3,Proposer livraison gratuite,great value for money
99654169,119,view,Pierced Owl Rose Gold Plated Stainless Steel Double,jewelery,10.989999771118164,1.899999976158142,pub,1,Continuer navigation,very satisfied
4e434e5c,65,add_to_cart,WD 2TB Elements Portable External Hard Drive - USB 3.0 ,electronics,64,3.299999952316284,reseaux_sociaux,3,Proposer livraison gratuite,poor quality
d54e7f70,170,abandon,SanDisk SSD PLUS 1TB Internal SSD - SATA III 6 Gb/s,electronics,109,2.9000000953674316,reseaux_sociaux,-1,Envoyer coupon -20%,fast shipping
a622338d,144,add_to_cart,Silicon Power 256GB SSD 3D NAND A55 SLC Cache Performance Boost SATA III 2.5,electronics,109,4.800000190734863,email,3,Proposer livraison gratuite,awesome product
b90bfa39,175,search,WD 4TB Gaming Drive Works with Playstation 4 Portable External Hard Drive,electronics,114,4.800000190734863,pub,1,Continuer navigation,not worth the price
9bd6f6ee,51,purchase,Acer SB220Q bi 21.5 inches Full HD (1920 x 1080) IPS Ultra-Thin,electronics,599,2.9000000953674316,email,5,Suggerer produits similaires,very pleased
23dc6ed4,34,purchase,Samsung 49-Inch CHG90 144Hz Curved Gaming Monitor (LC49HG90DMNXZA) – Super Ultrawide Screen QLED ,electronics,999.989990234375,2.200000047683716,email,5,Suggerer produits similaires,would buy again
e86aa2d5,61,purchase,BIYLACLESEN Women's 3-in-1 Snowboard Jacket Winter Coats,women's clothing,56.9900016784668,2.5999999046325684,email,5,Suggerer produits similaires,poor quality
f6b127ac,155,view,Lock and Love Women's Removable Hooded Faux Leather Moto Biker Jacket,women's clothing,29.950000762939453,2.9000000953674316,direct,1,Continuer navigation,fast shipping
731e2639,96,view,Rain Jacket Women Windbreaker Striped Climbing Raincoats,women's clothing,39.9900016784668,3.799999952316284,google,1,Continuer navigation,poor quality
1456621d,134,abandon,MBJ Women's Solid Short Sleeve Boat Neck V ,women's clothing,9.850000381469727,4.699999809265137,google,-1,Envoyer coupon -20%,great product
d088415a,171,view,Opna Women's Short Sleeve Moisture,women's clothing,7.949999809265137,4.5,pub,1,Continuer navigation,great product
4b143e1b,140,purchase,DANVOUY Womens T Shirt Casual Cotton Short,women's clothing,12.989999771118164,3.5999999046325684,google,5,Suggerer produits similaires,highly impressed
9f0480e7,74,search,"Fjallraven - Foldsack No. 1 Backpack, Fits 15 Laptops",men's clothing,109.94999694824219,3.9000000953674316,pub,1,Continuer navigation,not as described
2b40cbbb,90,add_to_cart,Mens Casual Premium Slim Fit T-Shirts ,men's clothing,22.299999237060547,4.099999904632568,email,3,Proposer livraison gratuite,very happy with my purchase
b9ea985f,8,abandon,Mens Cotton Jacket,men's clothing,55.9900016784668,4.699999809265137,direct,-1,Envoyer coupon -20%,very dissatisfied
d9c4de37,65,add_to_cart,Mens Casual Slim Fit,men's clothing,15.989999771118164,2.0999999046325684,pub,3,Proposer livraison gratuite,disappointing product
a2ec0e8c,16,add_to_cart,John Hardy Women's Legends Naga Gold & Silver Dragon Station Chain Bracelet,jewelery,695,4.599999904632568,reseaux_sociaux,3,Proposer livraison gratuite,very dissatisfied
a9a26be9,141,purchase,Solid Gold Petite Micropave ,jewelery,168,3.9000000953674316,email,5,Suggerer produits similaires,would buy again
8ff139ff,172,view,White Gold Plated Princess,jewelery,9.989999771118164,3,direct,1,Continuer navigation,fast shipping
7db00bfb,186,view,Pierced Owl Rose Gold Plated Stainless Steel Double,jewelery,10.989999771118164,1.899999976158142,email,1,Continuer navigation,fast shipping
43bde470,61,add_to_cart,WD 2TB Elements Portable External Hard Drive - USB 3.0 ,electronics,64,3.299999952316284,google,3,Proposer livraison gratuite,very dissatisfied
20ed2866,115,add_to_cart,SanDisk SSD PLUS 1TB Internal SSD - SATA III 6 Gb/s,electronics,109,2.9000000953674316,direct,3,Proposer livraison gratuite,awesome product
20d6314c,84,add_to_cart,Silicon Power 256GB SSD 3D NAND A55 SLC Cache Performance Boost SATA III 2.5,electronics,109,4.800000190734863,email,3,Proposer livraison gratuite,very disappointed
aa72b60e,95,add_to_cart,WD 4TB Gaming Drive Works with Playstation 4 Portable External Hard Drive,electronics,114,4.800000190734863,email,3,Proposer livraison gratuite,excellent quality
689c7808,20,add_to_cart,Acer SB220Q bi 21.5 inches Full HD (1920 x 1080) IPS Ultra-Thin,electronics,599,2.9000000953674316,direct,3,Proposer livraison gratuite,very disappointed
6c907ece,27,search,Samsung 49-Inch CHG90 144Hz Curved Gaming Monitor (LC49HG90DMNXZA) – Super Ultrawide Screen QLED ,electronics,999.989990234375,2.200000047683716,direct,1,Continuer navigation,great value for money
8ff9d95d,10,add_to_cart,BIYLACLESEN Women's 3-in-1 Snowboard Jacket Winter Coats,women's clothing,56.9900016784668,2.5999999046325684,direct,3,Proposer livraison gratuite,very pleased
8efe33e9,140,purchase,Lock and Love Women's Removable Hooded Faux Leather Moto Biker Jacket,women's clothing,29.950000762939453,2.9000000953674316,direct,5,Suggerer produits similaires,poor quality
fffb7016,17,purchase,Rain Jacket Women Windbreaker Striped Climbing Raincoats,women's clothing,39.9900016784668,3.799999952316284,direct,5,Suggerer produits similaires,very disappointed
18f225be,157,search,MBJ Women's Solid Short Sleeve Boat Neck V ,women's clothing,9.850000381469727,4.699999809265137,reseaux_sociaux,1,Continuer navigation,poor quality
8c710418,92,abandon,Opna Women's Short Sleeve Moisture,women's clothing,7.949999809265137,4.5,email,-1,Envoyer coupon -20%,great product
ef564067,21,search,DANVOUY Womens T Shirt Casual Cotton Short,women's clothing,12.989999771118164,3.5999999046325684,direct,1,Continuer navigation,fast shipping
cdfb180a,30,search,"Fjallraven - Foldsack No. 1 Backpack, Fits 15 Laptops",men's clothing,109.94999694824219,3.9000000953674316,reseaux_sociaux,1,Continuer navigation,waste of money
ed7f0ad1,138,view,Mens Casual Premium Slim Fit T-Shirts ,men's clothing,22.299999237060547,4.099999904632568,google,1,Continuer navigation,awesome product
25546d19,122,add_to_cart,Mens Cotton Jacket,men's clothing,55.9900016784668,4.699999809265137,email,3,Proposer livraison gratuite,highly impressed
3ecff43e,62,purchase,Mens Casual Slim Fit,men's clothing,15.989999771118164,2.0999999046325684,direct,5,Suggerer produits similaires,would buy again
87869fd7,54,add_to_cart,John Hardy Women's Legends Naga Gold & Silver Dragon Station Chain Bracelet,jewelery,695,4.599999904632568,direct,3,Proposer livraison gratuite,would not recommend
957d23e6,62,add_to_cart,Solid Gold Petite Micropave ,jewelery,168,3.9000000953674316,direct,3,Proposer livraison gratuite,awesome product
e4126840,73,abandon,White Gold Plated Princess,jewelery,9.989999771118164,3,google,-1,Envoyer coupon -20%,poor quality
0d9ac1c4,3,view,Pierced Owl Rose Gold Plated Stainless Steel Double,jewelery,10.989999771118164,1.899999976158142,pub,1,Continuer navigation,very dissatisfied
921b4d8f,94,add_to_cart,WD 2TB Elements Portable External Hard Drive - USB 3.0 ,electronics,64,3.299999952316284,reseaux_sociaux,3,Proposer livraison gratuite,poor quality
fa83e4e3,191,search,SanDisk SSD PLUS 1TB Internal SSD - SATA III 6 Gb/s,electronics,109,2.9000000953674316,email,1,Continuer navigation,poor quality
34ef2502,49,search,Silicon Power 256GB SSD 3D NAND A55 SLC Cache Performance Boost SATA III 2.5,electronics,109,4.800000190734863,direct,1,Continuer navigation,great value for money
edfc0723,181,purchase,WD 4TB Gaming Drive Works with Playstation 4 Portable External Hard Drive,electronics,114,4.800000190734863,pub,5,Suggerer produits similaires,not worth the price
b77f59cb,118,search,Acer SB220Q bi 21.5 inches Full HD (1920 x 1080) IPS Ultra-Thin,electronics,599,2.9000000953674316,reseaux_sociaux,1,Continuer navigation,excellent quality
4c6f68b3,192,purchase,Samsung 49-Inch CHG90 144Hz Curved Gaming Monitor (LC49HG90DMNXZA) – Super Ultrawide Screen QLED ,electronics,999.989990234375,2.200000047683716,direct,5,Suggerer produits similaires,very dissatisfied
e5405d84,173,abandon,BIYLACLESEN Women's 3-in-1 Snowboard Jacket Winter Coats,women's clothing,56.9900016784668,2.5999999046325684,email,-1,Envoyer coupon -20%,poor quality
186069df,187,abandon,Lock and Love Women's Removable Hooded Faux Leather Moto Biker Jacket,women's clothing,29.950000762939453,2.9000000953674316,pub,-1,Envoyer coupon -20%,would not recommend
591e640e,116,abandon,Rain Jacket Women Windbreaker Striped Climbing Raincoats,women's clothing,39.9900016784668,3.799999952316284,pub,-1,Envoyer coupon -20%,fast shipping
66795042,161,view,MBJ Women's Solid Short Sleeve Boat Neck V ,women's clothing,9.850000381469727,4.699999809265137,pub,1,Continuer navigation,very dissatisfied
eb720e69,150,purchase,Opna Women's Short Sleeve Moisture,women's clothing,7.949999809265137,4.5,reseaux_sociaux,5,Suggerer produits similaires,would buy again
01b4fbc3,115,abandon,DANVOUY Womens T Shirt Casual Cotton Short,women's clothing,12.989999771118164,3.5999999046325684,reseaux_sociaux,-1,Envoyer coupon -20%,highly recommended
fd2c3c5c,2,search,"Fjallraven - Foldsack No. 1 Backpack, Fits 15 Laptops",men's clothing,109.94999694824219,3.9000000953674316,google,1,Continuer navigation,would not recommend
f21ebb39,54,purchase,Mens Casual Premium Slim Fit T-Shirts ,men's clothing,22.299999237060547,4.099999904632568,email,5,Suggerer produits similaires,highly impressed
59caa78f,48,search,Mens Cotton Jacket,men's clothing,55.9900016784668,4.699999809265137,reseaux_sociaux,1,Continuer navigation,fast shipping
ef1b833e,104,view,Mens Casual Slim Fit,men's clothing,15.989999771118164,2.0999999046325684,direct,1,Continuer navigation,would not recommend
cd797e71,32,add_to_cart,John Hardy Women's Legends Naga Gold & Silver Dragon Station Chain Bracelet,jewelery,695,4.599999904632568,email,3,Proposer livraison gratuite,very happy with my purchase
b89bbd19,37,view,Solid Gold Petite Micropave ,jewelery,168,3.9000000953674316,direct,1,Continuer navigation,very disappointed
a9559861,161,add_to_cart,White Gold Plated Princess,jewelery,9.989999771118164,3,google,3,Proposer livraison gratuite,very dissatisfied
faf4c04d,77,add_to_cart,Pierced Owl Rose Gold Plated Stainless Steel Double,jewelery,10.989999771118164,1.899999976158142,pub,3,Proposer livraison gratuite,would not recommend
0cf18892,196,abandon,WD 2TB Elements Portable External Hard Drive - USB 3.0 ,electronics,64,3.299999952316284,direct,-1,Envoyer coupon -20%,waste of money
d9680ecb,149,search,SanDisk SSD PLUS 1TB Internal SSD - SATA III 6 Gb/s,electronics,109,2.9000000953674316,direct,1,Continuer navigation,excellent quality
0ad5dea4,114,add_to_cart,Silicon Power 256GB SSD 3D NAND A55 SLC Cache Performance Boost SATA III 2.5,electronics,109,4.800000190734863,pub,3,Proposer livraison gratuite,would not recommend
5ee267f6,41,abandon,WD 4TB Gaming Drive Works with Playstation 4 Portable External Hard Drive,electronics,114,4.800000190734863,google,-1,Envoyer coupon -20%,not as described
ff28c5e1,89,abandon,Acer SB220Q bi 21.5 inches Full HD (1920 x 1080) IPS Ultra-Thin,electronics,599,2.9000000953674316,email,-1,Envoyer coupon -20%,awesome product
22d50ffb,118,purchase,Samsung 49-Inch CHG90 144Hz Curved Gaming Monitor (LC49HG90DMNXZA) – Super Ultrawide Screen QLED ,electronics,999.989990234375,2.200000047683716,email,5,Suggerer produits similaires,great value for money
9b6cecc0,160,search,BIYLACLESEN Women's 3-in-1 Snowboard Jacket Winter Coats,women's clothing,56.9900016784668,2.5999999046325684,direct,1,Continuer navigation,very pleased
de0332f7,196,add_to_cart,Lock and Love Women's Removable Hooded Faux Leather Moto Biker Jacket,women's clothing,29.950000762939453,2.9000000953674316,google,3,Proposer livraison gratuite,highly recommended
d13e9235,25,abandon,Rain Jacket Women Windbreaker Striped Climbing Raincoats,women's clothing,39.9900016784668,3.799999952316284,direct,-1,Envoyer coupon -20%,excellent quality
c443fd24,134,view,MBJ Women's Solid Short Sleeve Boat Neck V ,women's clothing,9.850000381469727,4.699999809265137,reseaux_sociaux,1,Continuer navigation,would buy again
5786c943,22,abandon,Opna Women's Short Sleeve Moisture,women's clothing,7.949999809265137,4.5,email,-1,Envoyer coupon -20%,fast shipping
df1a1800,73,view,DANVOUY Womens T Shirt Casual Cotton Short,women's clothing,12.989999771118164,3.5999999046325684,google,1,Continuer navigation,very unhappy with my purchase
03bdbfe6,19,search,"Fjallraven - Foldsack No. 1 Backpack, Fits 15 Laptops",men's clothing,109.94999694824219,3.9000000953674316,pub,1,Continuer navigation,excellent quality
484c45f7,83,search,Mens Casual Premium Slim Fit T-Shirts ,men's clothing,22.299999237060547,4.099999904632568,reseaux_sociaux,1,Continuer navigation,not worth the price
67d5dac8,86,abandon,Mens Cotton Jacket,men's clothing,55.9900016784668,4.699999809265137,pub,-1,Envoyer coupon -20%,would not recommend
19288b2f,176,add_to_cart,Mens Casual Slim Fit,men's clothing,15.989999771118164,2.0999999046325684,email,3,Proposer livraison gratuite,very pleased
bae20684,30,purchase,John Hardy Women's Legends Naga Gold & Silver Dragon Station Chain Bracelet,jewelery,695,4.599999904632568,direct,5,Suggerer produits similaires,highly recommended
bc4ad8a0,49,abandon,Solid Gold Petite Micropave ,jewelery,168,3.9000000953674316,google,-1,Envoyer coupon -20%,would buy again
63d7c412,4,add_to_cart,White Gold Plated Princess,jewelery,9.989999771118164,3,pub,3,Proposer livraison gratuite,very pleased
76c01517,180,purchase,Pierced Owl Rose Gold Plated Stainless Steel Double,jewelery,10.989999771118164,1.899999976158142,pub,5,Suggerer produits similaires,very satisfied
40e82044,36,abandon,WD 2TB Elements Portable External Hard Drive - USB 3.0 ,electronics,64,3.299999952316284,reseaux_sociaux,-1,Envoyer coupon -20%,very happy with my purchase
a3b62856,54,abandon,SanDisk SSD PLUS 1TB Internal SSD - SATA III 6 Gb/s,electronics,109,2.9000000953674316,email,-1,Envoyer coupon -20%,great product
debcd3f7,51,add_to_cart,Silicon Power 256GB SSD 3D NAND A55 SLC Cache Performance Boost SATA III 2.5,electronics,109,4.800000190734863,reseaux_sociaux,3,Proposer livraison gratuite,excellent quality
0f962e18,190,search,WD 4TB Gaming Drive Works with Playstation 4 Portable External Hard Drive,electronics,114,4.800000190734863,email,1,Continuer navigation,great value for money
b57f6b97,41,add_to_cart,Acer SB220Q bi 21.5 inches Full HD (1920 x 1080) IPS Ultra-Thin,electronics,599,2.9000000953674316,reseaux_sociaux,3,Proposer livraison gratuite,would not recommend
fe0cf4d4,181,abandon,Samsung 49-Inch CHG90 144Hz Curved Gaming Monitor (LC49HG90DMNXZA) – Super Ultrawide Screen QLED ,electronics,999.989990234375,2.200000047683716,email,-1,Envoyer coupon -20%,awesome product
a611e365,32,purchase,BIYLACLESEN Women's 3-in-1 Snowboard Jacket Winter Coats,women's clothing,56.9900016784668,2.5999999046325684,reseaux_sociaux,5,Suggerer produits similaires,awesome product
dcea78c3,92,add_to_cart,Lock and Love Women's Removable Hooded Faux Leather Moto Biker Jacket,women's clothing,29.950000762939453,2.9000000953674316,reseaux_sociaux,3,Proposer livraison gratuite,not worth the price
6be5606b,185,abandon,Rain Jacket Women Windbreaker Striped Climbing Raincoats,women's clothing,39.9900016784668,3.799999952316284,google,-1,Envoyer coupon -20%,poor quality
37b2f169,14,add_to_cart,MBJ Women's Solid Short Sleeve Boat Neck V ,women's clothing,9.850000381469727,4.699999809265137,google,3,Proposer livraison gratuite,fast shipping
e16ddede,158,search,Opna Women's Short Sleeve Moisture,women's clothing,7.949999809265137,4.5,google,1,Continuer navigation,very disappointed
d841eca5,138,abandon,DANVOUY Womens T Shirt Casual Cotton Short,women's clothing,12.989999771118164,3.5999999046325684,pub,-1,Envoyer coupon -20%,not as described
a589f729,135,add_to_cart,"Fjallraven - Foldsack No. 1 Backpack, Fits 15 Laptops",men's clothing,109.94999694824219,3.9000000953674316,google,3,Proposer livraison gratuite,would not recommend
0d88bc3e,22,add_to_cart,Mens Casual Premium Slim Fit T-Shirts ,men's clothing,22.299999237060547,4.099999904632568,reseaux_sociaux,3,Proposer livraison gratuite,would buy again
e37dd1e6,43,abandon,Mens Cotton Jacket,men's clothing,55.9900016784668,4.699999809265137,email,-1,Envoyer coupon -20%,very pleased
1356851b,54,view,Mens Casual Slim Fit,men's clothing,15.989999771118164,2.0999999046325684,google,1,Continuer navigation,highly impressed
804aecec,124,add_to_cart,John Hardy Women's Legends Naga Gold & Silver Dragon Station Chain Bracelet,jewelery,695,4.599999904632568,email,3,Proposer livraison gratuite,great value for money
292f3470,149,view,Solid Gold Petite Micropave ,jewelery,168,3.9000000953674316,pub,1,Continuer navigation,great value for money
fa38a8f4,195,view,White Gold Plated Princess,jewelery,9.989999771118164,3,pub,1,Continuer navigation,would not recommend
d6613328,133,search,Pierced Owl Rose Gold Plated Stainless Steel Double,jewelery,10.989999771118164,1.899999976158142,reseaux_sociaux,1,Continuer navigation,very unhappy with my purchase
9d5e7a78,57,purchase,WD 2TB Elements Portable External Hard Drive - USB 3.0 ,electronics,64,3.299999952316284,google,5,Suggerer produits similaires,excellent quality
bdb4ff5d,155,view,SanDisk SSD PLUS 1TB Internal SSD - SATA III 6 Gb/s,electronics,109,2.9000000953674316,email,1,Continuer navigation,not as described
6838ac70,29,add_to_cart,Silicon Power 256GB SSD 3D NAND A55 SLC Cache Performance Boost SATA III 2.5,electronics,109,4.800000190734863,reseaux_sociaux,3,Proposer livraison gratuite,would not recommend
c441a28b,181,add_to_cart,WD 4TB Gaming Drive Works with Playstation 4 Portable External Hard Drive,electronics,114,4.800000190734863,google,3,Proposer livraison gratuite,would not recommend
ff38dda7,39,purchase,Acer SB220Q bi 21.5 inches Full HD (1920 x 1080) IPS Ultra-Thin,electronics,599,2.9000000953674316,email,5,Suggerer produits similaires,great product
d1e374f8,111,add_to_cart,Samsung 49-Inch CHG90 144Hz Curved Gaming Monitor (LC49HG90DMNXZA) – Super Ultrawide Screen QLED ,electronics,999.989990234375,2.200000047683716,email,3,Proposer livraison gratuite,highly impressed
faeb6027,128,add_to_cart,BIYLACLESEN Women's 3-in-1 Snowboard Jacket Winter Coats,women's clothing,56.9900016784668,2.5999999046325684,email,3,Proposer livraison gratuite,would buy again
7078956b,151,purchase,Lock and Love Women's Removable Hooded Faux Leather Moto Biker Jacket,women's clothing,29.950000762939453,2.9000000953674316,email,5,Suggerer produits similaires,disappointing product
c63f9c6d,75,search,Rain Jacket Women Windbreaker Striped Climbing Raincoats,women's clothing,39.9900016784668,3.799999952316284,reseaux_sociaux,1,Continuer navigation,excellent quality
db37c595,131,add_to_cart,MBJ Women's Solid Short Sleeve Boat Neck V ,women's clothing,9.850000381469727,4.699999809265137,email,3,Proposer livraison gratuite,very unhappy with my purchase
b7841fe6,34,add_to_cart,Opna Women's Short Sleeve Moisture,women's clothing,7.949999809265137,4.5,reseaux_sociaux,3,Proposer livraison gratuite,fast shipping
9c27b428,168,search,DANVOUY Womens T Shirt Casual Cotton Short,women's clothing,12.989999771118164,3.5999999046325684,reseaux_sociaux,1,Continuer navigation,would not recommend
0c72a3c6,128,abandon,"Fjallraven - Foldsack No. 1 Backpack, Fits 15 Laptops",men's clothing,109.94999694824219,3.9000000953674316,pub,-1,Envoyer coupon -20%,highly impressed
cedb7d78,196,view,Mens Casual Premium Slim Fit T-Shirts ,men's clothing,22.299999237060547,4.099999904632568,direct,1,Continuer navigation,fast shipping
5bb24ed4,77,purchase,Mens Cotton Jacket,men's clothing,55.9900016784668,4.699999809265137,google,5,Suggerer produits similaires,excellent quality
42f8e5cd,158,search,Mens Casual Slim Fit,men's clothing,15.989999771118164,2.0999999046325684,email,1,Continuer navigation,great value for money
15d315af,96,search,John Hardy Women's Legends Naga Gold & Silver Dragon Station Chain Bracelet,jewelery,695,4.599999904632568,google,1,Continuer navigation,very pleased
b7cc1025,149,add_to_cart,Solid Gold Petite Micropave ,jewelery,168,3.9000000953674316,pub,3,Proposer livraison gratuite,very pleased
39f65816,15,search,White Gold Plated Princess,jewelery,9.989999771118164,3,pub,1,Continuer navigation,very pleased
28c1bd1b,32,view,Pierced Owl Rose Gold Plated Stainless Steel Double,jewelery,10.989999771118164,1.899999976158142,reseaux_sociaux,1,Continuer navigation,great value for money
c9e72990,172,purchase,WD 2TB Elements Portable External Hard Drive - USB 3.0 ,electronics,64,3.299999952316284,email,5,Suggerer produits similaires,waste of money
1192c7f4,104,view,SanDisk SSD PLUS 1TB Internal SSD - SATA III 6 Gb/s,electronics,109,2.9000000953674316,google,1,Continuer navigation,great product
0b9198c8,50,abandon,Silicon Power 256GB SSD 3D NAND A55 SLC Cache Performance Boost SATA III 2.5,electronics,109,4.800000190734863,direct,-1,Envoyer coupon -20%,highly impressed
95c94f16,126,purchase,WD 4TB Gaming Drive Works with Playstation 4 Portable External Hard Drive,electronics,114,4.800000190734863,email,5,Suggerer produits similaires,great product
8d0e68cd,184,search,Acer SB220Q bi 21.5 inches Full HD (1920 x 1080) IPS Ultra-Thin,electronics,599,2.9000000953674316,google,1,Continuer navigation,excellent quality
a1bb4cfb,66,abandon,Samsung 49-Inch CHG90 144Hz Curved Gaming Monitor (LC49HG90DMNXZA) – Super Ultrawide Screen QLED ,electronics,999.989990234375,2.200000047683716,google,-1,Envoyer coupon -20%,great value for money
f1581c3c,96,abandon,BIYLACLESEN Women's 3-in-1 Snowboard Jacket Winter Coats,women's clothing,56.9900016784668,2.5999999046325684,pub,-1,Envoyer coupon -20%,excellent quality
f738c83c,63,view,Lock and Love Women's Removable Hooded Faux Leather Moto Biker Jacket,women's clothing,29.950000762939453,2.9000000953674316,email,1,Continuer navigation,very unhappy with my purchase
93d34684,137,search,Rain Jacket Women Windbreaker Striped Climbing Raincoats,women's clothing,39.9900016784668,3.799999952316284,reseaux_sociaux,1,Continuer navigation,great value for money
91a36108,144,add_to_cart,MBJ Women's Solid Short Sleeve Boat Neck V ,women's clothing,9.850000381469727,4.699999809265137,pub,3,Proposer livraison gratuite,disappointing product
c5f89f37,110,abandon,Opna Women's Short Sleeve Moisture,women's clothing,7.949999809265137,4.5,email,-1,Envoyer coupon -20%,would not recommend
1ad6ab67,69,purchase,DANVOUY Womens T Shirt Casual Cotton Short,women's clothing,12.989999771118164,3.5999999046325684,reseaux_sociaux,5,Suggerer produits similaires,very dissatisfied
84f178a7,150,abandon,"Fjallraven - Foldsack No. 1 Backpack, Fits 15 Laptops",men's clothing,109.94999694824219,3.9000000953674316,email,-1,Envoyer coupon -20%,would not recommend
bf0071d7,31,add_to_cart,Mens Casual Premium Slim Fit T-Shirts ,men's clothing,22.299999237060547,4.099999904632568,reseaux_sociaux,3,Proposer livraison gratuite,very happy with my purchase
4e40608a,33,add_to_cart,Mens Cotton Jacket,men's clothing,55.9900016784668,4.699999809265137,email,3,Proposer livraison gratuite,would not recommend
97ba0071,116,abandon,Mens Casual Slim Fit,men's clothing,15.989999771118164,2.0999999046325684,pub,-1,Envoyer coupon -20%,great product
b992268c,12,view,John Hardy Women's Legends Naga Gold & Silver Dragon Station Chain Bracelet,jewelery,695,4.599999904632568,email,1,Continuer navigation,great value for money
70839ad9,103,abandon,Solid Gold Petite Micropave ,jewelery,168,3.9000000953674316,reseaux_sociaux,-1,Envoyer coupon -20%,very dissatisfied
23ac85ee,52,purchase,White Gold Plated Princess,jewelery,9.989999771118164,3,pub,5,Suggerer produits similaires,would not recommend
815e8ec8,44,add_to_cart,Pierced Owl Rose Gold Plated Stainless Steel Double,jewelery,10.989999771118164,1.899999976158142,pub,3,Proposer livraison gratuite,disappointing product
2b42622e,20,purchase,WD 2TB Elements Portable External Hard Drive - USB 3.0 ,electronics,64,3.299999952316284,reseaux_sociaux,5,Suggerer produits similaires,not as described
0d8f1d6e,76,search,SanDisk SSD PLUS 1TB Internal SSD - SATA III 6 Gb/s,electronics,109,2.9000000953674316,reseaux_sociaux,1,Continuer navigation,excellent quality
f13ab381,10,purchase,Silicon Power 256GB SSD 3D NAND A55 SLC Cache Performance Boost SATA III 2.5,electronics,109,4.800000190734863,direct,5,Suggerer produits similaires,great value for money
4005a938,168,purchase,WD 4TB Gaming Drive Works with Playstation 4 Portable External Hard Drive,electronics,114,4.800000190734863,google,5,Suggerer produits similaires,would not recommend
84350f40,98,purchase,Acer SB220Q bi 21.5 inches Full HD (1920 x 1080) IPS Ultra-Thin,electronics,599,2.9000000953674316,direct,5,Suggerer produits similaires,highly recommended
9dd67d44,56,add_to_cart,Samsung 49-Inch CHG90 144Hz Curved Gaming Monitor (LC49HG90DMNXZA) – Super Ultrawide Screen QLED ,electronics,999.989990234375,2.200000047683716,email,3,Proposer livraison gratuite,great product
49898104,30,search,BIYLACLESEN Women's 3-in-1 Snowboard Jacket Winter Coats,women's clothing,56.9900016784668,2.5999999046325684,email,1,Continuer navigation,highly recommended
dd9eaff4,33,purchase,Lock and Love Women's Removable Hooded Faux Leather Moto Biker Jacket,women's clothing,29.950000762939453,2.9000000953674316,email,5,Suggerer produits similaires,very unhappy with my purchase
873c13ad,30,search,Rain Jacket Women Windbreaker Striped Climbing Raincoats,women's clothing,39.9900016784668,3.799999952316284,direct,1,Continuer navigation,would buy again
8bb7527a,124,view,MBJ Women's Solid Short Sleeve Boat Neck V ,women's clothing,9.850000381469727,4.699999809265137,google,1,Continuer navigation,awesome product
a3308cf8,92,purchase,Opna Women's Short Sleeve Moisture,women's clothing,7.949999809265137,4.5,google,5,Suggerer produits similaires,very satisfied
e41337b7,68,view,DANVOUY Womens T Shirt Casual Cotton Short,women's clothing,12.989999771118164,3.5999999046325684,direct,1,Continuer navigation,highly recommended
7208a0d0,158,abandon,"Fjallraven - Foldsack No. 1 Backpack, Fits 15 Laptops",men's clothing,109.94999694824219,3.9000000953674316,google,-1,Envoyer coupon -20%,great product
709cd8b1,52,view,Mens Casual Premium Slim Fit T-Shirts ,men's clothing,22.299999237060547,4.099999904632568,email,1,Continuer navigation,very unhappy with my purchase
36230acb,155,purchase,Mens Cotton Jacket,men's clothing,55.9900016784668,4.699999809265137,email,5,Suggerer produits similaires,very dissatisfied
dc27de2b,120,add_to_cart,Mens Casual Slim Fit,men's clothing,15.989999771118164,2.0999999046325684,google,3,Proposer livraison gratuite,waste of money
17d8606f,15,view,John Hardy Women's Legends Naga Gold & Silver Dragon Station Chain Bracelet,jewelery,695,4.599999904632568,pub,1,Continuer navigation,very unhappy with my purchase
1c159054,80,abandon,Solid Gold Petite Micropave ,jewelery,168,3.9000000953674316,email,-1,Envoyer coupon -20%,awesome product
d3bf0cd7,30,purchase,White Gold Plated Princess,jewelery,9.989999771118164,3,reseaux_sociaux,5,Suggerer produits similaires,very happy with my purchase
fab64afd,19,purchase,Pierced Owl Rose Gold Plated Stainless Steel Double,jewelery,10.989999771118164,1.899999976158142,google,5,Suggerer produits similaires,awesome product
75ce476e,147,add_to_cart,WD 2TB Elements Portable External Hard Drive - USB 3.0 ,electronics,64,3.299999952316284,google,3,Proposer livraison gratuite,would not recommend
07dd461d,67,search,SanDisk SSD PLUS 1TB Internal SSD - SATA III 6 Gb/s,electronics,109,2.9000000953674316,pub,1,Continuer navigation,great product
add45ed1,77,abandon,Silicon Power 256GB SSD 3D NAND A55 SLC Cache Performance Boost SATA III 2.5,electronics,109,4.800000190734863,email,-1,Envoyer coupon -20%,very disappointed
d57137df,77,add_to_cart,WD 4TB Gaming Drive Works with Playstation 4 Portable External Hard Drive,electronics,114,4.800000190734863,reseaux_sociaux,3,Proposer livraison gratuite,not worth the price
945b9d40,58,add_to_cart,Acer SB220Q bi 21.5 inches Full HD (1920 x 1080) IPS Ultra-Thin,electronics,599,2.9000000953674316,reseaux_sociaux,3,Proposer livraison gratuite,great product
d282f329,106,view,Samsung 49-Inch CHG90 144Hz Curved Gaming Monitor (LC49HG90DMNXZA) – Super Ultrawide Screen QLED ,electronics,999.989990234375,2.200000047683716,reseaux_sociaux,1,Continuer navigation,great value for money
4e76c4d7,172,abandon,BIYLACLESEN Women's 3-in-1 Snowboard Jacket Winter Coats,women's clothing,56.9900016784668,2.5999999046325684,email,-1,Envoyer coupon -20%,very dissatisfied
a8537a50,5,view,Lock and Love Women's Removable Hooded Faux Leather Moto Biker Jacket,women's clothing,29.950000762939453,2.9000000953674316,reseaux_sociaux,1,Continuer navigation,poor quality
e5d0b839,186,add_to_cart,Rain Jacket Women Windbreaker Striped Climbing Raincoats,women's clothing,39.9900016784668,3.799999952316284,pub,3,Proposer livraison gratuite,would buy again
e1972da4,76,add_to_cart,MBJ Women's Solid Short Sleeve Boat Neck V ,women's clothing,9.850000381469727,4.699999809265137,direct,3,Proposer livraison gratuite,very dissatisfied
92509c5b,46,add_to_cart,Opna Women's Short Sleeve Moisture,women's clothing,7.949999809265137,4.5,google,3,Proposer livraison gratuite,great product
8a06a7be,49,search,DANVOUY Womens T Shirt Casual Cotton Short,women's clothing,12.989999771118164,3.5999999046325684,email,1,Continuer navigation,would not buy again
a42351d5,90,purchase,"Fjallraven - Foldsack No. 1 Backpack, Fits 15 Laptops",men's clothing,109.94999694824219,3.9000000953674316,reseaux_sociaux,5,Suggerer produits similaires,excellent quality
b363df17,136,abandon,Mens Casual Premium Slim Fit T-Shirts ,men's clothing,22.299999237060547,4.099999904632568,email,-1,Envoyer coupon -20%,very disappointed
548e9905,57,abandon,Mens Cotton Jacket,men's clothing,55.9900016784668,4.699999809265137,pub,-1,Envoyer coupon -20%,highly impressed
40a87982,143,search,Mens Casual Slim Fit,men's clothing,15.989999771118164,2.0999999046325684,direct,1,Continuer navigation,very dissatisfied
f2905a3f,144,search,John Hardy Women's Legends Naga Gold & Silver Dragon Station Chain Bracelet,jewelery,695,4.599999904632568,google,1,Continuer navigation,very pleased
1057e1ed,67,search,Solid Gold Petite Micropave ,jewelery,168,3.9000000953674316,pub,1,Continuer navigation,would not buy again
17b03f20,37,add_to_cart,White Gold Plated Princess,jewelery,9.989999771118164,3,pub,3,Proposer livraison gratuite,highly recommended
3c7f50bf,127,add_to_cart,Pierced Owl Rose Gold Plated Stainless Steel Double,jewelery,10.989999771118164,1.899999976158142,google,3,Proposer livraison gratuite,very unhappy with my purchase
18444dd3,188,purchase,WD 2TB Elements Portable External Hard Drive - USB 3.0 ,electronics,64,3.299999952316284,reseaux_sociaux,5,Suggerer produits similaires,excellent quality
8e4698e2,197,purchase,SanDisk SSD PLUS 1TB Internal SSD - SATA III 6 Gb/s,electronics,109,2.9000000953674316,direct,5,Suggerer produits similaires,would not recommend
c0b14a02,60,abandon,Silicon Power 256GB SSD 3D NAND A55 SLC Cache Performance Boost SATA III 2.5,electronics,109,4.800000190734863,email,-1,Envoyer coupon -20%,excellent quality
c591ad62,64,purchase,WD 4TB Gaming Drive Works with Playstation 4 Portable External Hard Drive,electronics,114,4.800000190734863,reseaux_sociaux,5,Suggerer produits similaires,great product
8ced8d4c,111,purchase,Acer SB220Q bi 21.5 inches Full HD (1920 x 1080) IPS Ultra-Thin,electronics,599,2.9000000953674316,reseaux_sociaux,5,Suggerer produits similaires,great value for money
f965c247,54,view,Samsung 49-Inch CHG90 144Hz Curved Gaming Monitor (LC49HG90DMNXZA) – Super Ultrawide Screen QLED ,electronics,999.989990234375,2.200000047683716,pub,1,Continuer navigation,great product
1f7bde2f,36,purchase,BIYLACLESEN Women's 3-in-1 Snowboard Jacket Winter Coats,women's clothing,56.9900016784668,2.5999999046325684,pub,5,Suggerer produits similaires,poor quality
e88776f3,98,search,Lock and Love Women's Removable Hooded Faux Leather Moto Biker Jacket,women's clothing,29.950000762939453,2.9000000953674316,pub,1,Continuer navigation,waste of money
6c829fbd,162,view,Rain Jacket Women Windbreaker Striped Climbing Raincoats,women's clothing,39.9900016784668,3.799999952316284,direct,1,Continuer navigation,would not recommend
01109b1c,108,view,MBJ Women's Solid Short Sleeve Boat Neck V ,women's clothing,9.850000381469727,4.699999809265137,google,1,Continuer navigation,fast shipping
ea4d446d,125,purchase,Opna Women's Short Sleeve Moisture,women's clothing,7.949999809265137,4.5,pub,5,Suggerer produits similaires,great product
e08f49db,122,abandon,DANVOUY Womens T Shirt Casual Cotton Short,women's clothing,12.989999771118164,3.5999999046325684,direct,-1,Envoyer coupon -20%,great product
4fb53e1c,114,purchase,"Fjallraven - Foldsack No. 1 Backpack, Fits 15 Laptops",men's clothing,109.94999694824219,3.9000000953674316,reseaux_sociaux,5,Suggerer produits similaires,highly recommended
adafeb21,164,purchase,Mens Casual Premium Slim Fit T-Shirts ,men's clothing,22.299999237060547,4.099999904632568,email,5,Suggerer produits similaires,highly impressed
e44dfd2e,86,abandon,Mens Cotton Jacket,men's clothing,55.9900016784668,4.699999809265137,direct,-1,Envoyer coupon -20%,great value for money
6935fc99,12,abandon,Mens Casual Slim Fit,men's clothing,15.989999771118164,2.0999999046325684,google,-1,Envoyer coupon -20%,excellent quality
a4fdbdcd,14,add_to_cart,John Hardy Women's Legends Naga Gold & Silver Dragon Station Chain Bracelet,jewelery,695,4.599999904632568,pub,3,Proposer livraison gratuite,poor quality
b94f89e4,153,abandon,Solid Gold Petite Micropave ,jewelery,168,3.9000000953674316,email,-1,Envoyer coupon -20%,would not recommend
81101cb5,76,purchase,White Gold Plated Princess,jewelery,9.989999771118164,3,pub,5,Suggerer produits similaires,very happy with my purchase
aac51aa3,45,add_to_cart,Pierced Owl Rose Gold Plated Stainless Steel Double,jewelery,10.989999771118164,1.899999976158142,reseaux_sociaux,3,Proposer livraison gratuite,very happy with my purchase
5b035136,28,view,WD 2TB Elements Portable External Hard Drive - USB 3.0 ,electronics,64,3.299999952316284,reseaux_sociaux,1,Continuer navigation,highly recommended
a4c07d23,118,search,SanDisk SSD PLUS 1TB Internal SSD - SATA III 6 Gb/s,electronics,109,2.9000000953674316,reseaux_sociaux,1,Continuer navigation,highly impressed
388cf257,47,purchase,Silicon Power 256GB SSD 3D NAND A55 SLC Cache Performance Boost SATA III 2.5,electronics,109,4.800000190734863,google,5,Suggerer produits similaires,great value for money
dbf4356d,87,view,WD 4TB Gaming Drive Works with Playstation 4 Portable External Hard Drive,electronics,114,4.800000190734863,pub,1,Continuer navigation,highly recommended
132172f6,90,purchase,Acer SB220Q bi 21.5 inches Full HD (1920 x 1080) IPS Ultra-Thin,electronics,599,2.9000000953674316,direct,5,Suggerer produits similaires,poor quality
fca3eb6d,70,add_to_cart,Samsung 49-Inch CHG90 144Hz Curved Gaming Monitor (LC49HG90DMNXZA) – Super Ultrawide Screen QLED ,electronics,999.989990234375,2.200000047683716,pub,3,Proposer livraison gratuite,fast shipping
7a04f875,91,view,BIYLACLESEN Women's 3-in-1 Snowboard Jacket Winter Coats,women's clothing,56.9900016784668,2.5999999046325684,pub,1,Continuer navigation,great product
bfbcd8a3,10,purchase,Lock and Love Women's Removable Hooded Faux Leather Moto Biker Jacket,women's clothing,29.950000762939453,2.9000000953674316,google,5,Suggerer produits similaires,waste of money
1891cd53,167,add_to_cart,Rain Jacket Women Windbreaker Striped Climbing Raincoats,women's clothing,39.9900016784668,3.799999952316284,direct,3,Proposer livraison gratuite,great product
fe56215d,92,abandon,MBJ Women's Solid Short Sleeve Boat Neck V ,women's clothing,9.850000381469727,4.699999809265137,direct,-1,Envoyer coupon -20%,highly impressed
07d953c2,178,purchase,Opna Women's Short Sleeve Moisture,women's clothing,7.949999809265137,4.5,email,5,Suggerer produits similaires,would buy again
4c1b305f,161,abandon,DANVOUY Womens T Shirt Casual Cotton Short,women's clothing,12.989999771118164,3.5999999046325684,google,-1,Envoyer coupon -20%,not worth the price
d0f8f963,163,add_to_cart,"Fjallraven - Foldsack No. 1 Backpack, Fits 15 Laptops",men's clothing,109.94999694824219,3.9000000953674316,email,3,Proposer livraison gratuite,great value for money
ebf212ae,54,abandon,Mens Casual Premium Slim Fit T-Shirts ,men's clothing,22.299999237060547,4.099999904632568,email,-1,Envoyer coupon -20%,excellent quality
48a38b12,54,add_to_cart,Mens Cotton Jacket,men's clothing,55.9900016784668,4.699999809265137,google,3,Proposer livraison gratuite,great value for money
885d0113,151,add_to_cart,Mens Casual Slim Fit,men's clothing,15.989999771118164,2.0999999046325684,direct,3,Proposer livraison gratuite,disappointing product
ba4af7dd,100,search,John Hardy Women's Legends Naga Gold & Silver Dragon Station Chain Bracelet,jewelery,695,4.599999904632568,reseaux_sociaux,1,Continuer navigation,highly impressed
a941fcd0,131,purchase,Solid Gold Petite Micropave ,jewelery,168,3.9000000953674316,pub,5,Suggerer produits similaires,very unhappy with my purchase
0be6a9e9,1,abandon,White Gold Plated Princess,jewelery,9.989999771118164,3,direct,-1,Envoyer coupon -20%,excellent quality
d13fbdfd,38,search,Pierced Owl Rose Gold Plated Stainless Steel Double,jewelery,10.989999771118164,1.899999976158142,reseaux_sociaux,1,Continuer navigation,very happy with my purchase
970d1f32,47,search,WD 2TB Elements Portable External Hard Drive - USB 3.0 ,electronics,64,3.299999952316284,reseaux_sociaux,1,Continuer navigation,highly impressed
74ea463f,108,abandon,SanDisk SSD PLUS 1TB Internal SSD - SATA III 6 Gb/s,electronics,109,2.9000000953674316,google,-1,Envoyer coupon -20%,very disappointed
90e79874,69,purchase,Silicon Power 256GB SSD 3D NAND A55 SLC Cache Performance Boost SATA III 2.5,electronics,109,4.800000190734863,google,5,Suggerer produits similaires,highly impressed
66441840,99,search,WD 4TB Gaming Drive Works with Playstation 4 Portable External Hard Drive,electronics,114,4.800000190734863,google,1,Continuer navigation,very unhappy with my purchase
ca4b727b,107,purchase,Acer SB220Q bi 21.5 inches Full HD (1920 x 1080) IPS Ultra-Thin,electronics,599,2.9000000953674316,email,5,Suggerer produits similaires,highly impressed
54bdea9f,142,search,Samsung 49-Inch CHG90 144Hz Curved Gaming Monitor (LC49HG90DMNXZA) – Super Ultrawide Screen QLED ,electronics,999.989990234375,2.200000047683716,pub,1,Continuer navigation,great value for money
2ce610b6,190,abandon,BIYLACLESEN Women's 3-in-1 Snowboard Jacket Winter Coats,women's clothing,56.9900016784668,2.5999999046325684,email,-1,Envoyer coupon -20%,very pleased
303586ef,9,purchase,Lock and Love Women's Removable Hooded Faux Leather Moto Biker Jacket,women's clothing,29.950000762939453,2.9000000953674316,pub,5,Suggerer produits similaires,would not recommend
95e48e4f,29,add_to_cart,Rain Jacket Women Windbreaker Striped Climbing Raincoats,women's clothing,39.9900016784668,3.799999952316284,pub,3,Proposer livraison gratuite,awesome product
08e9b0a2,181,search,MBJ Women's Solid Short Sleeve Boat Neck V ,women's clothing,9.850000381469727,4.699999809265137,google,1,Continuer navigation,would buy again
e93f9fe0,182,search,Opna Women's Short Sleeve Moisture,women's clothing,7.949999809265137,4.5,direct,1,Continuer navigation,would not buy again
253fe5a0,120,purchase,DANVOUY Womens T Shirt Casual Cotton Short,women's clothing,12.989999771118164,3.5999999046325684,direct,5,Suggerer produits similaires,fast shipping
59086139,180,add_to_cart,"Fjallraven - Foldsack No. 1 Backpack, Fits 15 Laptops",men's clothing,109.94999694824219,3.9000000953674316,pub,3,Proposer livraison gratuite,great product
0ab80a68,184,purchase,Mens Casual Premium Slim Fit T-Shirts ,men's clothing,22.299999237060547,4.099999904632568,direct,5,Suggerer produits similaires,very dissatisfied
a2e35b96,177,search,Mens Cotton Jacket,men's clothing,55.9900016784668,4.699999809265137,pub,1,Continuer navigation,highly recommended
fb952663,166,view,Mens Casual Slim Fit,men's clothing,15.989999771118164,2.0999999046325684,pub,1,Continuer navigation,would buy again
7a26bc34,36,purchase,John Hardy Women's Legends Naga Gold & Silver Dragon Station Chain Bracelet,jewelery,695,4.599999904632568,reseaux_sociaux,5,Suggerer produits similaires,great product
1cf92597,26,search,Solid Gold Petite Micropave ,jewelery,168,3.9000000953674316,email,1,Continuer navigation,would not buy again
d882b323,82,view,White Gold Plated Princess,jewelery,9.989999771118164,3,direct,1,Continuer navigation,highly recommended
87a83003,168,view,Pierced Owl Rose Gold Plated Stainless Steel Double,jewelery,10.989999771118164,1.899999976158142,reseaux_sociaux,1,Continuer navigation,very satisfied
a53e616a,34,purchase,WD 2TB Elements Portable External Hard Drive - USB 3.0 ,electronics,64,3.299999952316284,direct,5,Suggerer produits similaires,fast shipping
3b3b695d,55,view,SanDisk SSD PLUS 1TB Internal SSD - SATA III 6 Gb/s,electronics,109,2.9000000953674316,reseaux_sociaux,1,Continuer navigation,great product
d73da3b9,101,abandon,Silicon Power 256GB SSD 3D NAND A55 SLC Cache Performance Boost SATA III 2.5,electronics,109,4.800000190734863,direct,-1,Envoyer coupon -20%,very satisfied
50d02c99,5,purchase,WD 4TB Gaming Drive Works with Playstation 4 Portable External Hard Drive,electronics,114,4.800000190734863,google,5,Suggerer produits similaires,poor quality
08ab7e0b,125,search,Acer SB220Q bi 21.5 inches Full HD (1920 x 1080) IPS Ultra-Thin,electronics,599,2.9000000953674316,pub,1,Continuer navigation,would buy again
ef379183,168,search,Samsung 49-Inch CHG90 144Hz Curved Gaming Monitor (LC49HG90DMNXZA) – Super Ultrawide Screen QLED ,electronics,999.989990234375,2.200000047683716,pub,1,Continuer navigation,great product
101bd847,6,search,BIYLACLESEN Women's 3-in-1 Snowboard Jacket Winter Coats,women's clothing,56.9900016784668,2.5999999046325684,email,1,Continuer navigation,very unhappy with my purchase
040db69d,140,view,Lock and Love Women's Removable Hooded Faux Leather Moto Biker Jacket,women's clothing,29.950000762939453,2.9000000953674316,reseaux_sociaux,1,Continuer navigation,great product
c73386cf,55,abandon,Rain Jacket Women Windbreaker Striped Climbing Raincoats,women's clothing,39.9900016784668,3.799999952316284,direct,-1,Envoyer coupon -20%,poor quality
06804582,149,abandon,MBJ Women's Solid Short Sleeve Boat Neck V ,women's clothing,9.850000381469727,4.699999809265137,direct,-1,Envoyer coupon -20%,highly recommended
0504faa0,104,add_to_cart,Opna Women's Short Sleeve Moisture,women's clothing,7.949999809265137,4.5,direct,3,Proposer livraison gratuite,great product
3e95ddb5,187,purchase,DANVOUY Womens T Shirt Casual Cotton Short,women's clothing,12.989999771118164,3.5999999046325684,reseaux_sociaux,5,Suggerer produits similaires,highly recommended
cfbf051b,123,search,"Fjallraven - Foldsack No. 1 Backpack, Fits 15 Laptops",men's clothing,109.94999694824219,3.9000000953674316,direct,1,Continuer navigation,great value for money
16ce8d6b,51,purchase,Mens Casual Premium Slim Fit T-Shirts ,men's clothing,22.299999237060547,4.099999904632568,email,5,Suggerer produits similaires,very happy with my purchase
441bd748,8,view,Mens Cotton Jacket,men's clothing,55.9900016784668,4.699999809265137,reseaux_sociaux,1,Continuer navigation,highly recommended
cb50f33e,143,search,Mens Casual Slim Fit,men's clothing,15.989999771118164,2.0999999046325684,email,1,Continuer navigation,would not recommend
cafcdca0,171,add_to_cart,John Hardy Women's Legends Naga Gold & Silver Dragon Station Chain Bracelet,jewelery,695,4.599999904632568,google,3,Proposer livraison gratuite,very pleased
102a51aa,58,purchase,Solid Gold Petite Micropave ,jewelery,168,3.9000000953674316,reseaux_sociaux,5,Suggerer produits similaires,not as described
918c570a,116,abandon,White Gold Plated Princess,jewelery,9.989999771118164,3,direct,-1,Envoyer coupon -20%,excellent quality
ae0ffce8,77,purchase,Pierced Owl Rose Gold Plated Stainless Steel Double,jewelery,10.989999771118164,1.899999976158142,direct,5,Suggerer produits similaires,very disappointed
ae1097c1,152,abandon,WD 2TB Elements Portable External Hard Drive - USB 3.0 ,electronics,64,3.299999952316284,google,-1,Envoyer coupon -20%,very dissatisfied
f020deda,167,search,SanDisk SSD PLUS 1TB Internal SSD - SATA III 6 Gb/s,electronics,109,2.9000000953674316,pub,1,Continuer navigation,highly impressed
243cb0f2,63,search,Silicon Power 256GB SSD 3D NAND A55 SLC Cache Performance Boost SATA III 2.5,electronics,109,4.800000190734863,google,1,Continuer navigation,very dissatisfied
581afb51,67,abandon,WD 4TB Gaming Drive Works with Playstation 4 Portable External Hard Drive,electronics,114,4.800000190734863,google,-1,Envoyer coupon -20%,fast shipping
6ed031fa,29,purchase,Acer SB220Q bi 21.5 inches Full HD (1920 x 1080) IPS Ultra-Thin,electronics,599,2.9000000953674316,email,5,Suggerer produits similaires,very happy with my purchase
5129b391,184,add_to_cart,Samsung 49-Inch CHG90 144Hz Curved Gaming Monitor (LC49HG90DMNXZA) – Super Ultrawide Screen QLED ,electronics,999.989990234375,2.200000047683716,google,3,Proposer livraison gratuite,very disappointed
98e285b3,45,purchase,BIYLACLESEN Women's 3-in-1 Snowboard Jacket Winter Coats,women's clothing,56.9900016784668,2.5999999046325684,pub,5,Suggerer produits similaires,great product
ba91a143,6,view,Lock and Love Women's Removable Hooded Faux Leather Moto Biker Jacket,women's clothing,29.950000762939453,2.9000000953674316,direct,1,Continuer navigation,awesome product
0edbc5ac,113,purchase,Rain Jacket Women Windbreaker Striped Climbing Raincoats,women's clothing,39.9900016784668,3.799999952316284,pub,5,Suggerer produits similaires,poor quality
991b30e0,71,add_to_cart,MBJ Women's Solid Short Sleeve Boat Neck V ,women's clothing,9.850000381469727,4.699999809265137,pub,3,Proposer livraison gratuite,would buy again
188fc8da,199,abandon,Opna Women's Short Sleeve Moisture,women's clothing,7.949999809265137,4.5,reseaux_sociaux,-1,Envoyer coupon -20%,highly recommended
73495793,60,abandon,DANVOUY Womens T Shirt Casual Cotton Short,women's clothing,12.989999771118164,3.5999999046325684,reseaux_sociaux,-1,Envoyer coupon -20%,excellent quality
cb47c030,32,view,"Fjallraven - Foldsack No. 1 Backpack, Fits 15 Laptops",men's clothing,109.94999694824219,3.9000000953674316,pub,1,Continuer navigation,excellent quality
aec07715,130,add_to_cart,Mens Casual Premium Slim Fit T-Shirts ,men's clothing,22.299999237060547,4.099999904632568,direct,3,Proposer livraison gratuite,very unhappy with my purchase
76d64a20,123,purchase,Mens Cotton Jacket,men's clothing,55.9900016784668,4.699999809265137,email,5,Suggerer produits similaires,fast shipping
3dcba0bf,126,abandon,Mens Casual Slim Fit,men's clothing,15.989999771118164,2.0999999046325684,reseaux_sociaux,-1,Envoyer coupon -20%,highly impressed
a8727b76,193,view,John Hardy Women's Legends Naga Gold & Silver Dragon Station Chain Bracelet,jewelery,695,4.599999904632568,pub,1,Continuer navigation,great product
10967a07,136,search,Solid Gold Petite Micropave ,jewelery,168,3.9000000953674316,pub,1,Continuer navigation,very disappointed
6a2f5b90,17,search,White Gold Plated Princess,jewelery,9.989999771118164,3,pub,1,Continuer navigation,great product
6f85cac5,36,view,Pierced Owl Rose Gold Plated Stainless Steel Double,jewelery,10.989999771118164,1.899999976158142,direct,1,Continuer navigation,would not recommend
d3379670,176,add_to_cart,WD 2TB Elements Portable External Hard Drive - USB 3.0 ,electronics,64,3.299999952316284,direct,3,Proposer livraison gratuite,poor quality
56df9165,173,search,SanDisk SSD PLUS 1TB Internal SSD - SATA III 6 Gb/s,electronics,109,2.9000000953674316,pub,1,Continuer navigation,fast shipping
81972049,22,purchase,Silicon Power 256GB SSD 3D NAND A55 SLC Cache Performance Boost SATA III 2.5,electronics,109,4.800000190734863,pub,5,Suggerer produits similaires,great value for money
4f914aed,113,add_to_cart,WD 4TB Gaming Drive Works with Playstation 4 Portable External Hard Drive,electronics,114,4.800000190734863,pub,3,Proposer livraison gratuite,disappointing product
29085430,152,view,Acer SB220Q bi 21.5 inches Full HD (1920 x 1080) IPS Ultra-Thin,electronics,599,2.9000000953674316,pub,1,Continuer navigation,would buy again
f585fd10,2,search,Samsung 49-Inch CHG90 144Hz Curved Gaming Monitor (LC49HG90DMNXZA) – Super Ultrawide Screen QLED ,electronics,999.989990234375,2.200000047683716,reseaux_sociaux,1,Continuer navigation,very happy with my purchase
f47d914f,142,view,BIYLACLESEN Women's 3-in-1 Snowboard Jacket Winter Coats,women's clothing,56.9900016784668,2.5999999046325684,email,1,Continuer navigation,very disappointed
47687a1d,62,add_to_cart,Lock and Love Women's Removable Hooded Faux Leather Moto Biker Jacket,women's clothing,29.950000762939453,2.9000000953674316,reseaux_sociaux,3,Proposer livraison gratuite,would not recommend
148eb1a0,67,view,Rain Jacket Women Windbreaker Striped Climbing Raincoats,women's clothing,39.9900016784668,3.799999952316284,email,1,Continuer navigation,very dissatisfied
c6eb3b8c,12,view,MBJ Women's Solid Short Sleeve Boat Neck V ,women's clothing,9.850000381469727,4.699999809265137,email,1,Continuer navigation,very disappointed
eeb66260,115,search,Opna Women's Short Sleeve Moisture,women's clothing,7.949999809265137,4.5,email,1,Continuer navigation,very dissatisfied
16534674,25,add_to_cart,DANVOUY Womens T Shirt Casual Cotton Short,women's clothing,12.989999771118164,3.5999999046325684,pub,3,Proposer livraison gratuite,disappointing product
d3e0272b,141,view,"Fjallraven - Foldsack No. 1 Backpack, Fits 15 Laptops",men's clothing,109.94999694824219,3.9000000953674316,direct,1,Continuer navigation,very pleased
567e66c8,150,abandon,Mens Casual Premium Slim Fit T-Shirts ,men's clothing,22.299999237060547,4.099999904632568,pub,-1,Envoyer coupon -20%,fast shipping
6ed7b7b7,64,add_to_cart,Mens Cotton Jacket,men's clothing,55.9900016784668,4.699999809265137,direct,3,Proposer livraison gratuite,great value for money
1925aef3,112,add_to_cart,Mens Casual Slim Fit,men's clothing,15.989999771118164,2.0999999046325684,pub,3,Proposer livraison gratuite,very disappointed
36a6ab11,133,view,John Hardy Women's Legends Naga Gold & Silver Dragon Station Chain Bracelet,jewelery,695,4.599999904632568,google,1,Continuer navigation,would not recommend
be3d7a30,8,purchase,Solid Gold Petite Micropave ,jewelery,168,3.9000000953674316,pub,5,Suggerer produits similaires,great value for money
9b5a8b04,182,view,White Gold Plated Princess,jewelery,9.989999771118164,3,pub,1,Continuer navigation,highly impressed
234e2456,39,abandon,Pierced Owl Rose Gold Plated Stainless Steel Double,jewelery,10.989999771118164,1.899999976158142,google,-1,Envoyer coupon -20%,highly impressed
1ca70c3a,172,abandon,WD 2TB Elements Portable External Hard Drive - USB 3.0 ,electronics,64,3.299999952316284,reseaux_sociaux,-1,Envoyer coupon -20%,poor quality
c40cee8e,178,search,SanDisk SSD PLUS 1TB Internal SSD - SATA III 6 Gb/s,electronics,109,2.9000000953674316,reseaux_sociaux,1,Continuer navigation,very pleased
d368aaf4,56,purchase,Silicon Power 256GB SSD 3D NAND A55 SLC Cache Performance Boost SATA III 2.5,electronics,109,4.800000190734863,google,5,Suggerer produits similaires,great product
17c148bc,24,abandon,WD 4TB Gaming Drive Works with Playstation 4 Portable External Hard Drive,electronics,114,4.800000190734863,google,-1,Envoyer coupon -20%,great value for money
eada128d,152,purchase,Acer SB220Q bi 21.5 inches Full HD (1920 x 1080) IPS Ultra-Thin,electronics,599,2.9000000953674316,reseaux_sociaux,5,Suggerer produits similaires,fast shipping
e7c4a8fd,42,abandon,Samsung 49-Inch CHG90 144Hz Curved Gaming Monitor (LC49HG90DMNXZA) – Super Ultrawide Screen QLED ,electronics,999.989990234375,2.200000047683716,reseaux_sociaux,-1,Envoyer coupon -20%,great product
f1a9dab5,142,purchase,BIYLACLESEN Women's 3-in-1 Snowboard Jacket Winter Coats,women's clothing,56.9900016784668,2.5999999046325684,email,5,Suggerer produits similaires,poor quality
35180346,80,view,Lock and Love Women's Removable Hooded Faux Leather Moto Biker Jacket,women's clothing,29.950000762939453,2.9000000953674316,pub,1,Continuer navigation,fast shipping
5a896549,56,search,Rain Jacket Women Windbreaker Striped Climbing Raincoats,women's clothing,39.9900016784668,3.799999952316284,pub,1,Continuer navigation,would not recommend
e809a34b,66,search,MBJ Women's Solid Short Sleeve Boat Neck V ,women's clothing,9.850000381469727,4.699999809265137,pub,1,Continuer navigation,very satisfied
0d148c8c,152,search,Opna Women's Short Sleeve Moisture,women's clothing,7.949999809265137,4.5,pub,1,Continuer navigation,fast shipping
28948ec7,177,view,DANVOUY Womens T Shirt Casual Cotton Short,women's clothing,12.989999771118164,3.5999999046325684,reseaux_sociaux,1,Continuer navigation,great product
f6e90ae1,117,abandon,"Fjallraven - Foldsack No. 1 Backpack, Fits 15 Laptops",men's clothing,109.94999694824219,3.9000000953674316,direct,-1,Envoyer coupon -20%,awesome product
43615325,3,add_to_cart,Mens Casual Premium Slim Fit T-Shirts ,men's clothing,22.299999237060547,4.099999904632568,google,3,Proposer livraison gratuite,very unhappy with my purchase
f38cb7db,148,abandon,Mens Cotton Jacket,men's clothing,55.9900016784668,4.699999809265137,direct,-1,Envoyer coupon -20%,very satisfied
096bf80b,141,add_to_cart,Mens Casual Slim Fit,men's clothing,15.989999771118164,2.0999999046325684,pub,3,Proposer livraison gratuite,awesome product
3286cb45,162,view,John Hardy Women's Legends Naga Gold & Silver Dragon Station Chain Bracelet,jewelery,695,4.599999904632568,reseaux_sociaux,1,Continuer navigation,would buy again
8bb8dc76,177,add_to_cart,Solid Gold Petite Micropave ,jewelery,168,3.9000000953674316,direct,3,Proposer livraison gratuite,excellent quality
715884fc,112,purchase,White Gold Plated Princess,jewelery,9.989999771118164,3,google,5,Suggerer produits similaires,would buy again
e1a68fbd,92,purchase,Pierced Owl Rose Gold Plated Stainless Steel Double,jewelery,10.989999771118164,1.899999976158142,direct,5,Suggerer produits similaires,waste of money
f07ef566,134,view,WD 2TB Elements Portable External Hard Drive - USB 3.0 ,electronics,64,3.299999952316284,email,1,Continuer navigation,would not recommend
26f010da,24,abandon,SanDisk SSD PLUS 1TB Internal SSD - SATA III 6 Gb/s,electronics,109,2.9000000953674316,direct,-1,Envoyer coupon -20%,poor quality
e214da8f,182,add_to_cart,Silicon Power 256GB SSD 3D NAND A55 SLC Cache Performance Boost SATA III 2.5,electronics,109,4.800000190734863,google,3,Proposer livraison gratuite,excellent quality
0059896b,160,abandon,WD 4TB Gaming Drive Works with Playstation 4 Portable External Hard Drive,electronics,114,4.800000190734863,reseaux_sociaux,-1,Envoyer coupon -20%,poor quality
0b3c5851,112,search,Acer SB220Q bi 21.5 inches Full HD (1920 x 1080) IPS Ultra-Thin,electronics,599,2.9000000953674316,direct,1,Continuer navigation,poor quality
affe9621,84,view,Samsung 49-Inch CHG90 144Hz Curved Gaming Monitor (LC49HG90DMNXZA) – Super Ultrawide Screen QLED ,electronics,999.989990234375,2.200000047683716,google,1,Continuer navigation,very happy with my purchase
cf2aa548,162,abandon,BIYLACLESEN Women's 3-in-1 Snowboard Jacket Winter Coats,women's clothing,56.9900016784668,2.5999999046325684,pub,-1,Envoyer coupon -20%,great value for money
dc4106c0,187,view,Lock and Love Women's Removable Hooded Faux Leather Moto Biker Jacket,women's clothing,29.950000762939453,2.9000000953674316,reseaux_sociaux,1,Continuer navigation,very disappointed
bdc548a3,130,search,Rain Jacket Women Windbreaker Striped Climbing Raincoats,women's clothing,39.9900016784668,3.799999952316284,reseaux_sociaux,1,Continuer navigation,great product
16a5ea44,165,add_to_cart,MBJ Women's Solid Short Sleeve Boat Neck V ,women's clothing,9.850000381469727,4.699999809265137,pub,3,Proposer livraison gratuite,very disappointed
9bf0242f,133,abandon,Opna Women's Short Sleeve Moisture,women's clothing,7.949999809265137,4.5,email,-1,Envoyer coupon -20%,very dissatisfied
3246c8b7,138,purchase,DANVOUY Womens T Shirt Casual Cotton Short,women's clothing,12.989999771118164,3.5999999046325684,reseaux_sociaux,5,Suggerer produits similaires,fast shipping
803c877f,44,purchase,"Fjallraven - Foldsack No. 1 Backpack, Fits 15 Laptops",men's clothing,109.94999694824219,3.9000000953674316,pub,5,Suggerer produits similaires,highly recommended
53ad8c5e,161,add_to_cart,Mens Casual Premium Slim Fit T-Shirts ,men's clothing,22.299999237060547,4.099999904632568,email,3,Proposer livraison gratuite,great value for money
be63d23d,185,search,Mens Cotton Jacket,men's clothing,55.9900016784668,4.699999809265137,direct,1,Continuer navigation,awesome product
0b2dddd9,178,add_to_cart,Mens Casual Slim Fit,men's clothing,15.989999771118164,2.0999999046325684,email,3,Proposer livraison gratuite,very disappointed
d817fe02,89,view,John Hardy Women's Legends Naga Gold & Silver Dragon Station Chain Bracelet,jewelery,695,4.599999904632568,reseaux_sociaux,1,Continuer navigation,great product
0d3ced59,186,search,Solid Gold Petite Micropave ,jewelery,168,3.9000000953674316,pub,1,Continuer navigation,very unhappy with my purchase
d6dbf318,68,purchase,White Gold Plated Princess,jewelery,9.989999771118164,3,pub,5,Suggerer produits similaires,would buy again
da259990,18,view,Pierced Owl Rose Gold Plated Stainless Steel Double,jewelery,10.989999771118164,1.899999976158142,email,1,Continuer navigation,fast shipping
06d7152f,54,purchase,WD 2TB Elements Portable External Hard Drive - USB 3.0 ,electronics,64,3.299999952316284,direct,5,Suggerer produits similaires,excellent quality
21960303,150,view,SanDisk SSD PLUS 1TB Internal SSD - SATA III 6 Gb/s,electronics,109,2.9000000953674316,google,1,Continuer navigation,very disappointed
e3be4a06,41,search,Silicon Power 256GB SSD 3D NAND A55 SLC Cache Performance Boost SATA III 2.5,electronics,109,4.800000190734863,direct,1,Continuer navigation,great product
56ad3c78,170,abandon,WD 4TB Gaming Drive Works with Playstation 4 Portable External Hard Drive,electronics,114,4.800000190734863,email,-1,Envoyer coupon -20%,not worth the price
88d63cff,147,purchase,Acer SB220Q bi 21.5 inches Full HD (1920 x 1080) IPS Ultra-Thin,electronics,599,2.9000000953674316,reseaux_sociaux,5,Suggerer produits similaires,great value for money
82b00ad5,2,view,Samsung 49-Inch CHG90 144Hz Curved Gaming Monitor (LC49HG90DMNXZA) – Super Ultrawide Screen QLED ,electronics,999.989990234375,2.200000047683716,email,1,Continuer navigation,poor quality
5edae74b,147,purchase,BIYLACLESEN Women's 3-in-1 Snowboard Jacket Winter Coats,women's clothing,56.9900016784668,2.5999999046325684,pub,5,Suggerer produits similaires,poor quality
aff9b68c,13,purchase,Lock and Love Women's Removable Hooded Faux Leather Moto Biker Jacket,women's clothing,29.950000762939453,2.9000000953674316,pub,5,Suggerer produits similaires,great value for money
a81b6123,158,search,Rain Jacket Women Windbreaker Striped Climbing Raincoats,women's clothing,39.9900016784668,3.799999952316284,reseaux_sociaux,1,Continuer navigation,great product
050d5308,42,search,MBJ Women's Solid Short Sleeve Boat Neck V ,women's clothing,9.850000381469727,4.699999809265137,direct,1,Continuer navigation,fast shipping
84e4547f,10,abandon,Opna Women's Short Sleeve Moisture,women's clothing,7.949999809265137,4.5,direct,-1,Envoyer coupon -20%,poor quality
34b223fe,136,purchase,DANVOUY Womens T Shirt Casual Cotton Short,women's clothing,12.989999771118164,3.5999999046325684,direct,5,Suggerer produits similaires,great product
6e93e796,169,purchase,"Fjallraven - Foldsack No. 1 Backpack, Fits 15 Laptops",men's clothing,109.94999694824219,3.9000000953674316,pub,5,Suggerer produits similaires,great product
17d8bce0,45,add_to_cart,Mens Casual Premium Slim Fit T-Shirts ,men's clothing,22.299999237060547,4.099999904632568,email,3,Proposer livraison gratuite,would buy again
09ea2b14,55,view,Mens Cotton Jacket,men's clothing,55.9900016784668,4.699999809265137,email,1,Continuer navigation,poor quality
d20f22a9,188,add_to_cart,Mens Casual Slim Fit,men's clothing,15.989999771118164,2.0999999046325684,reseaux_sociaux,3,Proposer livraison gratuite,disappointing product
d6b8707e,141,view,John Hardy Women's Legends Naga Gold & Silver Dragon Station Chain Bracelet,jewelery,695,4.599999904632568,google,1,Continuer navigation,great product
afd58a2d,196,purchase,Solid Gold Petite Micropave ,jewelery,168,3.9000000953674316,pub,5,Suggerer produits similaires,would not recommend
53b83f16,21,abandon,White Gold Plated Princess,jewelery,9.989999771118164,3,google,-1,Envoyer coupon -20%,very happy with my purchase
aa0b39a7,42,purchase,Pierced Owl Rose Gold Plated Stainless Steel Double,jewelery,10.989999771118164,1.899999976158142,google,5,Suggerer produits similaires,great value for money
07919604,51,abandon,WD 2TB Elements Portable External Hard Drive - USB 3.0 ,electronics,64,3.299999952316284,email,-1,Envoyer coupon -20%,very disappointed
1d2afa75,117,add_to_cart,SanDisk SSD PLUS 1TB Internal SSD - SATA III 6 Gb/s,electronics,109,2.9000000953674316,pub,3,Proposer livraison gratuite,great product
19641a3d,122,search,Silicon Power 256GB SSD 3D NAND A55 SLC Cache Performance Boost SATA III 2.5,electronics,109,4.800000190734863,google,1,Continuer navigation,highly impressed
2b888da5,116,view,WD 4TB Gaming Drive Works with Playstation 4 Portable External Hard Drive,electronics,114,4.800000190734863,google,1,Continuer navigation,highly impressed
618e74d6,39,purchase,Acer SB220Q bi 21.5 inches Full HD (1920 x 1080) IPS Ultra-Thin,electronics,599,2.9000000953674316,google,5,Suggerer produits similaires,great value for money
d7ce7fdb,59,abandon,Samsung 49-Inch CHG90 144Hz Curved Gaming Monitor (LC49HG90DMNXZA) – Super Ultrawide Screen QLED ,electronics,999.989990234375,2.200000047683716,reseaux_sociaux,-1,Envoyer coupon -20%,poor quality
46793e81,121,search,BIYLACLESEN Women's 3-in-1 Snowboard Jacket Winter Coats,women's clothing,56.9900016784668,2.5999999046325684,direct,1,Continuer navigation,very happy with my purchase
d093f081,34,purchase,Lock and Love Women's Removable Hooded Faux Leather Moto Biker Jacket,women's clothing,29.950000762939453,2.9000000953674316,direct,5,Suggerer produits similaires,very dissatisfied
30f04cd2,101,view,Rain Jacket Women Windbreaker Striped Climbing Raincoats,women's clothing,39.9900016784668,3.799999952316284,reseaux_sociaux,1,Continuer navigation,great value for money
9ada6eb0,69,view,MBJ Women's Solid Short Sleeve Boat Neck V ,women's clothing,9.850000381469727,4.699999809265137,google,1,Continuer navigation,poor quality
641ca491,186,add_to_cart,Opna Women's Short Sleeve Moisture,women's clothing,7.949999809265137,4.5,email,3,Proposer livraison gratuite,highly impressed
6fcf1a79,100,view,DANVOUY Womens T Shirt Casual Cotton Short,women's clothing,12.989999771118164,3.5999999046325684,google,1,Continuer navigation,excellent quality
271b95b6,135,add_to_cart,"Fjallraven - Foldsack No. 1 Backpack, Fits 15 Laptops",men's clothing,109.94999694824219,3.9000000953674316,direct,3,Proposer livraison gratuite,very unhappy with my purchase
67a17781,21,add_to_cart,Mens Casual Premium Slim Fit T-Shirts ,men's clothing,22.299999237060547,4.099999904632568,pub,3,Proposer livraison gratuite,very disappointed
6c7edc4e,22,view,Mens Cotton Jacket,men's clothing,55.9900016784668,4.699999809265137,direct,1,Continuer navigation,great value for money
091b19e5,87,abandon,Mens Casual Slim Fit,men's clothing,15.989999771118164,2.0999999046325684,google,-1,Envoyer coupon -20%,would not recommend
12626aed,99,view,John Hardy Women's Legends Naga Gold & Silver Dragon Station Chain Bracelet,jewelery,695,4.599999904632568,reseaux_sociaux,1,Continuer navigation,fast shipping
7911f0f3,100,add_to_cart,Solid Gold Petite Micropave ,jewelery,168,3.9000000953674316,reseaux_sociaux,3,Proposer livraison gratuite,very happy with my purchase
5940e909,125,purchase,White Gold Plated Princess,jewelery,9.989999771118164,3,reseaux_sociaux,5,Suggerer produits similaires,highly impressed
2e6ad289,27,view,Pierced Owl Rose Gold Plated Stainless Steel Double,jewelery,10.989999771118164,1.899999976158142,google,1,Continuer navigation,fast shipping
a34beb78,184,add_to_cart,WD 2TB Elements Portable External Hard Drive - USB 3.0 ,electronics,64,3.299999952316284,pub,3,Proposer livraison gratuite,would not recommend
f6027fe9,56,view,SanDisk SSD PLUS 1TB Internal SSD - SATA III 6 Gb/s,electronics,109,2.9000000953674316,direct,1,Continuer navigation,would buy again
28962da9,75,purchase,Silicon Power 256GB SSD 3D NAND A55 SLC Cache Performance Boost SATA III 2.5,electronics,109,4.800000190734863,email,5,Suggerer produits similaires,would not recommend
a687d2c5,3,purchase,WD 4TB Gaming Drive Works with Playstation 4 Portable External Hard Drive,electronics,114,4.800000190734863,pub,5,Suggerer produits similaires,great value for money
4d827888,96,add_to_cart,Acer SB220Q bi 21.5 inches Full HD (1920 x 1080) IPS Ultra-Thin,electronics,599,2.9000000953674316,reseaux_sociaux,3,Proposer livraison gratuite,highly impressed
d3dac6d9,34,purchase,Samsung 49-Inch CHG90 144Hz Curved Gaming Monitor (LC49HG90DMNXZA) – Super Ultrawide Screen QLED ,electronics,999.989990234375,2.200000047683716,direct,5,Suggerer produits similaires,would not recommend
1d6e93f2,113,add_to_cart,BIYLACLESEN Women's 3-in-1 Snowboard Jacket Winter Coats,women's clothing,56.9900016784668,2.5999999046325684,pub,3,Proposer livraison gratuite,poor quality
fc13f577,133,view,Lock and Love Women's Removable Hooded Faux Leather Moto Biker Jacket,women's clothing,29.950000762939453,2.9000000953674316,google,1,Continuer navigation,fast shipping
5ca6b638,46,add_to_cart,Rain Jacket Women Windbreaker Striped Climbing Raincoats,women's clothing,39.9900016784668,3.799999952316284,direct,3,Proposer livraison gratuite,very disappointed
b192e8c6,178,view,MBJ Women's Solid Short Sleeve Boat Neck V ,women's clothing,9.850000381469727,4.699999809265137,email,1,Continuer navigation,very unhappy with my purchase
9d58508e,82,view,Opna Women's Short Sleeve Moisture,women's clothing,7.949999809265137,4.5,direct,1,Continuer navigation,poor quality
438a2b64,116,view,DANVOUY Womens T Shirt Casual Cotton Short,women's clothing,12.989999771118164,3.5999999046325684,reseaux_sociaux,1,Continuer navigation,great product
8ed2c5b5,151,search,"Fjallraven - Foldsack No. 1 Backpack, Fits 15 Laptops",men's clothing,109.94999694824219,3.9000000953674316,reseaux_sociaux,1,Continuer navigation,very unhappy with my purchase
f9180678,181,search,Mens Casual Premium Slim Fit T-Shirts ,men's clothing,22.299999237060547,4.099999904632568,direct,1,Continuer navigation,awesome product
98663274,112,search,Mens Cotton Jacket,men's clothing,55.9900016784668,4.699999809265137,google,1,Continuer navigation,great product
6c82ea4e,138,add_to_cart,Mens Casual Slim Fit,men's clothing,15.989999771118164,2.0999999046325684,direct,3,Proposer livraison gratuite,very satisfied
e638b606,71,purchase,John Hardy Women's Legends Naga Gold & Silver Dragon Station Chain Bracelet,jewelery,695,4.599999904632568,pub,5,Suggerer produits similaires,would not buy again
d2810efb,91,search,Solid Gold Petite Micropave ,jewelery,168,3.9000000953674316,google,1,Continuer navigation,poor quality
4f7be252,111,purchase,White Gold Plated Princess,jewelery,9.989999771118164,3,email,5,Suggerer produits similaires,highly impressed
3e61894c,2,abandon,Pierced Owl Rose Gold Plated Stainless Steel Double,jewelery,10.989999771118164,1.899999976158142,email,-1,Envoyer coupon -20%,highly impressed
896daf84,133,add_to_cart,WD 2TB Elements Portable External Hard Drive - USB 3.0 ,electronics,64,3.299999952316284,reseaux_sociaux,3,Proposer livraison gratuite,poor quality
51068f22,25,search,SanDisk SSD PLUS 1TB Internal SSD - SATA III 6 Gb/s,electronics,109,2.9000000953674316,pub,1,Continuer navigation,great value for money
be2fdde2,22,purchase,Silicon Power 256GB SSD 3D NAND A55 SLC Cache Performance Boost SATA III 2.5,electronics,109,4.800000190734863,reseaux_sociaux,5,Suggerer produits similaires,would buy again
158e16cd,43,purchase,WD 4TB Gaming Drive Works with Playstation 4 Portable External Hard Drive,electronics,114,4.800000190734863,reseaux_sociaux,5,Suggerer produits similaires,very disappointed
39a36382,6,add_to_cart,Acer SB220Q bi 21.5 inches Full HD (1920 x 1080) IPS Ultra-Thin,electronics,599,2.9000000953674316,reseaux_sociaux,3,Proposer livraison gratuite,very disappointed
4e2f457f,62,search,Samsung 49-Inch CHG90 144Hz Curved Gaming Monitor (LC49HG90DMNXZA) – Super Ultrawide Screen QLED ,electronics,999.989990234375,2.200000047683716,pub,1,Continuer navigation,highly recommended
75bfafca,159,search,BIYLACLESEN Women's 3-in-1 Snowboard Jacket Winter Coats,women's clothing,56.9900016784668,2.5999999046325684,reseaux_sociaux,1,Continuer navigation,fast shipping
14f2fced,2,view,Lock and Love Women's Removable Hooded Faux Leather Moto Biker Jacket,women's clothing,29.950000762939453,2.9000000953674316,pub,1,Continuer navigation,great product
9543b970,85,abandon,Rain Jacket Women Windbreaker Striped Climbing Raincoats,women's clothing,39.9900016784668,3.799999952316284,pub,-1,Envoyer coupon -20%,poor quality
78b94088,5,add_to_cart,MBJ Women's Solid Short Sleeve Boat Neck V ,women's clothing,9.850000381469727,4.699999809265137,direct,3,Proposer livraison gratuite,highly impressed
0ff02d26,118,search,Opna Women's Short Sleeve Moisture,women's clothing,7.949999809265137,4.5,email,1,Continuer navigation,excellent quality
b479a6ed,78,purchase,DANVOUY Womens T Shirt Casual Cotton Short,women's clothing,12.989999771118164,3.5999999046325684,email,5,Suggerer produits similaires,awesome product
b3f4e23c,2,purchase,"Fjallraven - Foldsack No. 1 Backpack, Fits 15 Laptops",men's clothing,109.94999694824219,3.9000000953674316,direct,5,Suggerer produits similaires,excellent quality
c7ccc941,106,add_to_cart,Mens Casual Premium Slim Fit T-Shirts ,men's clothing,22.299999237060547,4.099999904632568,direct,3,Proposer livraison gratuite,very pleased
0b571025,170,search,Mens Cotton Jacket,men's clothing,55.9900016784668,4.699999809265137,reseaux_sociaux,1,Continuer navigation,highly recommended
5b1845fc,149,search,Mens Casual Slim Fit,men's clothing,15.989999771118164,2.0999999046325684,pub,1,Continuer navigation,very happy with my purchase
f94a94a5,7,view,John Hardy Women's Legends Naga Gold & Silver Dragon Station Chain Bracelet,jewelery,695,4.599999904632568,reseaux_sociaux,1,Continuer navigation,poor quality
0c256aed,150,search,Solid Gold Petite Micropave ,jewelery,168,3.9000000953674316,direct,1,Continuer navigation,excellent quality
7b3c0e2b,170,search,White Gold Plated Princess,jewelery,9.989999771118164,3,reseaux_sociaux,1,Continuer navigation,great product
1d3b5a55,112,purchase,Pierced Owl Rose Gold Plated Stainless Steel Double,jewelery,10.989999771118164,1.899999976158142,google,5,Suggerer produits similaires,would buy again
926530bc,39,abandon,WD 2TB Elements Portable External Hard Drive - USB 3.0 ,electronics,64,3.299999952316284,reseaux_sociaux,-1,Envoyer coupon -20%,very unhappy with my purchase
b9661ff5,194,view,SanDisk SSD PLUS 1TB Internal SSD - SATA III 6 Gb/s,electronics,109,2.9000000953674316,pub,1,Continuer navigation,great value for money
02adf540,25,view,Silicon Power 256GB SSD 3D NAND A55 SLC Cache Performance Boost SATA III 2.5,electronics,109,4.800000190734863,pub,1,Continuer navigation,would not recommend
2f7ffa3f,186,view,WD 4TB Gaming Drive Works with Playstation 4 Portable External Hard Drive,electronics,114,4.800000190734863,direct,1,Continuer navigation,would not recommend
fbb219e1,134,purchase,Acer SB220Q bi 21.5 inches Full HD (1920 x 1080) IPS Ultra-Thin,electronics,599,2.9000000953674316,direct,5,Suggerer produits similaires,excellent quality
f4548f66,117,purchase,Samsung 49-Inch CHG90 144Hz Curved Gaming Monitor (LC49HG90DMNXZA) – Super Ultrawide Screen QLED ,electronics,999.989990234375,2.200000047683716,pub,5,Suggerer produits similaires,very dissatisfied
403422b1,67,view,BIYLACLESEN Women's 3-in-1 Snowboard Jacket Winter Coats,women's clothing,56.9900016784668,2.5999999046325684,reseaux_sociaux,1,Continuer navigation,would buy again
5414b1d2,4,add_to_cart,Lock and Love Women's Removable Hooded Faux Leather Moto Biker Jacket,women's clothing,29.950000762939453,2.9000000953674316,direct,3,Proposer livraison gratuite,waste of money
090026b2,133,add_to_cart,Rain Jacket Women Windbreaker Striped Climbing Raincoats,women's clothing,39.9900016784668,3.799999952316284,direct,3,Proposer livraison gratuite,highly impressed
73cd31fd,118,add_to_cart,MBJ Women's Solid Short Sleeve Boat Neck V ,women's clothing,9.850000381469727,4.699999809265137,reseaux_sociaux,3,Proposer livraison gratuite,waste of money
30e683c6,192,search,Opna Women's Short Sleeve Moisture,women's clothing,7.949999809265137,4.5,google,1,Continuer navigation,very disappointed
a4200749,146,add_to_cart,DANVOUY Womens T Shirt Casual Cotton Short,women's clothing,12.989999771118164,3.5999999046325684,pub,3,Proposer livraison gratuite,very disappointed
2f937d13,196,abandon,"Fjallraven - Foldsack No. 1 Backpack, Fits 15 Laptops",men's clothing,109.94999694824219,3.9000000953674316,google,-1,Envoyer coupon -20%,would buy again
c14227d8,43,view,Mens Casual Premium Slim Fit T-Shirts ,men's clothing,22.299999237060547,4.099999904632568,reseaux_sociaux,1,Continuer navigation,would not recommend
2cd62f71,100,view,Mens Cotton Jacket,men's clothing,55.9900016784668,4.699999809265137,reseaux_sociaux,1,Continuer navigation,very unhappy with my purchase
08e86403,67,add_to_cart,Mens Casual Slim Fit,men's clothing,15.989999771118164,2.0999999046325684,direct,3,Proposer livraison gratuite,great product
10f90faf,192,view,John Hardy Women's Legends Naga Gold & Silver Dragon Station Chain Bracelet,jewelery,695,4.599999904632568,reseaux_sociaux,1,Continuer navigation,awesome product
c7c9c575,5,view,Solid Gold Petite Micropave ,jewelery,168,3.9000000953674316,email,1,Continuer navigation,great product
8b1ac246,115,abandon,White Gold Plated Princess,jewelery,9.989999771118164,3,email,-1,Envoyer coupon -20%,great value for money
e951a5b6,200,add_to_cart,Pierced Owl Rose Gold Plated Stainless Steel Double,jewelery,10.989999771118164,1.899999976158142,reseaux_sociaux,3,Proposer livraison gratuite,great value for money
a6742163,116,search,WD 2TB Elements Portable External Hard Drive - USB 3.0 ,electronics,64,3.299999952316284,reseaux_sociaux,1,Continuer navigation,very dissatisfied
0a70b4a7,103,add_to_cart,SanDisk SSD PLUS 1TB Internal SSD - SATA III 6 Gb/s,electronics,109,2.9000000953674316,google,3,Proposer livraison gratuite,highly recommended
e129aa86,125,add_to_cart,Silicon Power 256GB SSD 3D NAND A55 SLC Cache Performance Boost SATA III 2.5,electronics,109,4.800000190734863,reseaux_sociaux,3,Proposer livraison gratuite,highly recommended
7f4d6027,20,search,WD 4TB Gaming Drive Works with Playstation 4 Portable External Hard Drive,electronics,114,4.800000190734863,direct,1,Continuer navigation,would not recommend
8c2a5261,6,purchase,Acer SB220Q bi 21.5 inches Full HD (1920 x 1080) IPS Ultra-Thin,electronics,599,2.9000000953674316,direct,5,Suggerer produits similaires,excellent quality
65e982e0,64,add_to_cart,Samsung 49-Inch CHG90 144Hz Curved Gaming Monitor (LC49HG90DMNXZA) – Super Ultrawide Screen QLED ,electronics,999.989990234375,2.200000047683716,reseaux_sociaux,3,Proposer livraison gratuite,excellent quality
8a6818a6,35,view,BIYLACLESEN Women's 3-in-1 Snowboard Jacket Winter Coats,women's clothing,56.9900016784668,2.5999999046325684,google,1,Continuer navigation,awesome product
e5697676,118,abandon,Lock and Love Women's Removable Hooded Faux Leather Moto Biker Jacket,women's clothing,29.950000762939453,2.9000000953674316,email,-1,Envoyer coupon -20%,great product
4dc3650d,157,add_to_cart,Rain Jacket Women Windbreaker Striped Climbing Raincoats,women's clothing,39.9900016784668,3.799999952316284,email,3,Proposer livraison gratuite,highly impressed
66f0161d,106,view,MBJ Women's Solid Short Sleeve Boat Neck V ,women's clothing,9.850000381469727,4.699999809265137,direct,1,Continuer navigation,great value for money
6b65e06a,33,abandon,Opna Women's Short Sleeve Moisture,women's clothing,7.949999809265137,4.5,google,-1,Envoyer coupon -20%,highly impressed
3975cd96,114,add_to_cart,DANVOUY Womens T Shirt Casual Cotton Short,women's clothing,12.989999771118164,3.5999999046325684,google,3,Proposer livraison gratuite,very pleased
24c16d34,70,search,"Fjallraven - Foldsack No. 1 Backpack, Fits 15 Laptops",men's clothing,109.94999694824219,3.9000000953674316,reseaux_sociaux,1,Continuer navigation,would not recommend
e2dcfad1,7,purchase,Mens Casual Premium Slim Fit T-Shirts ,men's clothing,22.299999237060547,4.099999904632568,direct,5,Suggerer produits similaires,great value for money
5c1afa37,55,view,Mens Cotton Jacket,men's clothing,55.9900016784668,4.699999809265137,email,1,Continuer navigation,fast shipping
7fe1ce78,175,purchase,Mens Casual Slim Fit,men's clothing,15.989999771118164,2.0999999046325684,direct,5,Suggerer produits similaires,awesome product
5a393ecd,177,purchase,John Hardy Women's Legends Naga Gold & Silver Dragon Station Chain Bracelet,jewelery,695,4.599999904632568,direct,5,Suggerer produits similaires,excellent quality
87d223d9,162,purchase,Solid Gold Petite Micropave ,jewelery,168,3.9000000953674316,reseaux_sociaux,5,Suggerer produits similaires,not worth the price
41ebd428,21,abandon,White Gold Plated Princess,jewelery,9.989999771118164,3,pub,-1,Envoyer coupon -20%,great value for money
285cfc99,173,purchase,Pierced Owl Rose Gold Plated Stainless Steel Double,jewelery,10.989999771118164,1.899999976158142,google,5,Suggerer produits similaires,would not recommend
87cc9f71,126,add_to_cart,WD 2TB Elements Portable External Hard Drive - USB 3.0 ,electronics,64,3.299999952316284,google,3,Proposer livraison gratuite,very dissatisfied
107863c5,140,add_to_cart,SanDisk SSD PLUS 1TB Internal SSD - SATA III 6 Gb/s,electronics,109,2.9000000953674316,direct,3,Proposer livraison gratuite,very satisfied
4eba295c,95,view,Silicon Power 256GB SSD 3D NAND A55 SLC Cache Performance Boost SATA III 2.5,electronics,109,4.800000190734863,email,1,Continuer navigation,excellent quality
37dfe5f8,192,add_to_cart,WD 4TB Gaming Drive Works with Playstation 4 Portable External Hard Drive,electronics,114,4.800000190734863,google,3,Proposer livraison gratuite,awesome product
460a02d2,81,purchase,Acer SB220Q bi 21.5 inches Full HD (1920 x 1080) IPS Ultra-Thin,electronics,599,2.9000000953674316,email,5,Suggerer produits similaires,highly recommended
50900f25,20,add_to_cart,Samsung 49-Inch CHG90 144Hz Curved Gaming Monitor (LC49HG90DMNXZA) – Super Ultrawide Screen QLED ,electronics,999.989990234375,2.200000047683716,google,3,Proposer livraison gratuite,would not recommend
a9cbd560,71,search,BIYLACLESEN Women's 3-in-1 Snowboard Jacket Winter Coats,women's clothing,56.9900016784668,2.5999999046325684,pub,1,Continuer navigation,would not recommend
85b7feb6,48,view,Lock and Love Women's Removable Hooded Faux Leather Moto Biker Jacket,women's clothing,29.950000762939453,2.9000000953674316,direct,1,Continuer navigation,poor quality
92e74ee1,66,abandon,Rain Jacket Women Windbreaker Striped Climbing Raincoats,women's clothing,39.9900016784668,3.799999952316284,google,-1,Envoyer coupon -20%,fast shipping
a508ef13,151,purchase,MBJ Women's Solid Short Sleeve Boat Neck V ,women's clothing,9.850000381469727,4.699999809265137,google,5,Suggerer produits similaires,would buy again
a98fd620,121,add_to_cart,Opna Women's Short Sleeve Moisture,women's clothing,7.949999809265137,4.5,pub,3,Proposer livraison gratuite,very happy with my purchase
ef4bc6f2,123,abandon,DANVOUY Womens T Shirt Casual Cotton Short,women's clothing,12.989999771118164,3.5999999046325684,google,-1,Envoyer coupon -20%,highly impressed
462a9cf2,130,purchase,"Fjallraven - Foldsack No. 1 Backpack, Fits 15 Laptops",men's clothing,109.94999694824219,3.9000000953674316,direct,5,Suggerer produits similaires,very unhappy with my purchase
d6f7747d,21,search,Mens Casual Premium Slim Fit T-Shirts ,men's clothing,22.299999237060547,4.099999904632568,pub,1,Continuer navigation,highly recommended
c784948e,100,abandon,Mens Cotton Jacket,men's clothing,55.9900016784668,4.699999809265137,email,-1,Envoyer coupon -20%,very happy with my purchase
464ac550,101,add_to_cart,Mens Casual Slim Fit,men's clothing,15.989999771118164,2.0999999046325684,reseaux_sociaux,3,Proposer livraison gratuite,very happy with my purchase
15f7fe5e,109,purchase,John Hardy Women's Legends Naga Gold & Silver Dragon Station Chain Bracelet,jewelery,695,4.599999904632568,pub,5,Suggerer produits similaires,very disappointed
20abfae1,187,search,Solid Gold Petite Micropave ,jewelery,168,3.9000000953674316,email,1,Continuer navigation,very satisfied
004ad403,183,purchase,White Gold Plated Princess,jewelery,9.989999771118164,3,email,5,Suggerer produits similaires,awesome product
94d1b6a8,123,search,Pierced Owl Rose Gold Plated Stainless Steel Double,jewelery,10.989999771118164,1.899999976158142,email,1,Continuer navigation,would buy again
01c3f473,13,purchase,WD 2TB Elements Portable External Hard Drive - USB 3.0 ,electronics,64,3.299999952316284,pub,5,Suggerer produits similaires,poor quality
4f054f0f,58,abandon,SanDisk SSD PLUS 1TB Internal SSD - SATA III 6 Gb/s,electronics,109,2.9000000953674316,email,-1,Envoyer coupon -20%,very unhappy with my purchase
bf1687c0,161,purchase,Silicon Power 256GB SSD 3D NAND A55 SLC Cache Performance Boost SATA III 2.5,electronics,109,4.800000190734863,google,5,Suggerer produits similaires,very unhappy with my purchase
c594e055,125,search,WD 4TB Gaming Drive Works with Playstation 4 Portable External Hard Drive,electronics,114,4.800000190734863,google,1,Continuer navigation,very pleased
4bce8a99,175,abandon,Acer SB220Q bi 21.5 inches Full HD (1920 x 1080) IPS Ultra-Thin,electronics,599,2.9000000953674316,pub,-1,Envoyer coupon -20%,would not recommend
14bf45fd,155,purchase,Samsung 49-Inch CHG90 144Hz Curved Gaming Monitor (LC49HG90DMNXZA) – Super Ultrawide Screen QLED ,electronics,999.989990234375,2.200000047683716,reseaux_sociaux,5,Suggerer produits similaires,great value for money
61152c0d,46,view,BIYLACLESEN Women's 3-in-1 Snowboard Jacket Winter Coats,women's clothing,56.9900016784668,2.5999999046325684,pub,1,Continuer navigation,highly impressed
829db6ab,68,add_to_cart,Lock and Love Women's Removable Hooded Faux Leather Moto Biker Jacket,women's clothing,29.950000762939453,2.9000000953674316,email,3,Proposer livraison gratuite,would buy again
d0ba96cc,78,search,Rain Jacket Women Windbreaker Striped Climbing Raincoats,women's clothing,39.9900016784668,3.799999952316284,google,1,Continuer navigation,highly impressed
6980dca0,144,add_to_cart,MBJ Women's Solid Short Sleeve Boat Neck V ,women's clothing,9.850000381469727,4.699999809265137,direct,3,Proposer livraison gratuite,great product
f5b89b88,15,search,Opna Women's Short Sleeve Moisture,women's clothing,7.949999809265137,4.5,email,1,Continuer navigation,highly recommended
e7eb7be9,154,search,DANVOUY Womens T Shirt Casual Cotton Short,women's clothing,12.989999771118164,3.5999999046325684,google,1,Continuer navigation,not as described
d23fe4dd,132,purchase,"Fjallraven - Foldsack No. 1 Backpack, Fits 15 Laptops",men's clothing,109.94999694824219,3.9000000953674316,direct,5,Suggerer produits similaires,great value for money
cfbf8bae,135,view,Mens Casual Premium Slim Fit T-Shirts ,men's clothing,22.299999237060547,4.099999904632568,email,1,Continuer navigation,highly impressed
bae60499,178,search,Mens Cotton Jacket,men's clothing,55.9900016784668,4.699999809265137,reseaux_sociaux,1,Continuer navigation,great value for money
d2e64b41,40,view,Mens Casual Slim Fit,men's clothing,15.989999771118164,2.0999999046325684,reseaux_sociaux,1,Continuer navigation,not worth the price
f7596867,166,purchase,John Hardy Women's Legends Naga Gold & Silver Dragon Station Chain Bracelet,jewelery,695,4.599999904632568,google,5,Suggerer produits similaires,waste of money
7ab18250,169,search,Solid Gold Petite Micropave ,jewelery,168,3.9000000953674316,reseaux_sociaux,1,Continuer navigation,great value for money
815bcdcd,133,add_to_cart,White Gold Plated Princess,jewelery,9.989999771118164,3,direct,3,Proposer livraison gratuite,very satisfied
e84d4884,128,purchase,Pierced Owl Rose Gold Plated Stainless Steel Double,jewelery,10.989999771118164,1.899999976158142,google,5,Suggerer produits similaires,great product
3d03cb36,172,view,WD 2TB Elements Portable External Hard Drive - USB 3.0 ,electronics,64,3.299999952316284,google,1,Continuer navigation,would not recommend
eaa88013,168,purchase,SanDisk SSD PLUS 1TB Internal SSD - SATA III 6 Gb/s,electronics,109,2.9000000953674316,pub,5,Suggerer produits similaires,excellent quality
37ce1707,104,purchase,Silicon Power 256GB SSD 3D NAND A55 SLC Cache Performance Boost SATA III 2.5,electronics,109,4.800000190734863,reseaux_sociaux,5,Suggerer produits similaires,fast shipping
3a223d7e,79,abandon,WD 4TB Gaming Drive Works with Playstation 4 Portable External Hard Drive,electronics,114,4.800000190734863,google,-1,Envoyer coupon -20%,very unhappy with my purchase
1ec5152b,44,abandon,Acer SB220Q bi 21.5 inches Full HD (1920 x 1080) IPS Ultra-Thin,electronics,599,2.9000000953674316,pub,-1,Envoyer coupon -20%,great product
ff19b08d,57,view,Samsung 49-Inch CHG90 144Hz Curved Gaming Monitor (LC49HG90DMNXZA) – Super Ultrawide Screen QLED ,electronics,999.989990234375,2.200000047683716,reseaux_sociaux,1,Continuer navigation,great product
f30af7e8,16,add_to_cart,BIYLACLESEN Women's 3-in-1 Snowboard Jacket Winter Coats,women's clothing,56.9900016784668,2.5999999046325684,pub,3,Proposer livraison gratuite,excellent quality
ce558a9e,193,purchase,Lock and Love Women's Removable Hooded Faux Leather Moto Biker Jacket,women's clothing,29.950000762939453,2.9000000953674316,email,5,Suggerer produits similaires,would not recommend
6dbcc7a7,170,search,Rain Jacket Women Windbreaker Striped Climbing Raincoats,women's clothing,39.9900016784668,3.799999952316284,direct,1,Continuer navigation,great value for money
b72624fd,15,view,MBJ Women's Solid Short Sleeve Boat Neck V ,women's clothing,9.850000381469727,4.699999809265137,direct,1,Continuer navigation,not worth the price
61aca35b,117,abandon,Opna Women's Short Sleeve Moisture,women's clothing,7.949999809265137,4.5,email,-1,Envoyer coupon -20%,highly recommended
f28b6959,131,abandon,DANVOUY Womens T Shirt Casual Cotton Short,women's clothing,12.989999771118164,3.5999999046325684,email,-1,Envoyer coupon -20%,very disappointed
ccfaedf3,162,search,"Fjallraven - Foldsack No. 1 Backpack, Fits 15 Laptops",men's clothing,109.94999694824219,3.9000000953674316,direct,1,Continuer navigation,very pleased
3ad1d251,115,purchase,Mens Casual Premium Slim Fit T-Shirts ,men's clothing,22.299999237060547,4.099999904632568,reseaux_sociaux,5,Suggerer produits similaires,very unhappy with my purchase
45c4387d,87,purchase,Mens Cotton Jacket,men's clothing,55.9900016784668,4.699999809265137,email,5,Suggerer produits similaires,highly impressed
cbdb8480,9,abandon,Mens Casual Slim Fit,men's clothing,15.989999771118164,2.0999999046325684,direct,-1,Envoyer coupon -20%,would buy again
7d2d4046,160,add_to_cart,John Hardy Women's Legends Naga Gold & Silver Dragon Station Chain Bracelet,jewelery,695,4.599999904632568,email,3,Proposer livraison gratuite,very disappointed
ee04f174,2,search,Solid Gold Petite Micropave ,jewelery,168,3.9000000953674316,pub,1,Continuer navigation,would buy again
6b9904c6,38,purchase,White Gold Plated Princess,jewelery,9.989999771118164,3,email,5,Suggerer produits similaires,fast shipping
e1eee995,68,search,Pierced Owl Rose Gold Plated Stainless Steel Double,jewelery,10.989999771118164,1.899999976158142,google,1,Continuer navigation,very pleased
d18f95ab,46,purchase,WD 2TB Elements Portable External Hard Drive - USB 3.0 ,electronics,64,3.299999952316284,reseaux_sociaux,5,Suggerer produits similaires,would not recommend
0b22c717,169,purchase,SanDisk SSD PLUS 1TB Internal SSD - SATA III 6 Gb/s,electronics,109,2.9000000953674316,pub,5,Suggerer produits similaires,very pleased
569cf22b,142,search,Silicon Power 256GB SSD 3D NAND A55 SLC Cache Performance Boost SATA III 2.5,electronics,109,4.800000190734863,google,1,Continuer navigation,poor quality
17026097,14,view,WD 4TB Gaming Drive Works with Playstation 4 Portable External Hard Drive,electronics,114,4.800000190734863,direct,1,Continuer navigation,very dissatisfied
2906cbad,95,add_to_cart,Acer SB220Q bi 21.5 inches Full HD (1920 x 1080) IPS Ultra-Thin,electronics,599,2.9000000953674316,google,3,Proposer livraison gratuite,very disappointed
95de0369,141,search,Samsung 49-Inch CHG90 144Hz Curved Gaming Monitor (LC49HG90DMNXZA) – Super Ultrawide Screen QLED ,electronics,999.989990234375,2.200000047683716,email,1,Continuer navigation,very happy with my purchase
531d4b5d,21,view,BIYLACLESEN Women's 3-in-1 Snowboard Jacket Winter Coats,women's clothing,56.9900016784668,2.5999999046325684,reseaux_sociaux,1,Continuer navigation,highly impressed
35ebd9af,145,view,Lock and Love Women's Removable Hooded Faux Leather Moto Biker Jacket,women's clothing,29.950000762939453,2.9000000953674316,pub,1,Continuer navigation,great product
1bb14082,22,search,Rain Jacket Women Windbreaker Striped Climbing Raincoats,women's clothing,39.9900016784668,3.799999952316284,reseaux_sociaux,1,Continuer navigation,very dissatisfied
3bf18764,144,abandon,MBJ Women's Solid Short Sleeve Boat Neck V ,women's clothing,9.850000381469727,4.699999809265137,reseaux_sociaux,-1,Envoyer coupon -20%,poor quality
1678388e,21,add_to_cart,Opna Women's Short Sleeve Moisture,women's clothing,7.949999809265137,4.5,pub,3,Proposer livraison gratuite,would buy again
8f08c4dc,54,search,DANVOUY Womens T Shirt Casual Cotton Short,women's clothing,12.989999771118164,3.5999999046325684,email,1,Continuer navigation,great value for money
15262dcd,168,search,"Fjallraven - Foldsack No. 1 Backpack, Fits 15 Laptops",men's clothing,109.94999694824219,3.9000000953674316,email,1,Continuer navigation,excellent quality
22ec5bfc,88,abandon,Mens Casual Premium Slim Fit T-Shirts ,men's clothing,22.299999237060547,4.099999904632568,direct,-1,Envoyer coupon -20%,excellent quality
afd9e1de,192,add_to_cart,Mens Cotton Jacket,men's clothing,55.9900016784668,4.699999809265137,email,3,Proposer livraison gratuite,great value for money
5fed9275,50,abandon,Mens Casual Slim Fit,men's clothing,15.989999771118164,2.0999999046325684,pub,-1,Envoyer coupon -20%,very disappointed
34ebaa1a,109,view,John Hardy Women's Legends Naga Gold & Silver Dragon Station Chain Bracelet,jewelery,695,4.599999904632568,google,1,Continuer navigation,great product
69dd8076,73,abandon,Solid Gold Petite Micropave ,jewelery,168,3.9000000953674316,google,-1,Envoyer coupon -20%,great product
3dadb099,58,search,White Gold Plated Princess,jewelery,9.989999771118164,3,email,1,Continuer navigation,poor quality
fc7b8f17,51,add_to_cart,Pierced Owl Rose Gold Plated Stainless Steel Double,jewelery,10.989999771118164,1.899999976158142,direct,3,Proposer livraison gratuite,fast shipping
84da53a6,33,purchase,WD 2TB Elements Portable External Hard Drive - USB 3.0 ,electronics,64,3.299999952316284,email,5,Suggerer produits similaires,very disappointed
03ba829c,22,purchase,SanDisk SSD PLUS 1TB Internal SSD - SATA III 6 Gb/s,electronics,109,2.9000000953674316,pub,5,Suggerer produits similaires,would not buy again
e779faef,50,abandon,Silicon Power 256GB SSD 3D NAND A55 SLC Cache Performance Boost SATA III 2.5,electronics,109,4.800000190734863,direct,-1,Envoyer coupon -20%,great product
