session_id,user_id,action,product_title,category,price,rating,source,action_score,recommandation,review_clean
911bcc85,200,search,Acer SB220Q bi 21.5 inches Full HD (1920 x 1080) IPS Ultra-Thin,electronics,599,2.9000000953674316,reseaux_sociaux,1,Continuer navigation,fast shipping
2b6a0370,10,add_to_cart,Samsung 49-Inch CHG90 144Hz Curved Gaming Monitor (LC49HG90DMNXZA) – Super Ultrawide Screen QLED ,electronics,999.989990234375,2.200000047683716,email,3,Proposer livraison gratuite,great product
3b1685aa,113,purchase,BIYLACLESEN Women's 3-in-1 Snowboard Jacket Winter Coats,women's clothing,56.9900016784668,2.5999999046325684,reseaux_sociaux,5,Suggerer produits similaires,great product
09929a28,15,search,Lock and Love Women's Removable Hooded Faux Leather Moto Biker Jacket,women's clothing,29.950000762939453,2.9000000953674316,email,1,Continuer navigation,very dissatisfied
f464b9e6,164,purchase,Rain Jacket Women Windbreaker Striped Climbing Raincoats,women's clothing,39.9900016784668,3.799999952316284,email,5,Suggerer produits similaires,very disappointed
68e41173,34,purchase,MBJ Women's Solid Short Sleeve Boat Neck V ,women's clothing,9.850000381469727,4.699999809265137,google,5,Suggerer produits similaires,highly recommended
fb70bf13,179,abandon,Opna Women's Short Sleeve Moisture,women's clothing,7.949999809265137,4.5,pub,-1,Envoyer coupon -20%,awesome product
f0e40c93,14,view,DANVOUY Womens T Shirt Casual Cotton Short,women's clothing,12.989999771118164,3.5999999046325684,direct,1,Continuer navigation,would buy again
d9bae8fe,181,search,"Fjallraven - Foldsack No. 1 Backpack, Fits 15 Laptops",men's clothing,109.94999694824219,3.9000000953674316,google,1,Continuer navigation,excellent quality
bad83626,73,add_to_cart,Mens Casual Premium Slim Fit T-Shirts ,men's clothing,22.299999237060547,4.099999904632568,google,3,Proposer livraison gratuite,very happy with my purchase
64efa680,47,search,Mens Cotton Jacket,men's clothing,55.9900016784668,4.699999809265137,pub,1,Continuer navigation,poor quality
e6970694,79,purchase,Mens Casual Slim Fit,men's clothing,15.989999771118164,2.0999999046325684,reseaux_sociaux,5,Suggerer produits similaires,very unhappy with my purchase
052f8d20,47,add_to_cart,John Hardy Women's Legends Naga Gold & Silver Dragon Station Chain Bracelet,jewelery,695,4.599999904632568,google,3,Proposer livraison gratuite,fast shipping
0dec71c7,31,purchase,Solid Gold Petite Micropave ,jewelery,168,3.9000000953674316,pub,5,Suggerer produits similaires,great value for money
aaa430e4,54,purchase,White Gold Plated Princess,jewelery,9.989999771118164,3,pub,5,Suggerer produits similaires,excellent quality
da5aa273,6,abandon,Pierced Owl Rose Gold Plated Stainless Steel Double,jewelery,10.989999771118164,1.899999976158142,direct,-1,Envoyer coupon -20%,highly recommended
f1425cd8,162,purchase,WD 2TB Elements Portable External Hard Drive - USB 3.0 ,electronics,64,3.299999952316284,email,5,Suggerer produits similaires,excellent quality
01a9763c,98,search,SanDisk SSD PLUS 1TB Internal SSD - SATA III 6 Gb/s,electronics,109,2.9000000953674316,pub,1,Continuer navigation,great value for money
ed8831fc,60,search,Silicon Power 256GB SSD 3D NAND A55 SLC Cache Performance Boost SATA III 2.5,electronics,109,4.800000190734863,email,1,Continuer navigation,would not recommend
4b25dcd7,129,purchase,WD 4TB Gaming Drive Works with Playstation 4 Portable External Hard Drive,electronics,114,4.800000190734863,google,5,Suggerer produits similaires,very happy with my purchase
d9122a19,128,view,Acer SB220Q bi 21.5 inches Full HD (1920 x 1080) IPS Ultra-Thin,electronics,599,2.9000000953674316,pub,1,Continuer navigation,excellent quality
d9f76949,20,search,Samsung 49-Inch CHG90 144Hz Curved Gaming Monitor (LC49HG90DMNXZA) – Super Ultrawide Screen QLED ,electronics,999.989990234375,2.200000047683716,pub,1,Continuer navigation,poor quality
b065680f,22,search,BIYLACLESEN Women's 3-in-1 Snowboard Jacket Winter Coats,women's clothing,56.9900016784668,2.5999999046325684,direct,1,Continuer navigation,very unhappy with my purchase
c492829e,55,search,Lock and Love Women's Removable Hooded Faux Leather Moto Biker Jacket,women's clothing,29.950000762939453,2.9000000953674316,direct,1,Continuer navigation,awesome product
b089f1a3,68,abandon,Rain Jacket Women Windbreaker Striped Climbing Raincoats,women's clothing,39.9900016784668,3.799999952316284,google,-1,Envoyer coupon -20%,fast shipping
c5f37176,106,search,MBJ Women's Solid Short Sleeve Boat Neck V ,women's clothing,9.850000381469727,4.699999809265137,google,1,Continuer navigation,very satisfied
5f06b48b,64,add_to_cart,Opna Women's Short Sleeve Moisture,women's clothing,7.949999809265137,4.5,pub,3,Proposer livraison gratuite,poor quality
8156ea05,40,abandon,DANVOUY Womens T Shirt Casual Cotton Short,women's clothing,12.989999771118164,3.5999999046325684,google,-1,Envoyer coupon -20%,very happy with my purchase
b1fa9921,96,add_to_cart,"Fjallraven - Foldsack No. 1 Backpack, Fits 15 Laptops",men's clothing,109.94999694824219,3.9000000953674316,email,3,Proposer livraison gratuite,great product
ac016cd0,190,abandon,Mens Casual Premium Slim Fit T-Shirts ,men's clothing,22.299999237060547,4.099999904632568,direct,-1,Envoyer coupon -20%,waste of money
a0e9e78b,19,purchase,Mens Cotton Jacket,men's clothing,55.9900016784668,4.699999809265137,email,5,Suggerer produits similaires,great value for money
32e02aa1,50,purchase,Mens Casual Slim Fit,men's clothing,15.989999771118164,2.0999999046325684,pub,5,Suggerer produits similaires,would not buy again
05258ce8,59,view,John Hardy Women's Legends Naga Gold & Silver Dragon Station Chain Bracelet,jewelery,695,4.599999904632568,google,1,Continuer navigation,great value for money
b6295ee8,50,view,Solid Gold Petite Micropave ,jewelery,168,3.9000000953674316,google,1,Continuer navigation,would not recommend
33bbf2d8,143,search,White Gold Plated Princess,jewelery,9.989999771118164,3,google,1,Continuer navigation,great product
bdc172dc,110,add_to_cart,Pierced Owl Rose Gold Plated Stainless Steel Double,jewelery,10.989999771118164,1.899999976158142,google,3,Proposer livraison gratuite,highly impressed
ad65c34d,110,view,WD 2TB Elements Portable External Hard Drive - USB 3.0 ,electronics,64,3.299999952316284,google,1,Continuer navigation,poor quality
aaf7b897,194,search,SanDisk SSD PLUS 1TB Internal SSD - SATA III 6 Gb/s,electronics,109,2.9000000953674316,google,1,Continuer navigation,would buy again
a41d2c6c,46,view,Silicon Power 256GB SSD 3D NAND A55 SLC Cache Performance Boost SATA III 2.5,electronics,109,4.800000190734863,pub,1,Continuer navigation,very happy with my purchase
f8d69542,94,purchase,WD 4TB Gaming Drive Works with Playstation 4 Portable External Hard Drive,electronics,114,4.800000190734863,reseaux_sociaux,5,Suggerer produits similaires,would buy again
e1ffc11a,3,view,Acer SB220Q bi 21.5 inches Full HD (1920 x 1080) IPS Ultra-Thin,electronics,599,2.9000000953674316,pub,1,Continuer navigation,awesome product
120c8ac9,113,search,Samsung 49-Inch CHG90 144Hz Curved Gaming Monitor (LC49HG90DMNXZA) – Super Ultrawide Screen QLED ,electronics,999.989990234375,2.200000047683716,reseaux_sociaux,1,Continuer navigation,great product
82ca8b0c,109,purchase,BIYLACLESEN Women's 3-in-1 Snowboard Jacket Winter Coats,women's clothing,56.9900016784668,2.5999999046325684,reseaux_sociaux,5,Suggerer produits similaires,highly impressed
2efe87a6,42,search,Lock and Love Women's Removable Hooded Faux Leather Moto Biker Jacket,women's clothing,29.950000762939453,2.9000000953674316,email,1,Continuer navigation,great product
2237d851,38,add_to_cart,Rain Jacket Women Windbreaker Striped Climbing Raincoats,women's clothing,39.9900016784668,3.799999952316284,pub,3,Proposer livraison gratuite,fast shipping
455b4604,37,abandon,MBJ Women's Solid Short Sleeve Boat Neck V ,women's clothing,9.850000381469727,4.699999809265137,reseaux_sociaux,-1,Envoyer coupon -20%,very pleased
272b16e2,168,view,Opna Women's Short Sleeve Moisture,women's clothing,7.949999809265137,4.5,direct,1,Continuer navigation,fast shipping
eaeb359a,26,view,DANVOUY Womens T Shirt Casual Cotton Short,women's clothing,12.989999771118164,3.5999999046325684,google,1,Continuer navigation,highly impressed
5ada4dbd,104,purchase,"Fjallraven - Foldsack No. 1 Backpack, Fits 15 Laptops",men's clothing,109.94999694824219,3.9000000953674316,reseaux_sociaux,5,Suggerer produits similaires,would not recommend
c34d40f8,12,abandon,Mens Casual Premium Slim Fit T-Shirts ,men's clothing,22.299999237060547,4.099999904632568,pub,-1,Envoyer coupon -20%,excellent quality
75a376b0,92,purchase,Mens Cotton Jacket,men's clothing,55.9900016784668,4.699999809265137,pub,5,Suggerer produits similaires,would not buy again
9f4cc661,148,add_to_cart,Mens Casual Slim Fit,men's clothing,15.989999771118164,2.0999999046325684,reseaux_sociaux,3,Proposer livraison gratuite,highly recommended
4aee4ce6,8,search,John Hardy Women's Legends Naga Gold & Silver Dragon Station Chain Bracelet,jewelery,695,4.599999904632568,reseaux_sociaux,1,Continuer navigation,very dissatisfied
c0b6898f,89,add_to_cart,Solid Gold Petite Micropave ,jewelery,168,3.9000000953674316,email,3,Proposer livraison gratuite,great product
230a35be,8,abandon,White Gold Plated Princess,jewelery,9.989999771118164,3,email,-1,Envoyer coupon -20%,great product
7bd2ce8e,109,add_to_cart,Pierced Owl Rose Gold Plated Stainless Steel Double,jewelery,10.989999771118164,1.899999976158142,direct,3,Proposer livraison gratuite,excellent quality
15cbbfa2,184,search,WD 2TB Elements Portable External Hard Drive - USB 3.0 ,electronics,64,3.299999952316284,email,1,Continuer navigation,very happy with my purchase
935e128c,191,purchase,SanDisk SSD PLUS 1TB Internal SSD - SATA III 6 Gb/s,electronics,109,2.9000000953674316,direct,5,Suggerer produits similaires,great product
074f24f9,65,add_to_cart,Silicon Power 256GB SSD 3D NAND A55 SLC Cache Performance Boost SATA III 2.5,electronics,109,4.800000190734863,email,3,Proposer livraison gratuite,highly impressed
8f610a46,3,add_to_cart,WD 4TB Gaming Drive Works with Playstation 4 Portable External Hard Drive,electronics,114,4.800000190734863,email,3,Proposer livraison gratuite,highly impressed
706861f7,178,add_to_cart,Acer SB220Q bi 21.5 inches Full HD (1920 x 1080) IPS Ultra-Thin,electronics,599,2.9000000953674316,google,3,Proposer livraison gratuite,waste of money
40104733,105,view,Samsung 49-Inch CHG90 144Hz Curved Gaming Monitor (LC49HG90DMNXZA) – Super Ultrawide Screen QLED ,electronics,999.989990234375,2.200000047683716,pub,1,Continuer navigation,great value for money
8eb88e20,172,search,BIYLACLESEN Women's 3-in-1 Snowboard Jacket Winter Coats,women's clothing,56.9900016784668,2.5999999046325684,email,1,Continuer navigation,very disappointed
c2d1a3f6,17,view,Lock and Love Women's Removable Hooded Faux Leather Moto Biker Jacket,women's clothing,29.950000762939453,2.9000000953674316,google,1,Continuer navigation,highly recommended
cf85c0bd,11,abandon,Rain Jacket Women Windbreaker Striped Climbing Raincoats,women's clothing,39.9900016784668,3.799999952316284,email,-1,Envoyer coupon -20%,would buy again
218a5627,72,abandon,MBJ Women's Solid Short Sleeve Boat Neck V ,women's clothing,9.850000381469727,4.699999809265137,reseaux_sociaux,-1,Envoyer coupon -20%,great product
b1fc2f4e,108,abandon,Opna Women's Short Sleeve Moisture,women's clothing,7.949999809265137,4.5,direct,-1,Envoyer coupon -20%,very pleased
09a1cb77,40,search,DANVOUY Womens T Shirt Casual Cotton Short,women's clothing,12.989999771118164,3.5999999046325684,email,1,Continuer navigation,awesome product
38a9823c,99,add_to_cart,"Fjallraven - Foldsack No. 1 Backpack, Fits 15 Laptops",men's clothing,109.94999694824219,3.9000000953674316,reseaux_sociaux,3,Proposer livraison gratuite,would not recommend
6b0de5bf,22,search,Mens Casual Premium Slim Fit T-Shirts ,men's clothing,22.299999237060547,4.099999904632568,pub,1,Continuer navigation,awesome product
586c6563,93,purchase,Mens Cotton Jacket,men's clothing,55.9900016784668,4.699999809265137,direct,5,Suggerer produits similaires,very pleased
1b11c95f,136,search,Mens Casual Slim Fit,men's clothing,15.989999771118164,2.0999999046325684,pub,1,Continuer navigation,would buy again
d2a6d13f,116,add_to_cart,John Hardy Women's Legends Naga Gold & Silver Dragon Station Chain Bracelet,jewelery,695,4.599999904632568,reseaux_sociaux,3,Proposer livraison gratuite,highly impressed
095af460,36,view,Solid Gold Petite Micropave ,jewelery,168,3.9000000953674316,direct,1,Continuer navigation,not as described
1818ab3f,9,add_to_cart,White Gold Plated Princess,jewelery,9.989999771118164,3,pub,3,Proposer livraison gratuite,disappointing product
8f7e3205,195,abandon,Pierced Owl Rose Gold Plated Stainless Steel Double,jewelery,10.989999771118164,1.899999976158142,pub,-1,Envoyer coupon -20%,would not recommend
82bb6bdb,88,view,WD 2TB Elements Portable External Hard Drive - USB 3.0 ,electronics,64,3.299999952316284,reseaux_sociaux,1,Continuer navigation,great product
3f8e1bd1,138,abandon,SanDisk SSD PLUS 1TB Internal SSD - SATA III 6 Gb/s,electronics,109,2.9000000953674316,reseaux_sociaux,-1,Envoyer coupon -20%,great product
c37c5929,48,abandon,Silicon Power 256GB SSD 3D NAND A55 SLC Cache Performance Boost SATA III 2.5,electronics,109,4.800000190734863,pub,-1,Envoyer coupon -20%,poor quality
2fae0948,181,view,WD 4TB Gaming Drive Works with Playstation 4 Portable External Hard Drive,electronics,114,4.800000190734863,reseaux_sociaux,1,Continuer navigation,excellent quality
e1e57a29,143,search,Acer SB220Q bi 21.5 inches Full HD (1920 x 1080) IPS Ultra-Thin,electronics,599,2.9000000953674316,email,1,Continuer navigation,very unhappy with my purchase
cd1854a8,108,view,Samsung 49-Inch CHG90 144Hz Curved Gaming Monitor (LC49HG90DMNXZA) – Super Ultrawide Screen QLED ,electronics,999.989990234375,2.200000047683716,email,1,Continuer navigation,poor quality
e526a0ec,3,add_to_cart,BIYLACLESEN Women's 3-in-1 Snowboard Jacket Winter Coats,women's clothing,56.9900016784668,2.5999999046325684,email,3,Proposer livraison gratuite,waste of money
43d5da97,10,view,Lock and Love Women's Removable Hooded Faux Leather Moto Biker Jacket,women's clothing,29.950000762939453,2.9000000953674316,email,1,Continuer navigation,great value for money
69a38af4,124,purchase,Rain Jacket Women Windbreaker Striped Climbing Raincoats,women's clothing,39.9900016784668,3.799999952316284,reseaux_sociaux,5,Suggerer produits similaires,highly recommended
c4a8dd9c,40,purchase,MBJ Women's Solid Short Sleeve Boat Neck V ,women's clothing,9.850000381469727,4.699999809265137,google,5,Suggerer produits similaires,very unhappy with my purchase
040d8179,184,search,Opna Women's Short Sleeve Moisture,women's clothing,7.949999809265137,4.5,email,1,Continuer navigation,very pleased
614f3218,87,view,DANVOUY Womens T Shirt Casual Cotton Short,women's clothing,12.989999771118164,3.5999999046325684,email,1,Continuer navigation,great product
fea367ac,166,search,"Fjallraven - Foldsack No. 1 Backpack, Fits 15 Laptops",men's clothing,109.94999694824219,3.9000000953674316,pub,1,Continuer navigation,very dissatisfied
1670f68b,30,search,Mens Casual Premium Slim Fit T-Shirts ,men's clothing,22.299999237060547,4.099999904632568,pub,1,Continuer navigation,fast shipping
671b800e,181,search,Mens Cotton Jacket,men's clothing,55.9900016784668,4.699999809265137,email,1,Continuer navigation,very unhappy with my purchase
b39903fe,70,search,Mens Casual Slim Fit,men's clothing,15.989999771118164,2.0999999046325684,pub,1,Continuer navigation,great value for money
71f764f1,143,purchase,John Hardy Women's Legends Naga Gold & Silver Dragon Station Chain Bracelet,jewelery,695,4.599999904632568,direct,5,Suggerer produits similaires,excellent quality
25a0fe00,87,purchase,Solid Gold Petite Micropave ,jewelery,168,3.9000000953674316,google,5,Suggerer produits similaires,excellent quality
d38583e6,123,view,White Gold Plated Princess,jewelery,9.989999771118164,3,google,1,Continuer navigation,waste of money
eea93094,150,view,Pierced Owl Rose Gold Plated Stainless Steel Double,jewelery,10.989999771118164,1.899999976158142,email,1,Continuer navigation,very pleased
5b5692fb,20,purchase,WD 2TB Elements Portable External Hard Drive - USB 3.0 ,electronics,64,3.299999952316284,direct,5,Suggerer produits similaires,great product
e6f56fe1,130,abandon,SanDisk SSD PLUS 1TB Internal SSD - SATA III 6 Gb/s,electronics,109,2.9000000953674316,email,-1,Envoyer coupon -20%,highly recommended
559542ae,165,view,Silicon Power 256GB SSD 3D NAND A55 SLC Cache Performance Boost SATA III 2.5,electronics,109,4.800000190734863,direct,1,Continuer navigation,excellent quality
0e15c7ea,177,search,WD 4TB Gaming Drive Works with Playstation 4 Portable External Hard Drive,electronics,114,4.800000190734863,google,1,Continuer navigation,very pleased
b2201594,161,search,Acer SB220Q bi 21.5 inches Full HD (1920 x 1080) IPS Ultra-Thin,electronics,599,2.9000000953674316,email,1,Continuer navigation,very unhappy with my purchase
07ce16b4,187,search,Samsung 49-Inch CHG90 144Hz Curved Gaming Monitor (LC49HG90DMNXZA) – Super Ultrawide Screen QLED ,electronics,999.989990234375,2.200000047683716,google,1,Continuer navigation,would not recommend
45605aa5,100,add_to_cart,BIYLACLESEN Women's 3-in-1 Snowboard Jacket Winter Coats,women's clothing,56.9900016784668,2.5999999046325684,pub,3,Proposer livraison gratuite,excellent quality
77e1eb37,6,view,Lock and Love Women's Removable Hooded Faux Leather Moto Biker Jacket,women's clothing,29.950000762939453,2.9000000953674316,pub,1,Continuer navigation,not worth the price
ecf91556,32,add_to_cart,Rain Jacket Women Windbreaker Striped Climbing Raincoats,women's clothing,39.9900016784668,3.799999952316284,google,3,Proposer livraison gratuite,excellent quality
1e735537,185,abandon,MBJ Women's Solid Short Sleeve Boat Neck V ,women's clothing,9.850000381469727,4.699999809265137,google,-1,Envoyer coupon -20%,would buy again
6109b070,119,add_to_cart,Opna Women's Short Sleeve Moisture,women's clothing,7.949999809265137,4.5,direct,3,Proposer livraison gratuite,fast shipping
a0234a53,26,abandon,DANVOUY Womens T Shirt Casual Cotton Short,women's clothing,12.989999771118164,3.5999999046325684,email,-1,Envoyer coupon -20%,great value for money
a2477f8a,115,view,"Fjallraven - Foldsack No. 1 Backpack, Fits 15 Laptops",men's clothing,109.94999694824219,3.9000000953674316,email,1,Continuer navigation,very dissatisfied
40ea704a,102,search,Mens Casual Premium Slim Fit T-Shirts ,men's clothing,22.299999237060547,4.099999904632568,direct,1,Continuer navigation,great product
c296b0a3,102,view,Mens Cotton Jacket,men's clothing,55.9900016784668,4.699999809265137,email,1,Continuer navigation,would buy again
9d79f72c,126,purchase,Mens Casual Slim Fit,men's clothing,15.989999771118164,2.0999999046325684,pub,5,Suggerer produits similaires,would buy again
8d51267c,194,purchase,John Hardy Women's Legends Naga Gold & Silver Dragon Station Chain Bracelet,jewelery,695,4.599999904632568,google,5,Suggerer produits similaires,poor quality
ca4b5cba,29,abandon,Solid Gold Petite Micropave ,jewelery,168,3.9000000953674316,reseaux_sociaux,-1,Envoyer coupon -20%,great product
659179d8,154,purchase,White Gold Plated Princess,jewelery,9.989999771118164,3,email,5,Suggerer produits similaires,highly recommended
7966a6f8,24,add_to_cart,Pierced Owl Rose Gold Plated Stainless Steel Double,jewelery,10.989999771118164,1.899999976158142,reseaux_sociaux,3,Proposer livraison gratuite,excellent quality
8481837d,114,abandon,WD 2TB Elements Portable External Hard Drive - USB 3.0 ,electronics,64,3.299999952316284,pub,-1,Envoyer coupon -20%,would buy again
9a33e698,22,view,SanDisk SSD PLUS 1TB Internal SSD - SATA III 6 Gb/s,electronics,109,2.9000000953674316,pub,1,Continuer navigation,would not recommend
5010f768,90,add_to_cart,Silicon Power 256GB SSD 3D NAND A55 SLC Cache Performance Boost SATA III 2.5,electronics,109,4.800000190734863,pub,3,Proposer livraison gratuite,excellent quality
a71d6172,108,view,WD 4TB Gaming Drive Works with Playstation 4 Portable External Hard Drive,electronics,114,4.800000190734863,pub,1,Continuer navigation,fast shipping
b704c6b7,137,abandon,Acer SB220Q bi 21.5 inches Full HD (1920 x 1080) IPS Ultra-Thin,electronics,599,2.9000000953674316,email,-1,Envoyer coupon -20%,great product
2276fc21,34,search,Samsung 49-Inch CHG90 144Hz Curved Gaming Monitor (LC49HG90DMNXZA) – Super Ultrawide Screen QLED ,electronics,999.989990234375,2.200000047683716,pub,1,Continuer navigation,would buy again
9da6c38d,22,view,BIYLACLESEN Women's 3-in-1 Snowboard Jacket Winter Coats,women's clothing,56.9900016784668,2.5999999046325684,pub,1,Continuer navigation,would buy again
797f9273,155,add_to_cart,Lock and Love Women's Removable Hooded Faux Leather Moto Biker Jacket,women's clothing,29.950000762939453,2.9000000953674316,reseaux_sociaux,3,Proposer livraison gratuite,awesome product
181e3bac,143,search,Rain Jacket Women Windbreaker Striped Climbing Raincoats,women's clothing,39.9900016784668,3.799999952316284,direct,1,Continuer navigation,waste of money
39122706,153,abandon,MBJ Women's Solid Short Sleeve Boat Neck V ,women's clothing,9.850000381469727,4.699999809265137,direct,-1,Envoyer coupon -20%,would not recommend
82e50d2c,93,purchase,Opna Women's Short Sleeve Moisture,women's clothing,7.949999809265137,4.5,reseaux_sociaux,5,Suggerer produits similaires,great product
b3394200,152,purchase,DANVOUY Womens T Shirt Casual Cotton Short,women's clothing,12.989999771118164,3.5999999046325684,email,5,Suggerer produits similaires,highly recommended
7cca2cb4,167,abandon,"Fjallraven - Foldsack No. 1 Backpack, Fits 15 Laptops",men's clothing,109.94999694824219,3.9000000953674316,direct,-1,Envoyer coupon -20%,highly impressed
a7a7e64a,146,view,Mens Casual Premium Slim Fit T-Shirts ,men's clothing,22.299999237060547,4.099999904632568,google,1,Continuer navigation,very satisfied
ee7e08ba,65,abandon,Mens Cotton Jacket,men's clothing,55.9900016784668,4.699999809265137,pub,-1,Envoyer coupon -20%,very dissatisfied
b1c6b7d4,34,view,Mens Casual Slim Fit,men's clothing,15.989999771118164,2.0999999046325684,direct,1,Continuer navigation,very unhappy with my purchase
e586b591,83,abandon,John Hardy Women's Legends Naga Gold & Silver Dragon Station Chain Bracelet,jewelery,695,4.599999904632568,direct,-1,Envoyer coupon -20%,great product
3dd23a6f,6,search,Solid Gold Petite Micropave ,jewelery,168,3.9000000953674316,pub,1,Continuer navigation,fast shipping
c1a1ffd0,118,view,White Gold Plated Princess,jewelery,9.989999771118164,3,email,1,Continuer navigation,would buy again
65ef5e4d,132,add_to_cart,Pierced Owl Rose Gold Plated Stainless Steel Double,jewelery,10.989999771118164,1.899999976158142,google,3,Proposer livraison gratuite,very unhappy with my purchase
1dd6d44a,107,search,WD 2TB Elements Portable External Hard Drive - USB 3.0 ,electronics,64,3.299999952316284,google,1,Continuer navigation,would not recommend
3584ac3c,39,search,SanDisk SSD PLUS 1TB Internal SSD - SATA III 6 Gb/s,electronics,109,2.9000000953674316,pub,1,Continuer navigation,excellent quality
0a0b5364,57,add_to_cart,Silicon Power 256GB SSD 3D NAND A55 SLC Cache Performance Boost SATA III 2.5,electronics,109,4.800000190734863,direct,3,Proposer livraison gratuite,highly impressed
a06e72cf,46,add_to_cart,WD 4TB Gaming Drive Works with Playstation 4 Portable External Hard Drive,electronics,114,4.800000190734863,pub,3,Proposer livraison gratuite,very unhappy with my purchase
f41d349f,176,abandon,Acer SB220Q bi 21.5 inches Full HD (1920 x 1080) IPS Ultra-Thin,electronics,599,2.9000000953674316,pub,-1,Envoyer coupon -20%,fast shipping
ab3c787c,38,purchase,Samsung 49-Inch CHG90 144Hz Curved Gaming Monitor (LC49HG90DMNXZA) – Super Ultrawide Screen QLED ,electronics,999.989990234375,2.200000047683716,direct,5,Suggerer produits similaires,would not recommend
81f8cebe,129,abandon,BIYLACLESEN Women's 3-in-1 Snowboard Jacket Winter Coats,women's clothing,56.9900016784668,2.5999999046325684,google,-1,Envoyer coupon -20%,highly recommended
9d05b70f,185,purchase,Lock and Love Women's Removable Hooded Faux Leather Moto Biker Jacket,women's clothing,29.950000762939453,2.9000000953674316,pub,5,Suggerer produits similaires,would not recommend
b2583013,124,add_to_cart,Rain Jacket Women Windbreaker Striped Climbing Raincoats,women's clothing,39.9900016784668,3.799999952316284,reseaux_sociaux,3,Proposer livraison gratuite,would not recommend
ee0abd11,123,add_to_cart,MBJ Women's Solid Short Sleeve Boat Neck V ,women's clothing,9.850000381469727,4.699999809265137,direct,3,Proposer livraison gratuite,great product
d8f476bd,65,abandon,Opna Women's Short Sleeve Moisture,women's clothing,7.949999809265137,4.5,direct,-1,Envoyer coupon -20%,great value for money
ef6c2eb9,15,search,DANVOUY Womens T Shirt Casual Cotton Short,women's clothing,12.989999771118164,3.5999999046325684,google,1,Continuer navigation,waste of money
4c4fb8c4,61,purchase,"Fjallraven - Foldsack No. 1 Backpack, Fits 15 Laptops",men's clothing,109.94999694824219,3.9000000953674316,google,5,Suggerer produits similaires,would not recommend
9c2e4947,17,purchase,Mens Casual Premium Slim Fit T-Shirts ,men's clothing,22.299999237060547,4.099999904632568,email,5,Suggerer produits similaires,highly recommended
073fc937,132,purchase,Mens Cotton Jacket,men's clothing,55.9900016784668,4.699999809265137,google,5,Suggerer produits similaires,very disappointed
a2c437cd,95,search,Mens Casual Slim Fit,men's clothing,15.989999771118164,2.0999999046325684,direct,1,Continuer navigation,highly impressed
7f365c72,68,search,John Hardy Women's Legends Naga Gold & Silver Dragon Station Chain Bracelet,jewelery,695,4.599999904632568,email,1,Continuer navigation,highly impressed
8126a048,187,add_to_cart,Solid Gold Petite Micropave ,jewelery,168,3.9000000953674316,pub,3,Proposer livraison gratuite,very satisfied
0cfc88a0,181,view,White Gold Plated Princess,jewelery,9.989999771118164,3,pub,1,Continuer navigation,awesome product
211a2001,144,abandon,Pierced Owl Rose Gold Plated Stainless Steel Double,jewelery,10.989999771118164,1.899999976158142,reseaux_sociaux,-1,Envoyer coupon -20%,highly impressed
9299148b,103,view,WD 2TB Elements Portable External Hard Drive - USB 3.0 ,electronics,64,3.299999952316284,direct,1,Continuer navigation,very happy with my purchase
14b47ea6,124,abandon,SanDisk SSD PLUS 1TB Internal SSD - SATA III 6 Gb/s,electronics,109,2.9000000953674316,reseaux_sociaux,-1,Envoyer coupon -20%,very disappointed
4510e5a6,129,search,Silicon Power 256GB SSD 3D NAND A55 SLC Cache Performance Boost SATA III 2.5,electronics,109,4.800000190734863,email,1,Continuer navigation,very happy with my purchase
c7028d17,124,abandon,WD 4TB Gaming Drive Works with Playstation 4 Portable External Hard Drive,electronics,114,4.800000190734863,pub,-1,Envoyer coupon -20%,great product
10351af2,13,add_to_cart,Acer SB220Q bi 21.5 inches Full HD (1920 x 1080) IPS Ultra-Thin,electronics,599,2.9000000953674316,email,3,Proposer livraison gratuite,would buy again
d572696c,125,view,Samsung 49-Inch CHG90 144Hz Curved Gaming Monitor (LC49HG90DMNXZA) – Super Ultrawide Screen QLED ,electronics,999.989990234375,2.200000047683716,email,1,Continuer navigation,very happy with my purchase
4f667805,125,search,BIYLACLESEN Women's 3-in-1 Snowboard Jacket Winter Coats,women's clothing,56.9900016784668,2.5999999046325684,google,1,Continuer navigation,waste of money
1c9a2380,70,search,Lock and Love Women's Removable Hooded Faux Leather Moto Biker Jacket,women's clothing,29.950000762939453,2.9000000953674316,reseaux_sociaux,1,Continuer navigation,highly impressed
2a6497f3,133,search,Rain Jacket Women Windbreaker Striped Climbing Raincoats,women's clothing,39.9900016784668,3.799999952316284,direct,1,Continuer navigation,very unhappy with my purchase
2168c367,32,purchase,MBJ Women's Solid Short Sleeve Boat Neck V ,women's clothing,9.850000381469727,4.699999809265137,reseaux_sociaux,5,Suggerer produits similaires,very happy with my purchase
15499f3c,188,search,Opna Women's Short Sleeve Moisture,women's clothing,7.949999809265137,4.5,reseaux_sociaux,1,Continuer navigation,very pleased
6f59466e,19,purchase,DANVOUY Womens T Shirt Casual Cotton Short,women's clothing,12.989999771118164,3.5999999046325684,google,5,Suggerer produits similaires,would not recommend
20c163dd,97,purchase,"Fjallraven - Foldsack No. 1 Backpack, Fits 15 Laptops",men's clothing,109.94999694824219,3.9000000953674316,pub,5,Suggerer produits similaires,fast shipping
808c0fab,125,view,Mens Casual Premium Slim Fit T-Shirts ,men's clothing,22.299999237060547,4.099999904632568,email,1,Continuer navigation,very unhappy with my purchase
c0f9dbb2,80,search,Mens Cotton Jacket,men's clothing,55.9900016784668,4.699999809265137,pub,1,Continuer navigation,great product
6df6870c,33,abandon,Mens Casual Slim Fit,men's clothing,15.989999771118164,2.0999999046325684,google,-1,Envoyer coupon -20%,great product
e2829d62,74,abandon,John Hardy Women's Legends Naga Gold & Silver Dragon Station Chain Bracelet,jewelery,695,4.599999904632568,google,-1,Envoyer coupon -20%,fast shipping
9eaf3328,69,view,Solid Gold Petite Micropave ,jewelery,168,3.9000000953674316,direct,1,Continuer navigation,very unhappy with my purchase
c21c284e,2,abandon,White Gold Plated Princess,jewelery,9.989999771118164,3,direct,-1,Envoyer coupon -20%,would not recommend
b45844d7,121,abandon,Pierced Owl Rose Gold Plated Stainless Steel Double,jewelery,10.989999771118164,1.899999976158142,email,-1,Envoyer coupon -20%,would buy again
a45024d6,176,abandon,WD 2TB Elements Portable External Hard Drive - USB 3.0 ,electronics,64,3.299999952316284,google,-1,Envoyer coupon -20%,great value for money
495873ef,21,abandon,SanDisk SSD PLUS 1TB Internal SSD - SATA III 6 Gb/s,electronics,109,2.9000000953674316,direct,-1,Envoyer coupon -20%,very unhappy with my purchase
405c2924,56,add_to_cart,Silicon Power 256GB SSD 3D NAND A55 SLC Cache Performance Boost SATA III 2.5,electronics,109,4.800000190734863,email,3,Proposer livraison gratuite,would not recommend
e3000916,85,add_to_cart,WD 4TB Gaming Drive Works with Playstation 4 Portable External Hard Drive,electronics,114,4.800000190734863,pub,3,Proposer livraison gratuite,poor quality
ef5f9eee,181,abandon,Acer SB220Q bi 21.5 inches Full HD (1920 x 1080) IPS Ultra-Thin,electronics,599,2.9000000953674316,google,-1,Envoyer coupon -20%,would not recommend
85d3a391,171,add_to_cart,Samsung 49-Inch CHG90 144Hz Curved Gaming Monitor (LC49HG90DMNXZA) – Super Ultrawide Screen QLED ,electronics,999.989990234375,2.200000047683716,email,3,Proposer livraison gratuite,very disappointed
abe15ccd,136,purchase,BIYLACLESEN Women's 3-in-1 Snowboard Jacket Winter Coats,women's clothing,56.9900016784668,2.5999999046325684,pub,5,Suggerer produits similaires,highly impressed
bb0fbb8b,111,search,Lock and Love Women's Removable Hooded Faux Leather Moto Biker Jacket,women's clothing,29.950000762939453,2.9000000953674316,direct,1,Continuer navigation,excellent quality
53808c51,25,view,Rain Jacket Women Windbreaker Striped Climbing Raincoats,women's clothing,39.9900016784668,3.799999952316284,email,1,Continuer navigation,great product
5d443045,30,view,MBJ Women's Solid Short Sleeve Boat Neck V ,women's clothing,9.850000381469727,4.699999809265137,reseaux_sociaux,1,Continuer navigation,would buy again
81bda52e,71,purchase,Opna Women's Short Sleeve Moisture,women's clothing,7.949999809265137,4.5,google,5,Suggerer produits similaires,would buy again
e3c209e3,145,abandon,DANVOUY Womens T Shirt Casual Cotton Short,women's clothing,12.989999771118164,3.5999999046325684,reseaux_sociaux,-1,Envoyer coupon -20%,highly recommended
6af627f5,87,add_to_cart,"Fjallraven - Foldsack No. 1 Backpack, Fits 15 Laptops",men's clothing,109.94999694824219,3.9000000953674316,direct,3,Proposer livraison gratuite,awesome product
f3e2e20d,121,search,Mens Casual Premium Slim Fit T-Shirts ,men's clothing,22.299999237060547,4.099999904632568,google,1,Continuer navigation,poor quality
6daad421,151,search,Mens Cotton Jacket,men's clothing,55.9900016784668,4.699999809265137,direct,1,Continuer navigation,would not recommend
487df3db,125,purchase,Mens Casual Slim Fit,men's clothing,15.989999771118164,2.0999999046325684,google,5,Suggerer produits similaires,great product
605ca5bd,88,add_to_cart,John Hardy Women's Legends Naga Gold & Silver Dragon Station Chain Bracelet,jewelery,695,4.599999904632568,pub,3,Proposer livraison gratuite,would not recommend
5f8ea596,104,view,Solid Gold Petite Micropave ,jewelery,168,3.9000000953674316,reseaux_sociaux,1,Continuer navigation,fast shipping
5f017d03,82,search,White Gold Plated Princess,jewelery,9.989999771118164,3,direct,1,Continuer navigation,great value for money
6caada00,154,add_to_cart,Pierced Owl Rose Gold Plated Stainless Steel Double,jewelery,10.989999771118164,1.899999976158142,direct,3,Proposer livraison gratuite,would not recommend
32e9e751,11,purchase,WD 2TB Elements Portable External Hard Drive - USB 3.0 ,electronics,64,3.299999952316284,direct,5,Suggerer produits similaires,great value for money
099a100e,188,add_to_cart,SanDisk SSD PLUS 1TB Internal SSD - SATA III 6 Gb/s,electronics,109,2.9000000953674316,reseaux_sociaux,3,Proposer livraison gratuite,great product
f3605e2f,93,search,Silicon Power 256GB SSD 3D NAND A55 SLC Cache Performance Boost SATA III 2.5,electronics,109,4.800000190734863,reseaux_sociaux,1,Continuer navigation,very satisfied
5d92006f,165,purchase,WD 4TB Gaming Drive Works with Playstation 4 Portable External Hard Drive,electronics,114,4.800000190734863,google,5,Suggerer produits similaires,fast shipping
c91a26d8,28,abandon,Acer SB220Q bi 21.5 inches Full HD (1920 x 1080) IPS Ultra-Thin,electronics,599,2.9000000953674316,pub,-1,Envoyer coupon -20%,great product
de51aac4,56,search,Samsung 49-Inch CHG90 144Hz Curved Gaming Monitor (LC49HG90DMNXZA) – Super Ultrawide Screen QLED ,electronics,999.989990234375,2.200000047683716,reseaux_sociaux,1,Continuer navigation,very unhappy with my purchase
64b54642,159,add_to_cart,BIYLACLESEN Women's 3-in-1 Snowboard Jacket Winter Coats,women's clothing,56.9900016784668,2.5999999046325684,direct,3,Proposer livraison gratuite,great product
6d630e2a,133,purchase,Lock and Love Women's Removable Hooded Faux Leather Moto Biker Jacket,women's clothing,29.950000762939453,2.9000000953674316,reseaux_sociaux,5,Suggerer produits similaires,excellent quality
37e930eb,2,search,Rain Jacket Women Windbreaker Striped Climbing Raincoats,women's clothing,39.9900016784668,3.799999952316284,google,1,Continuer navigation,very dissatisfied
fe9d2b81,86,search,MBJ Women's Solid Short Sleeve Boat Neck V ,women's clothing,9.850000381469727,4.699999809265137,google,1,Continuer navigation,fast shipping
780a3763,177,purchase,Opna Women's Short Sleeve Moisture,women's clothing,7.949999809265137,4.5,email,5,Suggerer produits similaires,would buy again
09ebe598,26,abandon,DANVOUY Womens T Shirt Casual Cotton Short,women's clothing,12.989999771118164,3.5999999046325684,email,-1,Envoyer coupon -20%,great product
3942b495,43,abandon,"Fjallraven - Foldsack No. 1 Backpack, Fits 15 Laptops",men's clothing,109.94999694824219,3.9000000953674316,email,-1,Envoyer coupon -20%,great value for money
f4594f41,184,view,Mens Casual Premium Slim Fit T-Shirts ,men's clothing,22.299999237060547,4.099999904632568,direct,1,Continuer navigation,would not recommend
dd57fcfd,97,view,Mens Cotton Jacket,men's clothing,55.9900016784668,4.699999809265137,email,1,Continuer navigation,highly recommended
b38ebae1,49,purchase,Mens Casual Slim Fit,men's clothing,15.989999771118164,2.0999999046325684,google,5,Suggerer produits similaires,great product
46ae8fa9,6,abandon,John Hardy Women's Legends Naga Gold & Silver Dragon Station Chain Bracelet,jewelery,695,4.599999904632568,direct,-1,Envoyer coupon -20%,awesome product
904c97ca,23,search,Solid Gold Petite Micropave ,jewelery,168,3.9000000953674316,email,1,Continuer navigation,highly impressed
11e09179,38,search,White Gold Plated Princess,jewelery,9.989999771118164,3,google,1,Continuer navigation,great product
c4b7e399,31,purchase,Pierced Owl Rose Gold Plated Stainless Steel Double,jewelery,10.989999771118164,1.899999976158142,direct,5,Suggerer produits similaires,highly impressed
22034592,102,abandon,WD 2TB Elements Portable External Hard Drive - USB 3.0 ,electronics,64,3.299999952316284,reseaux_sociaux,-1,Envoyer coupon -20%,fast shipping
eaedfc0a,156,view,SanDisk SSD PLUS 1TB Internal SSD - SATA III 6 Gb/s,electronics,109,2.9000000953674316,direct,1,Continuer navigation,poor quality
38c03669,30,add_to_cart,Silicon Power 256GB SSD 3D NAND A55 SLC Cache Performance Boost SATA III 2.5,electronics,109,4.800000190734863,email,3,Proposer livraison gratuite,highly impressed
fba7a861,198,search,WD 4TB Gaming Drive Works with Playstation 4 Portable External Hard Drive,electronics,114,4.800000190734863,google,1,Continuer navigation,poor quality
df69040a,138,abandon,Acer SB220Q bi 21.5 inches Full HD (1920 x 1080) IPS Ultra-Thin,electronics,599,2.9000000953674316,google,-1,Envoyer coupon -20%,not as described
d9600cab,5,add_to_cart,Samsung 49-Inch CHG90 144Hz Curved Gaming Monitor (LC49HG90DMNXZA) – Super Ultrawide Screen QLED ,electronics,999.989990234375,2.200000047683716,google,3,Proposer livraison gratuite,would buy again
1a10e4b3,100,purchase,BIYLACLESEN Women's 3-in-1 Snowboard Jacket Winter Coats,women's clothing,56.9900016784668,2.5999999046325684,google,5,Suggerer produits similaires,disappointing product
b2917bdf,122,search,Lock and Love Women's Removable Hooded Faux Leather Moto Biker Jacket,women's clothing,29.950000762939453,2.9000000953674316,reseaux_sociaux,1,Continuer navigation,very pleased
2c344357,132,purchase,Rain Jacket Women Windbreaker Striped Climbing Raincoats,women's clothing,39.9900016784668,3.799999952316284,reseaux_sociaux,5,Suggerer produits similaires,not worth the price
fc0d63b7,2,search,MBJ Women's Solid Short Sleeve Boat Neck V ,women's clothing,9.850000381469727,4.699999809265137,pub,1,Continuer navigation,great product
00f33c2b,126,search,Opna Women's Short Sleeve Moisture,women's clothing,7.949999809265137,4.5,direct,1,Continuer navigation,great product
057fd628,76,add_to_cart,DANVOUY Womens T Shirt Casual Cotton Short,women's clothing,12.989999771118164,3.5999999046325684,pub,3,Proposer livraison gratuite,would buy again
084348d2,10,search,"Fjallraven - Foldsack No. 1 Backpack, Fits 15 Laptops",men's clothing,109.94999694824219,3.9000000953674316,google,1,Continuer navigation,poor quality
56f6138c,168,search,Mens Casual Premium Slim Fit T-Shirts ,men's clothing,22.299999237060547,4.099999904632568,direct,1,Continuer navigation,would not buy again
ab27170c,60,add_to_cart,Mens Cotton Jacket,men's clothing,55.9900016784668,4.699999809265137,direct,3,Proposer livraison gratuite,poor quality
93e17412,200,view,Mens Casual Slim Fit,men's clothing,15.989999771118164,2.0999999046325684,reseaux_sociaux,1,Continuer navigation,would buy again
ebc30fea,170,abandon,John Hardy Women's Legends Naga Gold & Silver Dragon Station Chain Bracelet,jewelery,695,4.599999904632568,reseaux_sociaux,-1,Envoyer coupon -20%,fast shipping
5305c5a5,11,search,Solid Gold Petite Micropave ,jewelery,168,3.9000000953674316,direct,1,Continuer navigation,very happy with my purchase
e484650c,192,purchase,White Gold Plated Princess,jewelery,9.989999771118164,3,email,5,Suggerer produits similaires,would not recommend
2fcbe281,109,search,Pierced Owl Rose Gold Plated Stainless Steel Double,jewelery,10.989999771118164,1.899999976158142,reseaux_sociaux,1,Continuer navigation,great product
d1ee220e,120,search,WD 2TB Elements Portable External Hard Drive - USB 3.0 ,electronics,64,3.299999952316284,direct,1,Continuer navigation,would buy again
d99e4863,179,abandon,SanDisk SSD PLUS 1TB Internal SSD - SATA III 6 Gb/s,electronics,109,2.9000000953674316,pub,-1,Envoyer coupon -20%,poor quality
5c812644,89,purchase,Silicon Power 256GB SSD 3D NAND A55 SLC Cache Performance Boost SATA III 2.5,electronics,109,4.800000190734863,google,5,Suggerer produits similaires,would not recommend
20924ea2,75,purchase,WD 4TB Gaming Drive Works with Playstation 4 Portable External Hard Drive,electronics,114,4.800000190734863,reseaux_sociaux,5,Suggerer produits similaires,highly recommended
fecb5704,69,view,Acer SB220Q bi 21.5 inches Full HD (1920 x 1080) IPS Ultra-Thin,electronics,599,2.9000000953674316,reseaux_sociaux,1,Continuer navigation,great product
67fc7ec6,59,view,Samsung 49-Inch CHG90 144Hz Curved Gaming Monitor (LC49HG90DMNXZA) – Super Ultrawide Screen QLED ,electronics,999.989990234375,2.200000047683716,google,1,Continuer navigation,disappointing product
c7445e5c,114,purchase,BIYLACLESEN Women's 3-in-1 Snowboard Jacket Winter Coats,women's clothing,56.9900016784668,2.5999999046325684,email,5,Suggerer produits similaires,excellent quality
5b2bb764,135,search,Lock and Love Women's Removable Hooded Faux Leather Moto Biker Jacket,women's clothing,29.950000762939453,2.9000000953674316,email,1,Continuer navigation,very happy with my purchase
b0f6942d,74,purchase,Rain Jacket Women Windbreaker Striped Climbing Raincoats,women's clothing,39.9900016784668,3.799999952316284,email,5,Suggerer produits similaires,great product
ee0a41d8,134,purchase,MBJ Women's Solid Short Sleeve Boat Neck V ,women's clothing,9.850000381469727,4.699999809265137,reseaux_sociaux,5,Suggerer produits similaires,highly recommended
197ac148,66,abandon,Opna Women's Short Sleeve Moisture,women's clothing,7.949999809265137,4.5,email,-1,Envoyer coupon -20%,would buy again
7a5be488,11,search,DANVOUY Womens T Shirt Casual Cotton Short,women's clothing,12.989999771118164,3.5999999046325684,pub,1,Continuer navigation,would not buy again
7ad940b8,65,abandon,"Fjallraven - Foldsack No. 1 Backpack, Fits 15 Laptops",men's clothing,109.94999694824219,3.9000000953674316,email,-1,Envoyer coupon -20%,very pleased
69a39f10,117,view,Mens Casual Premium Slim Fit T-Shirts ,men's clothing,22.299999237060547,4.099999904632568,pub,1,Continuer navigation,waste of money
ce170371,53,abandon,Mens Cotton Jacket,men's clothing,55.9900016784668,4.699999809265137,direct,-1,Envoyer coupon -20%,poor quality
a702870e,58,add_to_cart,Mens Casual Slim Fit,men's clothing,15.989999771118164,2.0999999046325684,reseaux_sociaux,3,Proposer livraison gratuite,would not buy again
e7374326,9,view,John Hardy Women's Legends Naga Gold & Silver Dragon Station Chain Bracelet,jewelery,695,4.599999904632568,pub,1,Continuer navigation,would buy again
96e848f3,186,add_to_cart,Solid Gold Petite Micropave ,jewelery,168,3.9000000953674316,direct,3,Proposer livraison gratuite,great product
cf3f5e8a,175,abandon,White Gold Plated Princess,jewelery,9.989999771118164,3,google,-1,Envoyer coupon -20%,very disappointed
03c0dbf3,17,view,Pierced Owl Rose Gold Plated Stainless Steel Double,jewelery,10.989999771118164,1.899999976158142,direct,1,Continuer navigation,excellent quality
76139df5,120,search,WD 2TB Elements Portable External Hard Drive - USB 3.0 ,electronics,64,3.299999952316284,reseaux_sociaux,1,Continuer navigation,highly impressed
b39ea933,82,view,SanDisk SSD PLUS 1TB Internal SSD - SATA III 6 Gb/s,electronics,109,2.9000000953674316,email,1,Continuer navigation,awesome product
2506eed7,140,purchase,Silicon Power 256GB SSD 3D NAND A55 SLC Cache Performance Boost SATA III 2.5,electronics,109,4.800000190734863,email,5,Suggerer produits similaires,very pleased
10b0b39c,75,add_to_cart,WD 4TB Gaming Drive Works with Playstation 4 Portable External Hard Drive,electronics,114,4.800000190734863,email,3,Proposer livraison gratuite,fast shipping
6e0560e7,77,search,Acer SB220Q bi 21.5 inches Full HD (1920 x 1080) IPS Ultra-Thin,electronics,599,2.9000000953674316,reseaux_sociaux,1,Continuer navigation,would buy again
8981c84d,71,abandon,Samsung 49-Inch CHG90 144Hz Curved Gaming Monitor (LC49HG90DMNXZA) – Super Ultrawide Screen QLED ,electronics,999.989990234375,2.200000047683716,direct,-1,Envoyer coupon -20%,would not recommend
3d79ff31,64,add_to_cart,BIYLACLESEN Women's 3-in-1 Snowboard Jacket Winter Coats,women's clothing,56.9900016784668,2.5999999046325684,pub,3,Proposer livraison gratuite,would buy again
5a4ce464,187,add_to_cart,Lock and Love Women's Removable Hooded Faux Leather Moto Biker Jacket,women's clothing,29.950000762939453,2.9000000953674316,pub,3,Proposer livraison gratuite,poor quality
7918e79e,162,search,Rain Jacket Women Windbreaker Striped Climbing Raincoats,women's clothing,39.9900016784668,3.799999952316284,google,1,Continuer navigation,highly impressed
a30e0b5b,146,view,MBJ Women's Solid Short Sleeve Boat Neck V ,women's clothing,9.850000381469727,4.699999809265137,reseaux_sociaux,1,Continuer navigation,very happy with my purchase
9c67288f,166,add_to_cart,Opna Women's Short Sleeve Moisture,women's clothing,7.949999809265137,4.5,direct,3,Proposer livraison gratuite,not worth the price
a62f2929,96,abandon,DANVOUY Womens T Shirt Casual Cotton Short,women's clothing,12.989999771118164,3.5999999046325684,pub,-1,Envoyer coupon -20%,would buy again
a1d8fdc5,34,view,"Fjallraven - Foldsack No. 1 Backpack, Fits 15 Laptops",men's clothing,109.94999694824219,3.9000000953674316,pub,1,Continuer navigation,not as described
d3d9d946,88,add_to_cart,Mens Casual Premium Slim Fit T-Shirts ,men's clothing,22.299999237060547,4.099999904632568,pub,3,Proposer livraison gratuite,highly recommended
babb48da,123,search,Mens Cotton Jacket,men's clothing,55.9900016784668,4.699999809265137,direct,1,Continuer navigation,great product
a2ac4a3e,101,search,Mens Casual Slim Fit,men's clothing,15.989999771118164,2.0999999046325684,reseaux_sociaux,1,Continuer navigation,fast shipping
9f03c690,7,purchase,John Hardy Women's Legends Naga Gold & Silver Dragon Station Chain Bracelet,jewelery,695,4.599999904632568,pub,5,Suggerer produits similaires,would not recommend
0d1f12a8,10,view,Solid Gold Petite Micropave ,jewelery,168,3.9000000953674316,pub,1,Continuer navigation,great product
c3a3ad59,153,purchase,White Gold Plated Princess,jewelery,9.989999771118164,3,reseaux_sociaux,5,Suggerer produits similaires,great value for money
68ac12ef,101,abandon,Pierced Owl Rose Gold Plated Stainless Steel Double,jewelery,10.989999771118164,1.899999976158142,direct,-1,Envoyer coupon -20%,not worth the price
a6789911,102,add_to_cart,WD 2TB Elements Portable External Hard Drive - USB 3.0 ,electronics,64,3.299999952316284,google,3,Proposer livraison gratuite,poor quality
0e5b0c2c,160,view,SanDisk SSD PLUS 1TB Internal SSD - SATA III 6 Gb/s,electronics,109,2.9000000953674316,direct,1,Continuer navigation,great product
f4a49e8b,178,purchase,Silicon Power 256GB SSD 3D NAND A55 SLC Cache Performance Boost SATA III 2.5,electronics,109,4.800000190734863,direct,5,Suggerer produits similaires,would not buy again
e82c1b41,82,add_to_cart,WD 4TB Gaming Drive Works with Playstation 4 Portable External Hard Drive,electronics,114,4.800000190734863,direct,3,Proposer livraison gratuite,excellent quality
a40c40aa,63,add_to_cart,Acer SB220Q bi 21.5 inches Full HD (1920 x 1080) IPS Ultra-Thin,electronics,599,2.9000000953674316,google,3,Proposer livraison gratuite,very satisfied
6994da03,120,add_to_cart,Samsung 49-Inch CHG90 144Hz Curved Gaming Monitor (LC49HG90DMNXZA) – Super Ultrawide Screen QLED ,electronics,999.989990234375,2.200000047683716,google,3,Proposer livraison gratuite,fast shipping
3c1579b6,178,abandon,BIYLACLESEN Women's 3-in-1 Snowboard Jacket Winter Coats,women's clothing,56.9900016784668,2.5999999046325684,google,-1,Envoyer coupon -20%,highly recommended
58cf239c,55,add_to_cart,Lock and Love Women's Removable Hooded Faux Leather Moto Biker Jacket,women's clothing,29.950000762939453,2.9000000953674316,email,3,Proposer livraison gratuite,would not buy again
2511878a,33,add_to_cart,Rain Jacket Women Windbreaker Striped Climbing Raincoats,women's clothing,39.9900016784668,3.799999952316284,reseaux_sociaux,3,Proposer livraison gratuite,highly impressed
66ba19a3,191,search,MBJ Women's Solid Short Sleeve Boat Neck V ,women's clothing,9.850000381469727,4.699999809265137,pub,1,Continuer navigation,awesome product
560fc7c4,85,purchase,Opna Women's Short Sleeve Moisture,women's clothing,7.949999809265137,4.5,direct,5,Suggerer produits similaires,great value for money
b4e4533c,187,search,DANVOUY Womens T Shirt Casual Cotton Short,women's clothing,12.989999771118164,3.5999999046325684,pub,1,Continuer navigation,highly recommended
81ed4b3c,197,add_to_cart,"Fjallraven - Foldsack No. 1 Backpack, Fits 15 Laptops",men's clothing,109.94999694824219,3.9000000953674316,reseaux_sociaux,3,Proposer livraison gratuite,would buy again
08876b07,70,view,Mens Casual Premium Slim Fit T-Shirts ,men's clothing,22.299999237060547,4.099999904632568,pub,1,Continuer navigation,not worth the price
46ce9d8f,102,add_to_cart,Mens Cotton Jacket,men's clothing,55.9900016784668,4.699999809265137,email,3,Proposer livraison gratuite,great product
b3ca5a2d,53,view,Mens Casual Slim Fit,men's clothing,15.989999771118164,2.0999999046325684,pub,1,Continuer navigation,awesome product
52212c7a,196,add_to_cart,John Hardy Women's Legends Naga Gold & Silver Dragon Station Chain Bracelet,jewelery,695,4.599999904632568,pub,3,Proposer livraison gratuite,very disappointed
0a4bd8d1,156,add_to_cart,Solid Gold Petite Micropave ,jewelery,168,3.9000000953674316,direct,3,Proposer livraison gratuite,would buy again
7b69c1a3,164,add_to_cart,White Gold Plated Princess,jewelery,9.989999771118164,3,google,3,Proposer livraison gratuite,great value for money
cfcc2a54,96,purchase,Pierced Owl Rose Gold Plated Stainless Steel Double,jewelery,10.989999771118164,1.899999976158142,email,5,Suggerer produits similaires,great product
446ddf55,42,abandon,WD 2TB Elements Portable External Hard Drive - USB 3.0 ,electronics,64,3.299999952316284,google,-1,Envoyer coupon -20%,great product
81390532,51,search,SanDisk SSD PLUS 1TB Internal SSD - SATA III 6 Gb/s,electronics,109,2.9000000953674316,email,1,Continuer navigation,very dissatisfied
54759257,194,abandon,Silicon Power 256GB SSD 3D NAND A55 SLC Cache Performance Boost SATA III 2.5,electronics,109,4.800000190734863,pub,-1,Envoyer coupon -20%,highly recommended
2a8ab387,200,search,WD 4TB Gaming Drive Works with Playstation 4 Portable External Hard Drive,electronics,114,4.800000190734863,pub,1,Continuer navigation,excellent quality
b4903044,69,abandon,Acer SB220Q bi 21.5 inches Full HD (1920 x 1080) IPS Ultra-Thin,electronics,599,2.9000000953674316,reseaux_sociaux,-1,Envoyer coupon -20%,very pleased
12d93448,37,purchase,Samsung 49-Inch CHG90 144Hz Curved Gaming Monitor (LC49HG90DMNXZA) – Super Ultrawide Screen QLED ,electronics,999.989990234375,2.200000047683716,pub,5,Suggerer produits similaires,awesome product
8e9d2207,111,view,BIYLACLESEN Women's 3-in-1 Snowboard Jacket Winter Coats,women's clothing,56.9900016784668,2.5999999046325684,direct,1,Continuer navigation,great value for money
8bbbf360,148,view,Lock and Love Women's Removable Hooded Faux Leather Moto Biker Jacket,women's clothing,29.950000762939453,2.9000000953674316,reseaux_sociaux,1,Continuer navigation,great product
a6295bb9,171,abandon,Rain Jacket Women Windbreaker Striped Climbing Raincoats,women's clothing,39.9900016784668,3.799999952316284,reseaux_sociaux,-1,Envoyer coupon -20%,very disappointed
e6173940,125,view,MBJ Women's Solid Short Sleeve Boat Neck V ,women's clothing,9.850000381469727,4.699999809265137,reseaux_sociaux,1,Continuer navigation,would not buy again
22ff27df,56,add_to_cart,Opna Women's Short Sleeve Moisture,women's clothing,7.949999809265137,4.5,google,3,Proposer livraison gratuite,highly recommended
40a12611,134,add_to_cart,DANVOUY Womens T Shirt Casual Cotton Short,women's clothing,12.989999771118164,3.5999999046325684,google,3,Proposer livraison gratuite,very happy with my purchase
6a6f23d6,3,add_to_cart,"Fjallraven - Foldsack No. 1 Backpack, Fits 15 Laptops",men's clothing,109.94999694824219,3.9000000953674316,email,3,Proposer livraison gratuite,highly recommended
a73c76a3,30,purchase,Mens Casual Premium Slim Fit T-Shirts ,men's clothing,22.299999237060547,4.099999904632568,direct,5,Suggerer produits similaires,highly recommended
0900ff10,125,abandon,Mens Cotton Jacket,men's clothing,55.9900016784668,4.699999809265137,google,-1,Envoyer coupon -20%,great product
a14a7e5a,70,search,Mens Casual Slim Fit,men's clothing,15.989999771118164,2.0999999046325684,google,1,Continuer navigation,highly recommended
5ab574ab,48,view,John Hardy Women's Legends Naga Gold & Silver Dragon Station Chain Bracelet,jewelery,695,4.599999904632568,google,1,Continuer navigation,great product
1acf8c78,195,search,Solid Gold Petite Micropave ,jewelery,168,3.9000000953674316,direct,1,Continuer navigation,poor quality
e73261d1,130,add_to_cart,White Gold Plated Princess,jewelery,9.989999771118164,3,google,3,Proposer livraison gratuite,fast shipping
0c6f54e5,15,purchase,Pierced Owl Rose Gold Plated Stainless Steel Double,jewelery,10.989999771118164,1.899999976158142,email,5,Suggerer produits similaires,great value for money
68b72504,124,search,WD 2TB Elements Portable External Hard Drive - USB 3.0 ,electronics,64,3.299999952316284,pub,1,Continuer navigation,great product
d0b2d81b,109,purchase,SanDisk SSD PLUS 1TB Internal SSD - SATA III 6 Gb/s,electronics,109,2.9000000953674316,google,5,Suggerer produits similaires,poor quality
610194f4,52,purchase,Silicon Power 256GB SSD 3D NAND A55 SLC Cache Performance Boost SATA III 2.5,electronics,109,4.800000190734863,reseaux_sociaux,5,Suggerer produits similaires,great product
508ee365,180,purchase,WD 4TB Gaming Drive Works with Playstation 4 Portable External Hard Drive,electronics,114,4.800000190734863,pub,5,Suggerer produits similaires,awesome product
6920b124,132,search,Acer SB220Q bi 21.5 inches Full HD (1920 x 1080) IPS Ultra-Thin,electronics,599,2.9000000953674316,pub,1,Continuer navigation,fast shipping
60ce2672,173,search,Samsung 49-Inch CHG90 144Hz Curved Gaming Monitor (LC49HG90DMNXZA) – Super Ultrawide Screen QLED ,electronics,999.989990234375,2.200000047683716,email,1,Continuer navigation,would buy again
8f006d67,102,add_to_cart,BIYLACLESEN Women's 3-in-1 Snowboard Jacket Winter Coats,women's clothing,56.9900016784668,2.5999999046325684,direct,3,Proposer livraison gratuite,great product
fe379403,107,purchase,Lock and Love Women's Removable Hooded Faux Leather Moto Biker Jacket,women's clothing,29.950000762939453,2.9000000953674316,email,5,Suggerer produits similaires,would buy again
6950d2c2,167,abandon,Rain Jacket Women Windbreaker Striped Climbing Raincoats,women's clothing,39.9900016784668,3.799999952316284,email,-1,Envoyer coupon -20%,very pleased
4b288682,135,view,MBJ Women's Solid Short Sleeve Boat Neck V ,women's clothing,9.850000381469727,4.699999809265137,email,1,Continuer navigation,poor quality
99c07398,141,view,Opna Women's Short Sleeve Moisture,women's clothing,7.949999809265137,4.5,direct,1,Continuer navigation,very disappointed
fedd982f,8,view,DANVOUY Womens T Shirt Casual Cotton Short,women's clothing,12.989999771118164,3.5999999046325684,email,1,Continuer navigation,great product
2f8dcb61,51,purchase,"Fjallraven - Foldsack No. 1 Backpack, Fits 15 Laptops",men's clothing,109.94999694824219,3.9000000953674316,email,5,Suggerer produits similaires,very dissatisfied
c80bdf6e,94,add_to_cart,Mens Casual Premium Slim Fit T-Shirts ,men's clothing,22.299999237060547,4.099999904632568,google,3,Proposer livraison gratuite,great product
33fe9b48,85,add_to_cart,Mens Cotton Jacket,men's clothing,55.9900016784668,4.699999809265137,reseaux_sociaux,3,Proposer livraison gratuite,would not recommend
91fe2b93,53,abandon,Mens Casual Slim Fit,men's clothing,15.989999771118164,2.0999999046325684,google,-1,Envoyer coupon -20%,very pleased
19d9436d,19,search,John Hardy Women's Legends Naga Gold & Silver Dragon Station Chain Bracelet,jewelery,695,4.599999904632568,pub,1,Continuer navigation,highly impressed
9b210849,120,purchase,Solid Gold Petite Micropave ,jewelery,168,3.9000000953674316,direct,5,Suggerer produits similaires,highly impressed
ad3b1532,135,view,White Gold Plated Princess,jewelery,9.989999771118164,3,pub,1,Continuer navigation,awesome product
39a1f723,169,abandon,Pierced Owl Rose Gold Plated Stainless Steel Double,jewelery,10.989999771118164,1.899999976158142,email,-1,Envoyer coupon -20%,awesome product
8a1e9cde,107,purchase,WD 2TB Elements Portable External Hard Drive - USB 3.0 ,electronics,64,3.299999952316284,google,5,Suggerer produits similaires,would not recommend
533e83c8,23,add_to_cart,SanDisk SSD PLUS 1TB Internal SSD - SATA III 6 Gb/s,electronics,109,2.9000000953674316,google,3,Proposer livraison gratuite,very happy with my purchase
3978dcf7,197,abandon,Silicon Power 256GB SSD 3D NAND A55 SLC Cache Performance Boost SATA III 2.5,electronics,109,4.800000190734863,google,-1,Envoyer coupon -20%,fast shipping
61aebd53,113,view,WD 4TB Gaming Drive Works with Playstation 4 Portable External Hard Drive,electronics,114,4.800000190734863,email,1,Continuer navigation,awesome product
2b86f4d5,117,search,Acer SB220Q bi 21.5 inches Full HD (1920 x 1080) IPS Ultra-Thin,electronics,599,2.9000000953674316,google,1,Continuer navigation,poor quality
482d8bff,157,search,Samsung 49-Inch CHG90 144Hz Curved Gaming Monitor (LC49HG90DMNXZA) – Super Ultrawide Screen QLED ,electronics,999.989990234375,2.200000047683716,reseaux_sociaux,1,Continuer navigation,great value for money
00a8d894,52,abandon,BIYLACLESEN Women's 3-in-1 Snowboard Jacket Winter Coats,women's clothing,56.9900016784668,2.5999999046325684,pub,-1,Envoyer coupon -20%,would buy again
0e89d195,12,add_to_cart,Lock and Love Women's Removable Hooded Faux Leather Moto Biker Jacket,women's clothing,29.950000762939453,2.9000000953674316,direct,3,Proposer livraison gratuite,great value for money
5b6f8b1f,90,search,Rain Jacket Women Windbreaker Striped Climbing Raincoats,women's clothing,39.9900016784668,3.799999952316284,google,1,Continuer navigation,great product
34bfdbeb,100,view,MBJ Women's Solid Short Sleeve Boat Neck V ,women's clothing,9.850000381469727,4.699999809265137,google,1,Continuer navigation,not as described
2d5904c8,169,search,Opna Women's Short Sleeve Moisture,women's clothing,7.949999809265137,4.5,pub,1,Continuer navigation,great product
768ae814,141,search,DANVOUY Womens T Shirt Casual Cotton Short,women's clothing,12.989999771118164,3.5999999046325684,google,1,Continuer navigation,very disappointed
c9085364,118,search,"Fjallraven - Foldsack No. 1 Backpack, Fits 15 Laptops",men's clothing,109.94999694824219,3.9000000953674316,email,1,Continuer navigation,very unhappy with my purchase
10679e0e,74,add_to_cart,Mens Casual Premium Slim Fit T-Shirts ,men's clothing,22.299999237060547,4.099999904632568,google,3,Proposer livraison gratuite,poor quality
875c5f39,38,abandon,Mens Cotton Jacket,men's clothing,55.9900016784668,4.699999809265137,direct,-1,Envoyer coupon -20%,highly recommended
de755aec,54,add_to_cart,Mens Casual Slim Fit,men's clothing,15.989999771118164,2.0999999046325684,reseaux_sociaux,3,Proposer livraison gratuite,excellent quality
767eed0b,162,view,John Hardy Women's Legends Naga Gold & Silver Dragon Station Chain Bracelet,jewelery,695,4.599999904632568,google,1,Continuer navigation,great value for money
2deaea64,40,view,Solid Gold Petite Micropave ,jewelery,168,3.9000000953674316,direct,1,Continuer navigation,poor quality
6d93d399,51,purchase,White Gold Plated Princess,jewelery,9.989999771118164,3,direct,5,Suggerer produits similaires,great value for money
4f506cd5,47,add_to_cart,Pierced Owl Rose Gold Plated Stainless Steel Double,jewelery,10.989999771118164,1.899999976158142,direct,3,Proposer livraison gratuite,awesome product
6779e5bd,29,view,WD 2TB Elements Portable External Hard Drive - USB 3.0 ,electronics,64,3.299999952316284,direct,1,Continuer navigation,would not recommend
ecb6096c,16,purchase,SanDisk SSD PLUS 1TB Internal SSD - SATA III 6 Gb/s,electronics,109,2.9000000953674316,reseaux_sociaux,5,Suggerer produits similaires,great product
b8a80704,145,purchase,Silicon Power 256GB SSD 3D NAND A55 SLC Cache Performance Boost SATA III 2.5,electronics,109,4.800000190734863,pub,5,Suggerer produits similaires,highly impressed
f7570a52,30,add_to_cart,WD 4TB Gaming Drive Works with Playstation 4 Portable External Hard Drive,electronics,114,4.800000190734863,direct,3,Proposer livraison gratuite,very disappointed
7fab885e,40,purchase,Acer SB220Q bi 21.5 inches Full HD (1920 x 1080) IPS Ultra-Thin,electronics,599,2.9000000953674316,pub,5,Suggerer produits similaires,would not buy again
08cb0cde,175,abandon,Samsung 49-Inch CHG90 144Hz Curved Gaming Monitor (LC49HG90DMNXZA) – Super Ultrawide Screen QLED ,electronics,999.989990234375,2.200000047683716,google,-1,Envoyer coupon -20%,great value for money
d413d78c,79,abandon,BIYLACLESEN Women's 3-in-1 Snowboard Jacket Winter Coats,women's clothing,56.9900016784668,2.5999999046325684,email,-1,Envoyer coupon -20%,great value for money
8c8d2616,155,view,Lock and Love Women's Removable Hooded Faux Leather Moto Biker Jacket,women's clothing,29.950000762939453,2.9000000953674316,direct,1,Continuer navigation,very disappointed
d6013219,44,purchase,Rain Jacket Women Windbreaker Striped Climbing Raincoats,women's clothing,39.9900016784668,3.799999952316284,google,5,Suggerer produits similaires,would not recommend
95ca8763,160,add_to_cart,MBJ Women's Solid Short Sleeve Boat Neck V ,women's clothing,9.850000381469727,4.699999809265137,reseaux_sociaux,3,Proposer livraison gratuite,not worth the price
aa7c0ba7,90,search,Opna Women's Short Sleeve Moisture,women's clothing,7.949999809265137,4.5,reseaux_sociaux,1,Continuer navigation,great value for money
0281d7b8,82,view,DANVOUY Womens T Shirt Casual Cotton Short,women's clothing,12.989999771118164,3.5999999046325684,pub,1,Continuer navigation,very pleased
1042aadd,135,purchase,"Fjallraven - Foldsack No. 1 Backpack, Fits 15 Laptops",men's clothing,109.94999694824219,3.9000000953674316,direct,5,Suggerer produits similaires,would not recommend
cc6a4dbe,81,view,Mens Casual Premium Slim Fit T-Shirts ,men's clothing,22.299999237060547,4.099999904632568,direct,1,Continuer navigation,waste of money
8e083e9f,194,view,Mens Cotton Jacket,men's clothing,55.9900016784668,4.699999809265137,google,1,Continuer navigation,waste of money
b817f866,197,search,Mens Casual Slim Fit,men's clothing,15.989999771118164,2.0999999046325684,email,1,Continuer navigation,poor quality
855f451e,30,view,John Hardy Women's Legends Naga Gold & Silver Dragon Station Chain Bracelet,jewelery,695,4.599999904632568,reseaux_sociaux,1,Continuer navigation,would buy again
0cf1a199,83,search,Solid Gold Petite Micropave ,jewelery,168,3.9000000953674316,reseaux_sociaux,1,Continuer navigation,poor quality
65bf161c,182,purchase,White Gold Plated Princess,jewelery,9.989999771118164,3,direct,5,Suggerer produits similaires,would not recommend
a76f6f6e,178,abandon,Pierced Owl Rose Gold Plated Stainless Steel Double,jewelery,10.989999771118164,1.899999976158142,google,-1,Envoyer coupon -20%,highly recommended
4e2d82a5,92,view,WD 2TB Elements Portable External Hard Drive - USB 3.0 ,electronics,64,3.299999952316284,pub,1,Continuer navigation,very satisfied
72c0793c,181,view,SanDisk SSD PLUS 1TB Internal SSD - SATA III 6 Gb/s,electronics,109,2.9000000953674316,email,1,Continuer navigation,awesome product
3cb87f80,85,purchase,Silicon Power 256GB SSD 3D NAND A55 SLC Cache Performance Boost SATA III 2.5,electronics,109,4.800000190734863,google,5,Suggerer produits similaires,great value for money
21053959,150,abandon,WD 4TB Gaming Drive Works with Playstation 4 Portable External Hard Drive,electronics,114,4.800000190734863,direct,-1,Envoyer coupon -20%,would not recommend
6269fe82,29,purchase,Acer SB220Q bi 21.5 inches Full HD (1920 x 1080) IPS Ultra-Thin,electronics,599,2.9000000953674316,pub,5,Suggerer produits similaires,would not recommend
85a4bdd7,7,purchase,Samsung 49-Inch CHG90 144Hz Curved Gaming Monitor (LC49HG90DMNXZA) – Super Ultrawide Screen QLED ,electronics,999.989990234375,2.200000047683716,reseaux_sociaux,5,Suggerer produits similaires,fast shipping
e594d72e,102,purchase,BIYLACLESEN Women's 3-in-1 Snowboard Jacket Winter Coats,women's clothing,56.9900016784668,2.5999999046325684,pub,5,Suggerer produits similaires,awesome product
f3004334,34,add_to_cart,Lock and Love Women's Removable Hooded Faux Leather Moto Biker Jacket,women's clothing,29.950000762939453,2.9000000953674316,direct,3,Proposer livraison gratuite,would not recommend
800c8e8b,2,search,Rain Jacket Women Windbreaker Striped Climbing Raincoats,women's clothing,39.9900016784668,3.799999952316284,email,1,Continuer navigation,very pleased
cb13f3be,57,add_to_cart,MBJ Women's Solid Short Sleeve Boat Neck V ,women's clothing,9.850000381469727,4.699999809265137,reseaux_sociaux,3,Proposer livraison gratuite,very disappointed
fe4f474c,125,abandon,Opna Women's Short Sleeve Moisture,women's clothing,7.949999809265137,4.5,pub,-1,Envoyer coupon -20%,great product
aebd36f7,60,purchase,DANVOUY Womens T Shirt Casual Cotton Short,women's clothing,12.989999771118164,3.5999999046325684,pub,5,Suggerer produits similaires,excellent quality
6177a2d8,132,add_to_cart,"Fjallraven - Foldsack No. 1 Backpack, Fits 15 Laptops",men's clothing,109.94999694824219,3.9000000953674316,direct,3,Proposer livraison gratuite,fast shipping
5050d92c,192,search,Mens Casual Premium Slim Fit T-Shirts ,men's clothing,22.299999237060547,4.099999904632568,email,1,Continuer navigation,would not buy again
5002ed48,127,abandon,Mens Cotton Jacket,men's clothing,55.9900016784668,4.699999809265137,reseaux_sociaux,-1,Envoyer coupon -20%,great value for money
dc9b605f,78,add_to_cart,Mens Casual Slim Fit,men's clothing,15.989999771118164,2.0999999046325684,email,3,Proposer livraison gratuite,poor quality
39336270,28,purchase,John Hardy Women's Legends Naga Gold & Silver Dragon Station Chain Bracelet,jewelery,695,4.599999904632568,direct,5,Suggerer produits similaires,very pleased
c5e018b1,62,view,Solid Gold Petite Micropave ,jewelery,168,3.9000000953674316,reseaux_sociaux,1,Continuer navigation,excellent quality
9134fcce,126,view,White Gold Plated Princess,jewelery,9.989999771118164,3,reseaux_sociaux,1,Continuer navigation,very disappointed
8d45b079,67,add_to_cart,Pierced Owl Rose Gold Plated Stainless Steel Double,jewelery,10.989999771118164,1.899999976158142,reseaux_sociaux,3,Proposer livraison gratuite,highly impressed
a60a19b1,115,add_to_cart,WD 2TB Elements Portable External Hard Drive - USB 3.0 ,electronics,64,3.299999952316284,google,3,Proposer livraison gratuite,would buy again
52114e82,135,purchase,SanDisk SSD PLUS 1TB Internal SSD - SATA III 6 Gb/s,electronics,109,2.9000000953674316,direct,5,Suggerer produits similaires,great product
c54a342f,41,search,Silicon Power 256GB SSD 3D NAND A55 SLC Cache Performance Boost SATA III 2.5,electronics,109,4.800000190734863,direct,1,Continuer navigation,fast shipping
2c5cd190,181,add_to_cart,WD 4TB Gaming Drive Works with Playstation 4 Portable External Hard Drive,electronics,114,4.800000190734863,google,3,Proposer livraison gratuite,very dissatisfied
8c046e45,177,purchase,Acer SB220Q bi 21.5 inches Full HD (1920 x 1080) IPS Ultra-Thin,electronics,599,2.9000000953674316,email,5,Suggerer produits similaires,would buy again
71080087,60,add_to_cart,Samsung 49-Inch CHG90 144Hz Curved Gaming Monitor (LC49HG90DMNXZA) – Super Ultrawide Screen QLED ,electronics,999.989990234375,2.200000047683716,reseaux_sociaux,3,Proposer livraison gratuite,awesome product
465f63a1,26,search,BIYLACLESEN Women's 3-in-1 Snowboard Jacket Winter Coats,women's clothing,56.9900016784668,2.5999999046325684,pub,1,Continuer navigation,very disappointed
837a9607,121,view,Lock and Love Women's Removable Hooded Faux Leather Moto Biker Jacket,women's clothing,29.950000762939453,2.9000000953674316,pub,1,Continuer navigation,would not recommend
ce885d0e,150,search,Rain Jacket Women Windbreaker Striped Climbing Raincoats,women's clothing,39.9900016784668,3.799999952316284,google,1,Continuer navigation,fast shipping
424c019b,84,add_to_cart,MBJ Women's Solid Short Sleeve Boat Neck V ,women's clothing,9.850000381469727,4.699999809265137,google,3,Proposer livraison gratuite,poor quality
bb6f52eb,53,purchase,Opna Women's Short Sleeve Moisture,women's clothing,7.949999809265137,4.5,reseaux_sociaux,5,Suggerer produits similaires,would not recommend
ddc0e1f4,99,abandon,DANVOUY Womens T Shirt Casual Cotton Short,women's clothing,12.989999771118164,3.5999999046325684,direct,-1,Envoyer coupon -20%,very satisfied
b117e5a7,177,search,"Fjallraven - Foldsack No. 1 Backpack, Fits 15 Laptops",men's clothing,109.94999694824219,3.9000000953674316,google,1,Continuer navigation,very disappointed
e172058c,171,search,Mens Casual Premium Slim Fit T-Shirts ,men's clothing,22.299999237060547,4.099999904632568,direct,1,Continuer navigation,great value for money
220217b8,89,search,Mens Cotton Jacket,men's clothing,55.9900016784668,4.699999809265137,pub,1,Continuer navigation,very dissatisfied
e52937d4,189,add_to_cart,Mens Casual Slim Fit,men's clothing,15.989999771118164,2.0999999046325684,email,3,Proposer livraison gratuite,excellent quality
30fa572d,54,add_to_cart,John Hardy Women's Legends Naga Gold & Silver Dragon Station Chain Bracelet,jewelery,695,4.599999904632568,reseaux_sociaux,3,Proposer livraison gratuite,very disappointed
306e6b53,65,purchase,Solid Gold Petite Micropave ,jewelery,168,3.9000000953674316,google,5,Suggerer produits similaires,highly impressed
13e619b3,109,abandon,White Gold Plated Princess,jewelery,9.989999771118164,3,email,-1,Envoyer coupon -20%,not worth the price
59ed77bd,98,purchase,Pierced Owl Rose Gold Plated Stainless Steel Double,jewelery,10.989999771118164,1.899999976158142,pub,5,Suggerer produits similaires,not as described
8197c91e,195,abandon,WD 2TB Elements Portable External Hard Drive - USB 3.0 ,electronics,64,3.299999952316284,direct,-1,Envoyer coupon -20%,great product
ed538983,167,abandon,SanDisk SSD PLUS 1TB Internal SSD - SATA III 6 Gb/s,electronics,109,2.9000000953674316,google,-1,Envoyer coupon -20%,very disappointed
c186ce1a,113,add_to_cart,Silicon Power 256GB SSD 3D NAND A55 SLC Cache Performance Boost SATA III 2.5,electronics,109,4.800000190734863,pub,3,Proposer livraison gratuite,very dissatisfied
9eae8fcd,19,purchase,WD 4TB Gaming Drive Works with Playstation 4 Portable External Hard Drive,electronics,114,4.800000190734863,pub,5,Suggerer produits similaires,highly recommended
e288d2ca,155,abandon,Acer SB220Q bi 21.5 inches Full HD (1920 x 1080) IPS Ultra-Thin,electronics,599,2.9000000953674316,direct,-1,Envoyer coupon -20%,would not recommend
5c314eab,196,purchase,Samsung 49-Inch CHG90 144Hz Curved Gaming Monitor (LC49HG90DMNXZA) – Super Ultrawide Screen QLED ,electronics,999.989990234375,2.200000047683716,google,5,Suggerer produits similaires,would buy again
a44257f8,192,search,BIYLACLESEN Women's 3-in-1 Snowboard Jacket Winter Coats,women's clothing,56.9900016784668,2.5999999046325684,pub,1,Continuer navigation,poor quality
9fcd1a70,158,view,Lock and Love Women's Removable Hooded Faux Leather Moto Biker Jacket,women's clothing,29.950000762939453,2.9000000953674316,reseaux_sociaux,1,Continuer navigation,excellent quality
2a01a4e5,120,view,Rain Jacket Women Windbreaker Striped Climbing Raincoats,women's clothing,39.9900016784668,3.799999952316284,email,1,Continuer navigation,waste of money
3749ac4b,191,view,MBJ Women's Solid Short Sleeve Boat Neck V ,women's clothing,9.850000381469727,4.699999809265137,google,1,Continuer navigation,very unhappy with my purchase
b39bd7c5,180,view,Opna Women's Short Sleeve Moisture,women's clothing,7.949999809265137,4.5,google,1,Continuer navigation,very satisfied
fb26d34c,187,purchase,DANVOUY Womens T Shirt Casual Cotton Short,women's clothing,12.989999771118164,3.5999999046325684,direct,5,Suggerer produits similaires,highly recommended
d9d77bb5,117,add_to_cart,"Fjallraven - Foldsack No. 1 Backpack, Fits 15 Laptops",men's clothing,109.94999694824219,3.9000000953674316,email,3,Proposer livraison gratuite,great product
0b750706,141,add_to_cart,Mens Casual Premium Slim Fit T-Shirts ,men's clothing,22.299999237060547,4.099999904632568,pub,3,Proposer livraison gratuite,disappointing product
41788ae1,40,view,Mens Cotton Jacket,men's clothing,55.9900016784668,4.699999809265137,pub,1,Continuer navigation,excellent quality
d63f4e2c,124,abandon,Mens Casual Slim Fit,men's clothing,15.989999771118164,2.0999999046325684,direct,-1,Envoyer coupon -20%,very disappointed
95bbc8fe,109,abandon,John Hardy Women's Legends Naga Gold & Silver Dragon Station Chain Bracelet,jewelery,695,4.599999904632568,google,-1,Envoyer coupon -20%,would not recommend
21202ba9,128,search,Solid Gold Petite Micropave ,jewelery,168,3.9000000953674316,direct,1,Continuer navigation,very happy with my purchase
84485fad,157,purchase,White Gold Plated Princess,jewelery,9.989999771118164,3,reseaux_sociaux,5,Suggerer produits similaires,very dissatisfied
72c09c4b,141,purchase,Pierced Owl Rose Gold Plated Stainless Steel Double,jewelery,10.989999771118164,1.899999976158142,direct,5,Suggerer produits similaires,great product
89e9061c,150,add_to_cart,WD 2TB Elements Portable External Hard Drive - USB 3.0 ,electronics,64,3.299999952316284,pub,3,Proposer livraison gratuite,would buy again
be787f9c,56,purchase,SanDisk SSD PLUS 1TB Internal SSD - SATA III 6 Gb/s,electronics,109,2.9000000953674316,direct,5,Suggerer produits similaires,highly impressed
87ba28c0,60,add_to_cart,Silicon Power 256GB SSD 3D NAND A55 SLC Cache Performance Boost SATA III 2.5,electronics,109,4.800000190734863,pub,3,Proposer livraison gratuite,would buy again
293d29f7,112,abandon,WD 4TB Gaming Drive Works with Playstation 4 Portable External Hard Drive,electronics,114,4.800000190734863,pub,-1,Envoyer coupon -20%,very dissatisfied
4596df4b,179,view,Acer SB220Q bi 21.5 inches Full HD (1920 x 1080) IPS Ultra-Thin,electronics,599,2.9000000953674316,email,1,Continuer navigation,very pleased
bf413b2c,99,abandon,Samsung 49-Inch CHG90 144Hz Curved Gaming Monitor (LC49HG90DMNXZA) – Super Ultrawide Screen QLED ,electronics,999.989990234375,2.200000047683716,pub,-1,Envoyer coupon -20%,poor quality
4005a8eb,178,abandon,BIYLACLESEN Women's 3-in-1 Snowboard Jacket Winter Coats,women's clothing,56.9900016784668,2.5999999046325684,pub,-1,Envoyer coupon -20%,great product
2d6fecca,99,view,Lock and Love Women's Removable Hooded Faux Leather Moto Biker Jacket,women's clothing,29.950000762939453,2.9000000953674316,google,1,Continuer navigation,very happy with my purchase
f8d128bc,119,view,Rain Jacket Women Windbreaker Striped Climbing Raincoats,women's clothing,39.9900016784668,3.799999952316284,direct,1,Continuer navigation,poor quality
7b12bfda,110,add_to_cart,MBJ Women's Solid Short Sleeve Boat Neck V ,women's clothing,9.850000381469727,4.699999809265137,direct,3,Proposer livraison gratuite,very disappointed
73107083,192,purchase,Opna Women's Short Sleeve Moisture,women's clothing,7.949999809265137,4.5,google,5,Suggerer produits similaires,very unhappy with my purchase
b554363a,125,purchase,DANVOUY Womens T Shirt Casual Cotton Short,women's clothing,12.989999771118164,3.5999999046325684,email,5,Suggerer produits similaires,excellent quality
fd0ddbee,140,add_to_cart,"Fjallraven - Foldsack No. 1 Backpack, Fits 15 Laptops",men's clothing,109.94999694824219,3.9000000953674316,pub,3,Proposer livraison gratuite,very happy with my purchase
13483d60,23,purchase,Mens Casual Premium Slim Fit T-Shirts ,men's clothing,22.299999237060547,4.099999904632568,direct,5,Suggerer produits similaires,fast shipping
a11fc5f5,71,search,Mens Cotton Jacket,men's clothing,55.9900016784668,4.699999809265137,email,1,Continuer navigation,very happy with my purchase
bd38918a,12,add_to_cart,Mens Casual Slim Fit,men's clothing,15.989999771118164,2.0999999046325684,google,3,Proposer livraison gratuite,would not buy again
07033bc8,65,search,John Hardy Women's Legends Naga Gold & Silver Dragon Station Chain Bracelet,jewelery,695,4.599999904632568,google,1,Continuer navigation,awesome product
f317ada9,83,view,Solid Gold Petite Micropave ,jewelery,168,3.9000000953674316,pub,1,Continuer navigation,great product
0ecb8a4b,175,purchase,White Gold Plated Princess,jewelery,9.989999771118164,3,direct,5,Suggerer produits similaires,excellent quality
c8bdcece,1,view,Pierced Owl Rose Gold Plated Stainless Steel Double,jewelery,10.989999771118164,1.899999976158142,direct,1,Continuer navigation,very unhappy with my purchase
fdc1e53d,9,purchase,WD 2TB Elements Portable External Hard Drive - USB 3.0 ,electronics,64,3.299999952316284,direct,5,Suggerer produits similaires,great product
69b5e32d,149,add_to_cart,SanDisk SSD PLUS 1TB Internal SSD - SATA III 6 Gb/s,electronics,109,2.9000000953674316,direct,3,Proposer livraison gratuite,awesome product
9b475df1,98,search,Silicon Power 256GB SSD 3D NAND A55 SLC Cache Performance Boost SATA III 2.5,electronics,109,4.800000190734863,email,1,Continuer navigation,very unhappy with my purchase
6f72b4f0,143,abandon,WD 4TB Gaming Drive Works with Playstation 4 Portable External Hard Drive,electronics,114,4.800000190734863,direct,-1,Envoyer coupon -20%,very dissatisfied
c8bd11c5,50,abandon,Acer SB220Q bi 21.5 inches Full HD (1920 x 1080) IPS Ultra-Thin,electronics,599,2.9000000953674316,email,-1,Envoyer coupon -20%,great product
a77c7cc3,166,search,Samsung 49-Inch CHG90 144Hz Curved Gaming Monitor (LC49HG90DMNXZA) – Super Ultrawide Screen QLED ,electronics,999.989990234375,2.200000047683716,google,1,Continuer navigation,poor quality
1676ae05,181,add_to_cart,BIYLACLESEN Women's 3-in-1 Snowboard Jacket Winter Coats,women's clothing,56.9900016784668,2.5999999046325684,reseaux_sociaux,3,Proposer livraison gratuite,would buy again
46ed5527,12,add_to_cart,Lock and Love Women's Removable Hooded Faux Leather Moto Biker Jacket,women's clothing,29.950000762939453,2.9000000953674316,google,3,Proposer livraison gratuite,excellent quality
86dba770,149,purchase,Rain Jacket Women Windbreaker Striped Climbing Raincoats,women's clothing,39.9900016784668,3.799999952316284,reseaux_sociaux,5,Suggerer produits similaires,highly impressed
c550f409,23,view,MBJ Women's Solid Short Sleeve Boat Neck V ,women's clothing,9.850000381469727,4.699999809265137,google,1,Continuer navigation,would not recommend
64f6bd03,152,search,Opna Women's Short Sleeve Moisture,women's clothing,7.949999809265137,4.5,reseaux_sociaux,1,Continuer navigation,would buy again
fe474dad,114,view,DANVOUY Womens T Shirt Casual Cotton Short,women's clothing,12.989999771118164,3.5999999046325684,direct,1,Continuer navigation,would buy again
4e562268,12,view,"Fjallraven - Foldsack No. 1 Backpack, Fits 15 Laptops",men's clothing,109.94999694824219,3.9000000953674316,pub,1,Continuer navigation,waste of money
55801b89,80,add_to_cart,Mens Casual Premium Slim Fit T-Shirts ,men's clothing,22.299999237060547,4.099999904632568,google,3,Proposer livraison gratuite,awesome product
90d5e41c,67,search,Mens Cotton Jacket,men's clothing,55.9900016784668,4.699999809265137,pub,1,Continuer navigation,very happy with my purchase
a825a244,134,search,Mens Casual Slim Fit,men's clothing,15.989999771118164,2.0999999046325684,google,1,Continuer navigation,very satisfied
e080eccf,111,view,John Hardy Women's Legends Naga Gold & Silver Dragon Station Chain Bracelet,jewelery,695,4.599999904632568,pub,1,Continuer navigation,excellent quality
1585baa7,82,add_to_cart,Solid Gold Petite Micropave ,jewelery,168,3.9000000953674316,direct,3,Proposer livraison gratuite,highly impressed
065227f2,77,abandon,White Gold Plated Princess,jewelery,9.989999771118164,3,email,-1,Envoyer coupon -20%,highly recommended
42ad543b,194,purchase,Pierced Owl Rose Gold Plated Stainless Steel Double,jewelery,10.989999771118164,1.899999976158142,google,5,Suggerer produits similaires,poor quality
49c8f8d8,31,abandon,WD 2TB Elements Portable External Hard Drive - USB 3.0 ,electronics,64,3.299999952316284,google,-1,Envoyer coupon -20%,fast shipping
567b4e79,137,abandon,SanDisk SSD PLUS 1TB Internal SSD - SATA III 6 Gb/s,electronics,109,2.9000000953674316,reseaux_sociaux,-1,Envoyer coupon -20%,highly impressed
60a3073c,143,add_to_cart,Silicon Power 256GB SSD 3D NAND A55 SLC Cache Performance Boost SATA III 2.5,electronics,109,4.800000190734863,pub,3,Proposer livraison gratuite,very pleased
4cdc9dbc,141,add_to_cart,WD 4TB Gaming Drive Works with Playstation 4 Portable External Hard Drive,electronics,114,4.800000190734863,email,3,Proposer livraison gratuite,fast shipping
fca27376,130,view,Acer SB220Q bi 21.5 inches Full HD (1920 x 1080) IPS Ultra-Thin,electronics,599,2.9000000953674316,pub,1,Continuer navigation,very happy with my purchase
b34e5c7c,161,abandon,Samsung 49-Inch CHG90 144Hz Curved Gaming Monitor (LC49HG90DMNXZA) – Super Ultrawide Screen QLED ,electronics,999.989990234375,2.200000047683716,reseaux_sociaux,-1,Envoyer coupon -20%,not worth the price
32c094c1,178,abandon,BIYLACLESEN Women's 3-in-1 Snowboard Jacket Winter Coats,women's clothing,56.9900016784668,2.5999999046325684,pub,-1,Envoyer coupon -20%,fast shipping
5154ec9c,121,abandon,Lock and Love Women's Removable Hooded Faux Leather Moto Biker Jacket,women's clothing,29.950000762939453,2.9000000953674316,direct,-1,Envoyer coupon -20%,awesome product
c49db758,184,search,Rain Jacket Women Windbreaker Striped Climbing Raincoats,women's clothing,39.9900016784668,3.799999952316284,email,1,Continuer navigation,great product
beb29ee3,136,add_to_cart,MBJ Women's Solid Short Sleeve Boat Neck V ,women's clothing,9.850000381469727,4.699999809265137,google,3,Proposer livraison gratuite,very pleased
e00fb53d,163,abandon,Opna Women's Short Sleeve Moisture,women's clothing,7.949999809265137,4.5,reseaux_sociaux,-1,Envoyer coupon -20%,very happy with my purchase
2a92259d,157,abandon,DANVOUY Womens T Shirt Casual Cotton Short,women's clothing,12.989999771118164,3.5999999046325684,direct,-1,Envoyer coupon -20%,very dissatisfied
ecc78639,112,search,"Fjallraven - Foldsack No. 1 Backpack, Fits 15 Laptops",men's clothing,109.94999694824219,3.9000000953674316,pub,1,Continuer navigation,great value for money
6cd14fe6,160,abandon,Mens Casual Premium Slim Fit T-Shirts ,men's clothing,22.299999237060547,4.099999904632568,reseaux_sociaux,-1,Envoyer coupon -20%,would not recommend
dc9b8d4c,167,purchase,Mens Cotton Jacket,men's clothing,55.9900016784668,4.699999809265137,direct,5,Suggerer produits similaires,would buy again
41a178f3,100,view,Mens Casual Slim Fit,men's clothing,15.989999771118164,2.0999999046325684,google,1,Continuer navigation,highly impressed
d0add781,141,search,John Hardy Women's Legends Naga Gold & Silver Dragon Station Chain Bracelet,jewelery,695,4.599999904632568,pub,1,Continuer navigation,great value for money
17239287,178,add_to_cart,Solid Gold Petite Micropave ,jewelery,168,3.9000000953674316,direct,3,Proposer livraison gratuite,excellent quality
af0260c4,34,search,White Gold Plated Princess,jewelery,9.989999771118164,3,direct,1,Continuer navigation,very disappointed
672280ed,165,abandon,Pierced Owl Rose Gold Plated Stainless Steel Double,jewelery,10.989999771118164,1.899999976158142,pub,-1,Envoyer coupon -20%,highly recommended
737b3257,151,search,WD 2TB Elements Portable External Hard Drive - USB 3.0 ,electronics,64,3.299999952316284,direct,1,Continuer navigation,not worth the price
a9706b1f,66,abandon,SanDisk SSD PLUS 1TB Internal SSD - SATA III 6 Gb/s,electronics,109,2.9000000953674316,google,-1,Envoyer coupon -20%,poor quality
47a0df60,145,purchase,Silicon Power 256GB SSD 3D NAND A55 SLC Cache Performance Boost SATA III 2.5,electronics,109,4.800000190734863,google,5,Suggerer produits similaires,very disappointed
4b6a837d,6,abandon,WD 4TB Gaming Drive Works with Playstation 4 Portable External Hard Drive,electronics,114,4.800000190734863,email,-1,Envoyer coupon -20%,poor quality
03482ff5,90,abandon,Acer SB220Q bi 21.5 inches Full HD (1920 x 1080) IPS Ultra-Thin,electronics,599,2.9000000953674316,google,-1,Envoyer coupon -20%,poor quality
3bd9c0a0,52,add_to_cart,Samsung 49-Inch CHG90 144Hz Curved Gaming Monitor (LC49HG90DMNXZA) – Super Ultrawide Screen QLED ,electronics,999.989990234375,2.200000047683716,reseaux_sociaux,3,Proposer livraison gratuite,excellent quality
8fde2fc6,176,add_to_cart,BIYLACLESEN Women's 3-in-1 Snowboard Jacket Winter Coats,women's clothing,56.9900016784668,2.5999999046325684,reseaux_sociaux,3,Proposer livraison gratuite,would not recommend
2541bd1c,194,add_to_cart,Lock and Love Women's Removable Hooded Faux Leather Moto Biker Jacket,women's clothing,29.950000762939453,2.9000000953674316,email,3,Proposer livraison gratuite,excellent quality
bd109193,53,abandon,Rain Jacket Women Windbreaker Striped Climbing Raincoats,women's clothing,39.9900016784668,3.799999952316284,google,-1,Envoyer coupon -20%,very happy with my purchase
69bb28c4,118,purchase,MBJ Women's Solid Short Sleeve Boat Neck V ,women's clothing,9.850000381469727,4.699999809265137,pub,5,Suggerer produits similaires,would not recommend
adef1050,199,purchase,Opna Women's Short Sleeve Moisture,women's clothing,7.949999809265137,4.5,pub,5,Suggerer produits similaires,very pleased
01ce38d4,165,view,DANVOUY Womens T Shirt Casual Cotton Short,women's clothing,12.989999771118164,3.5999999046325684,direct,1,Continuer navigation,awesome product
37d9e2e1,56,purchase,"Fjallraven - Foldsack No. 1 Backpack, Fits 15 Laptops",men's clothing,109.94999694824219,3.9000000953674316,direct,5,Suggerer produits similaires,great product
ecb099b3,92,view,Mens Casual Premium Slim Fit T-Shirts ,men's clothing,22.299999237060547,4.099999904632568,email,1,Continuer navigation,awesome product
aa9803f7,81,add_to_cart,Mens Cotton Jacket,men's clothing,55.9900016784668,4.699999809265137,reseaux_sociaux,3,Proposer livraison gratuite,highly impressed
5e0132b0,32,purchase,Mens Casual Slim Fit,men's clothing,15.989999771118164,2.0999999046325684,reseaux_sociaux,5,Suggerer produits similaires,great product
ffb56c78,158,view,John Hardy Women's Legends Naga Gold & Silver Dragon Station Chain Bracelet,jewelery,695,4.599999904632568,direct,1,Continuer navigation,highly impressed
7214886e,124,add_to_cart,Solid Gold Petite Micropave ,jewelery,168,3.9000000953674316,reseaux_sociaux,3,Proposer livraison gratuite,great value for money
df0e9e5a,162,search,White Gold Plated Princess,jewelery,9.989999771118164,3,pub,1,Continuer navigation,very disappointed
3140e634,151,purchase,Pierced Owl Rose Gold Plated Stainless Steel Double,jewelery,10.989999771118164,1.899999976158142,direct,5,Suggerer produits similaires,excellent quality
c461d285,153,add_to_cart,WD 2TB Elements Portable External Hard Drive - USB 3.0 ,electronics,64,3.299999952316284,reseaux_sociaux,3,Proposer livraison gratuite,would not recommend
c955967b,23,purchase,SanDisk SSD PLUS 1TB Internal SSD - SATA III 6 Gb/s,electronics,109,2.9000000953674316,reseaux_sociaux,5,Suggerer produits similaires,waste of money
29e51c14,69,view,Silicon Power 256GB SSD 3D NAND A55 SLC Cache Performance Boost SATA III 2.5,electronics,109,4.800000190734863,reseaux_sociaux,1,Continuer navigation,very dissatisfied
c84ebd74,35,add_to_cart,WD 4TB Gaming Drive Works with Playstation 4 Portable External Hard Drive,electronics,114,4.800000190734863,email,3,Proposer livraison gratuite,very dissatisfied
4543235c,37,search,Acer SB220Q bi 21.5 inches Full HD (1920 x 1080) IPS Ultra-Thin,electronics,599,2.9000000953674316,reseaux_sociaux,1,Continuer navigation,fast shipping
5162965d,90,purchase,Samsung 49-Inch CHG90 144Hz Curved Gaming Monitor (LC49HG90DMNXZA) – Super Ultrawide Screen QLED ,electronics,999.989990234375,2.200000047683716,email,5,Suggerer produits similaires,excellent quality
899cbf30,38,search,BIYLACLESEN Women's 3-in-1 Snowboard Jacket Winter Coats,women's clothing,56.9900016784668,2.5999999046325684,google,1,Continuer navigation,great value for money
75e7d442,128,abandon,Lock and Love Women's Removable Hooded Faux Leather Moto Biker Jacket,women's clothing,29.950000762939453,2.9000000953674316,google,-1,Envoyer coupon -20%,very disappointed
8d1890e2,59,search,Rain Jacket Women Windbreaker Striped Climbing Raincoats,women's clothing,39.9900016784668,3.799999952316284,direct,1,Continuer navigation,awesome product
6138c6da,189,abandon,MBJ Women's Solid Short Sleeve Boat Neck V ,women's clothing,9.850000381469727,4.699999809265137,direct,-1,Envoyer coupon -20%,waste of money
ab7c9fe2,154,add_to_cart,Opna Women's Short Sleeve Moisture,women's clothing,7.949999809265137,4.5,google,3,Proposer livraison gratuite,great product
abfbfd81,163,abandon,DANVOUY Womens T Shirt Casual Cotton Short,women's clothing,12.989999771118164,3.5999999046325684,reseaux_sociaux,-1,Envoyer coupon -20%,would not recommend
57c19be5,155,search,"Fjallraven - Foldsack No. 1 Backpack, Fits 15 Laptops",men's clothing,109.94999694824219,3.9000000953674316,google,1,Continuer navigation,poor quality
eb53ad48,79,abandon,Mens Casual Premium Slim Fit T-Shirts ,men's clothing,22.299999237060547,4.099999904632568,email,-1,Envoyer coupon -20%,highly impressed
8f95ade5,6,search,Mens Cotton Jacket,men's clothing,55.9900016784668,4.699999809265137,pub,1,Continuer navigation,would not recommend
51b0484d,36,view,Mens Casual Slim Fit,men's clothing,15.989999771118164,2.0999999046325684,direct,1,Continuer navigation,great product
36ca2f0b,128,add_to_cart,John Hardy Women's Legends Naga Gold & Silver Dragon Station Chain Bracelet,jewelery,695,4.599999904632568,pub,3,Proposer livraison gratuite,poor quality
ec67012e,15,purchase,Solid Gold Petite Micropave ,jewelery,168,3.9000000953674316,pub,5,Suggerer produits similaires,fast shipping
55b3ab2a,13,add_to_cart,White Gold Plated Princess,jewelery,9.989999771118164,3,google,3,Proposer livraison gratuite,very happy with my purchase
074f034f,106,abandon,Pierced Owl Rose Gold Plated Stainless Steel Double,jewelery,10.989999771118164,1.899999976158142,pub,-1,Envoyer coupon -20%,would not recommend
75de8d4d,1,view,WD 2TB Elements Portable External Hard Drive - USB 3.0 ,electronics,64,3.299999952316284,pub,1,Continuer navigation,very disappointed
efdf9164,92,add_to_cart,SanDisk SSD PLUS 1TB Internal SSD - SATA III 6 Gb/s,electronics,109,2.9000000953674316,direct,3,Proposer livraison gratuite,fast shipping
540071ef,180,view,Silicon Power 256GB SSD 3D NAND A55 SLC Cache Performance Boost SATA III 2.5,electronics,109,4.800000190734863,email,1,Continuer navigation,very pleased
0b5daf25,62,search,WD 4TB Gaming Drive Works with Playstation 4 Portable External Hard Drive,electronics,114,4.800000190734863,google,1,Continuer navigation,poor quality
a467ed13,155,view,Acer SB220Q bi 21.5 inches Full HD (1920 x 1080) IPS Ultra-Thin,electronics,599,2.9000000953674316,email,1,Continuer navigation,very happy with my purchase
cf71aa0a,7,search,Samsung 49-Inch CHG90 144Hz Curved Gaming Monitor (LC49HG90DMNXZA) – Super Ultrawide Screen QLED ,electronics,999.989990234375,2.200000047683716,google,1,Continuer navigation,poor quality
fdb4578a,117,view,BIYLACLESEN Women's 3-in-1 Snowboard Jacket Winter Coats,women's clothing,56.9900016784668,2.5999999046325684,direct,1,Continuer navigation,very happy with my purchase
fddc0c90,42,abandon,Lock and Love Women's Removable Hooded Faux Leather Moto Biker Jacket,women's clothing,29.950000762939453,2.9000000953674316,email,-1,Envoyer coupon -20%,waste of money
5ecbfc72,144,abandon,Rain Jacket Women Windbreaker Striped Climbing Raincoats,women's clothing,39.9900016784668,3.799999952316284,pub,-1,Envoyer coupon -20%,highly impressed
214c598a,47,view,MBJ Women's Solid Short Sleeve Boat Neck V ,women's clothing,9.850000381469727,4.699999809265137,pub,1,Continuer navigation,highly impressed
ea34614e,8,search,Opna Women's Short Sleeve Moisture,women's clothing,7.949999809265137,4.5,reseaux_sociaux,1,Continuer navigation,not worth the price
85920d93,79,purchase,DANVOUY Womens T Shirt Casual Cotton Short,women's clothing,12.989999771118164,3.5999999046325684,email,5,Suggerer produits similaires,great product
18974a3a,129,abandon,"Fjallraven - Foldsack No. 1 Backpack, Fits 15 Laptops",men's clothing,109.94999694824219,3.9000000953674316,google,-1,Envoyer coupon -20%,highly impressed
cfbee1ab,20,purchase,Mens Casual Premium Slim Fit T-Shirts ,men's clothing,22.299999237060547,4.099999904632568,direct,5,Suggerer produits similaires,great product
229684ad,8,search,Mens Cotton Jacket,men's clothing,55.9900016784668,4.699999809265137,email,1,Continuer navigation,very happy with my purchase
4f27cebf,21,add_to_cart,Mens Casual Slim Fit,men's clothing,15.989999771118164,2.0999999046325684,reseaux_sociaux,3,Proposer livraison gratuite,highly impressed
62f7b9f4,165,abandon,John Hardy Women's Legends Naga Gold & Silver Dragon Station Chain Bracelet,jewelery,695,4.599999904632568,email,-1,Envoyer coupon -20%,would buy again
fd9bc98e,35,view,Solid Gold Petite Micropave ,jewelery,168,3.9000000953674316,direct,1,Continuer navigation,excellent quality
91bce820,106,view,White Gold Plated Princess,jewelery,9.989999771118164,3,reseaux_sociaux,1,Continuer navigation,great product
e3cf734f,157,search,Pierced Owl Rose Gold Plated Stainless Steel Double,jewelery,10.989999771118164,1.899999976158142,direct,1,Continuer navigation,very dissatisfied
3ba29b43,9,search,WD 2TB Elements Portable External Hard Drive - USB 3.0 ,electronics,64,3.299999952316284,pub,1,Continuer navigation,very unhappy with my purchase
0af9fc0b,7,purchase,SanDisk SSD PLUS 1TB Internal SSD - SATA III 6 Gb/s,electronics,109,2.9000000953674316,reseaux_sociaux,5,Suggerer produits similaires,would buy again
3a9d1212,47,view,Silicon Power 256GB SSD 3D NAND A55 SLC Cache Performance Boost SATA III 2.5,electronics,109,4.800000190734863,email,1,Continuer navigation,highly impressed
bc85b93c,181,abandon,WD 4TB Gaming Drive Works with Playstation 4 Portable External Hard Drive,electronics,114,4.800000190734863,google,-1,Envoyer coupon -20%,poor quality
941118d3,7,abandon,Acer SB220Q bi 21.5 inches Full HD (1920 x 1080) IPS Ultra-Thin,electronics,599,2.9000000953674316,reseaux_sociaux,-1,Envoyer coupon -20%,very pleased
85109521,151,add_to_cart,Samsung 49-Inch CHG90 144Hz Curved Gaming Monitor (LC49HG90DMNXZA) – Super Ultrawide Screen QLED ,electronics,999.989990234375,2.200000047683716,pub,3,Proposer livraison gratuite,highly recommended
1d169eee,25,abandon,BIYLACLESEN Women's 3-in-1 Snowboard Jacket Winter Coats,women's clothing,56.9900016784668,2.5999999046325684,reseaux_sociaux,-1,Envoyer coupon -20%,waste of money
83891664,121,search,Lock and Love Women's Removable Hooded Faux Leather Moto Biker Jacket,women's clothing,29.950000762939453,2.9000000953674316,email,1,Continuer navigation,highly recommended
c2c3e0cc,76,view,Rain Jacket Women Windbreaker Striped Climbing Raincoats,women's clothing,39.9900016784668,3.799999952316284,direct,1,Continuer navigation,would not recommend
df03fa38,145,view,MBJ Women's Solid Short Sleeve Boat Neck V ,women's clothing,9.850000381469727,4.699999809265137,google,1,Continuer navigation,very disappointed
3807ecff,193,add_to_cart,Opna Women's Short Sleeve Moisture,women's clothing,7.949999809265137,4.5,email,3,Proposer livraison gratuite,would not buy again
12e15e61,190,abandon,DANVOUY Womens T Shirt Casual Cotton Short,women's clothing,12.989999771118164,3.5999999046325684,email,-1,Envoyer coupon -20%,would not recommend
37d99abd,14,add_to_cart,"Fjallraven - Foldsack No. 1 Backpack, Fits 15 Laptops",men's clothing,109.94999694824219,3.9000000953674316,google,3,Proposer livraison gratuite,poor quality
765cb414,148,purchase,Mens Casual Premium Slim Fit T-Shirts ,men's clothing,22.299999237060547,4.099999904632568,google,5,Suggerer produits similaires,would buy again
5f303d60,166,add_to_cart,Mens Cotton Jacket,men's clothing,55.9900016784668,4.699999809265137,pub,3,Proposer livraison gratuite,very dissatisfied
1b3e407f,78,abandon,Mens Casual Slim Fit,men's clothing,15.989999771118164,2.0999999046325684,google,-1,Envoyer coupon -20%,very satisfied
3bc0f8bd,45,search,John Hardy Women's Legends Naga Gold & Silver Dragon Station Chain Bracelet,jewelery,695,4.599999904632568,direct,1,Continuer navigation,poor quality
4e2145d0,150,add_to_cart,Solid Gold Petite Micropave ,jewelery,168,3.9000000953674316,email,3,Proposer livraison gratuite,fast shipping
ffa8d04b,50,purchase,White Gold Plated Princess,jewelery,9.989999771118164,3,pub,5,Suggerer produits similaires,great value for money
292696da,175,search,Pierced Owl Rose Gold Plated Stainless Steel Double,jewelery,10.989999771118164,1.899999976158142,email,1,Continuer navigation,poor quality
cea17f5c,37,purchase,WD 2TB Elements Portable External Hard Drive - USB 3.0 ,electronics,64,3.299999952316284,google,5,Suggerer produits similaires,would not recommend
b1ba9c65,41,view,SanDisk SSD PLUS 1TB Internal SSD - SATA III 6 Gb/s,electronics,109,2.9000000953674316,google,1,Continuer navigation,waste of money
d963d392,74,abandon,Silicon Power 256GB SSD 3D NAND A55 SLC Cache Performance Boost SATA III 2.5,electronics,109,4.800000190734863,pub,-1,Envoyer coupon -20%,poor quality
aaf5e7d5,101,view,WD 4TB Gaming Drive Works with Playstation 4 Portable External Hard Drive,electronics,114,4.800000190734863,email,1,Continuer navigation,disappointing product
f1a39025,147,add_to_cart,Acer SB220Q bi 21.5 inches Full HD (1920 x 1080) IPS Ultra-Thin,electronics,599,2.9000000953674316,google,3,Proposer livraison gratuite,great product
d810bd3d,8,add_to_cart,Samsung 49-Inch CHG90 144Hz Curved Gaming Monitor (LC49HG90DMNXZA) – Super Ultrawide Screen QLED ,electronics,999.989990234375,2.200000047683716,email,3,Proposer livraison gratuite,excellent quality
70fe3ee2,197,purchase,BIYLACLESEN Women's 3-in-1 Snowboard Jacket Winter Coats,women's clothing,56.9900016784668,2.5999999046325684,direct,5,Suggerer produits similaires,would not buy again
a65d0fe1,45,search,Lock and Love Women's Removable Hooded Faux Leather Moto Biker Jacket,women's clothing,29.950000762939453,2.9000000953674316,direct,1,Continuer navigation,highly impressed
37b5d295,13,add_to_cart,Rain Jacket Women Windbreaker Striped Climbing Raincoats,women's clothing,39.9900016784668,3.799999952316284,google,3,Proposer livraison gratuite,would not recommend
6fe83e15,140,abandon,MBJ Women's Solid Short Sleeve Boat Neck V ,women's clothing,9.850000381469727,4.699999809265137,pub,-1,Envoyer coupon -20%,very happy with my purchase
3222ea5d,21,view,Opna Women's Short Sleeve Moisture,women's clothing,7.949999809265137,4.5,reseaux_sociaux,1,Continuer navigation,waste of money
a6fcb36e,149,view,DANVOUY Womens T Shirt Casual Cotton Short,women's clothing,12.989999771118164,3.5999999046325684,google,1,Continuer navigation,highly impressed
07161659,173,search,"Fjallraven - Foldsack No. 1 Backpack, Fits 15 Laptops",men's clothing,109.94999694824219,3.9000000953674316,google,1,Continuer navigation,very unhappy with my purchase
0add3cdc,142,purchase,Mens Casual Premium Slim Fit T-Shirts ,men's clothing,22.299999237060547,4.099999904632568,direct,5,Suggerer produits similaires,great product
3a6ba6da,86,add_to_cart,Mens Cotton Jacket,men's clothing,55.9900016784668,4.699999809265137,pub,3,Proposer livraison gratuite,would buy again
f92c680d,179,purchase,Mens Casual Slim Fit,men's clothing,15.989999771118164,2.0999999046325684,google,5,Suggerer produits similaires,highly recommended
908b76f2,53,view,John Hardy Women's Legends Naga Gold & Silver Dragon Station Chain Bracelet,jewelery,695,4.599999904632568,google,1,Continuer navigation,highly impressed
c7603c77,5,search,Solid Gold Petite Micropave ,jewelery,168,3.9000000953674316,pub,1,Continuer navigation,excellent quality
94f38368,76,view,White Gold Plated Princess,jewelery,9.989999771118164,3,google,1,Continuer navigation,very disappointed
04bd23e7,109,purchase,Pierced Owl Rose Gold Plated Stainless Steel Double,jewelery,10.989999771118164,1.899999976158142,reseaux_sociaux,5,Suggerer produits similaires,highly recommended
11e94a7f,6,abandon,WD 2TB Elements Portable External Hard Drive - USB 3.0 ,electronics,64,3.299999952316284,pub,-1,Envoyer coupon -20%,very unhappy with my purchase
615bf2fe,46,abandon,SanDisk SSD PLUS 1TB Internal SSD - SATA III 6 Gb/s,electronics,109,2.9000000953674316,pub,-1,Envoyer coupon -20%,waste of money
0ec6905f,23,add_to_cart,Silicon Power 256GB SSD 3D NAND A55 SLC Cache Performance Boost SATA III 2.5,electronics,109,4.800000190734863,reseaux_sociaux,3,Proposer livraison gratuite,would buy again
1fdedf22,62,search,WD 4TB Gaming Drive Works with Playstation 4 Portable External Hard Drive,electronics,114,4.800000190734863,google,1,Continuer navigation,fast shipping
034801ef,125,purchase,Acer SB220Q bi 21.5 inches Full HD (1920 x 1080) IPS Ultra-Thin,electronics,599,2.9000000953674316,pub,5,Suggerer produits similaires,highly impressed
3c991499,125,abandon,Samsung 49-Inch CHG90 144Hz Curved Gaming Monitor (LC49HG90DMNXZA) – Super Ultrawide Screen QLED ,electronics,999.989990234375,2.200000047683716,google,-1,Envoyer coupon -20%,great value for money
60a78f70,45,view,BIYLACLESEN Women's 3-in-1 Snowboard Jacket Winter Coats,women's clothing,56.9900016784668,2.5999999046325684,direct,1,Continuer navigation,great product
52e642d0,5,search,Lock and Love Women's Removable Hooded Faux Leather Moto Biker Jacket,women's clothing,29.950000762939453,2.9000000953674316,pub,1,Continuer navigation,great product
1de737c2,94,abandon,Rain Jacket Women Windbreaker Striped Climbing Raincoats,women's clothing,39.9900016784668,3.799999952316284,pub,-1,Envoyer coupon -20%,great product
eb8df64e,117,view,MBJ Women's Solid Short Sleeve Boat Neck V ,women's clothing,9.850000381469727,4.699999809265137,google,1,Continuer navigation,great product
802132cd,142,view,Opna Women's Short Sleeve Moisture,women's clothing,7.949999809265137,4.5,email,1,Continuer navigation,highly impressed
246558a8,179,search,DANVOUY Womens T Shirt Casual Cotton Short,women's clothing,12.989999771118164,3.5999999046325684,direct,1,Continuer navigation,highly recommended
d204049a,78,abandon,"Fjallraven - Foldsack No. 1 Backpack, Fits 15 Laptops",men's clothing,109.94999694824219,3.9000000953674316,google,-1,Envoyer coupon -20%,highly recommended
2a29296e,41,purchase,Mens Casual Premium Slim Fit T-Shirts ,men's clothing,22.299999237060547,4.099999904632568,pub,5,Suggerer produits similaires,awesome product
f9f36247,124,view,Mens Cotton Jacket,men's clothing,55.9900016784668,4.699999809265137,email,1,Continuer navigation,very unhappy with my purchase
ab1d802e,157,purchase,Mens Casual Slim Fit,men's clothing,15.989999771118164,2.0999999046325684,direct,5,Suggerer produits similaires,great value for money
efec3980,33,abandon,John Hardy Women's Legends Naga Gold & Silver Dragon Station Chain Bracelet,jewelery,695,4.599999904632568,direct,-1,Envoyer coupon -20%,would not buy again
a6bec871,173,add_to_cart,Solid Gold Petite Micropave ,jewelery,168,3.9000000953674316,direct,3,Proposer livraison gratuite,poor quality
e2b604b1,5,abandon,White Gold Plated Princess,jewelery,9.989999771118164,3,reseaux_sociaux,-1,Envoyer coupon -20%,highly recommended
6cae332f,20,abandon,Pierced Owl Rose Gold Plated Stainless Steel Double,jewelery,10.989999771118164,1.899999976158142,direct,-1,Envoyer coupon -20%,very disappointed
98dfec2d,180,add_to_cart,WD 2TB Elements Portable External Hard Drive - USB 3.0 ,electronics,64,3.299999952316284,email,3,Proposer livraison gratuite,fast shipping
af1e867f,181,abandon,SanDisk SSD PLUS 1TB Internal SSD - SATA III 6 Gb/s,electronics,109,2.9000000953674316,pub,-1,Envoyer coupon -20%,excellent quality
bcf563a0,17,view,Silicon Power 256GB SSD 3D NAND A55 SLC Cache Performance Boost SATA III 2.5,electronics,109,4.800000190734863,reseaux_sociaux,1,Continuer navigation,would buy again
17ac7ef5,83,abandon,WD 4TB Gaming Drive Works with Playstation 4 Portable External Hard Drive,electronics,114,4.800000190734863,google,-1,Envoyer coupon -20%,poor quality
35c32400,3,abandon,Acer SB220Q bi 21.5 inches Full HD (1920 x 1080) IPS Ultra-Thin,electronics,599,2.9000000953674316,pub,-1,Envoyer coupon -20%,fast shipping
fcf7bb6a,33,search,Samsung 49-Inch CHG90 144Hz Curved Gaming Monitor (LC49HG90DMNXZA) – Super Ultrawide Screen QLED ,electronics,999.989990234375,2.200000047683716,email,1,Continuer navigation,poor quality
42705d89,78,add_to_cart,BIYLACLESEN Women's 3-in-1 Snowboard Jacket Winter Coats,women's clothing,56.9900016784668,2.5999999046325684,email,3,Proposer livraison gratuite,would not recommend
0a0074ce,168,view,Lock and Love Women's Removable Hooded Faux Leather Moto Biker Jacket,women's clothing,29.950000762939453,2.9000000953674316,reseaux_sociaux,1,Continuer navigation,very dissatisfied
fce5d29a,46,purchase,Rain Jacket Women Windbreaker Striped Climbing Raincoats,women's clothing,39.9900016784668,3.799999952316284,direct,5,Suggerer produits similaires,very happy with my purchase
a5663d79,123,view,MBJ Women's Solid Short Sleeve Boat Neck V ,women's clothing,9.850000381469727,4.699999809265137,google,1,Continuer navigation,great value for money
e0081d8f,185,purchase,Opna Women's Short Sleeve Moisture,women's clothing,7.949999809265137,4.5,reseaux_sociaux,5,Suggerer produits similaires,would buy again
3f886de7,141,view,DANVOUY Womens T Shirt Casual Cotton Short,women's clothing,12.989999771118164,3.5999999046325684,email,1,Continuer navigation,fast shipping
fd2dd9b4,62,purchase,"Fjallraven - Foldsack No. 1 Backpack, Fits 15 Laptops",men's clothing,109.94999694824219,3.9000000953674316,email,5,Suggerer produits similaires,would not recommend
0c876763,149,search,Mens Casual Premium Slim Fit T-Shirts ,men's clothing,22.299999237060547,4.099999904632568,google,1,Continuer navigation,highly impressed
a1d89774,32,purchase,Mens Cotton Jacket,men's clothing,55.9900016784668,4.699999809265137,direct,5,Suggerer produits similaires,poor quality
667eb129,110,search,Mens Casual Slim Fit,men's clothing,15.989999771118164,2.0999999046325684,direct,1,Continuer navigation,would buy again
3a6eeb1e,98,search,John Hardy Women's Legends Naga Gold & Silver Dragon Station Chain Bracelet,jewelery,695,4.599999904632568,google,1,Continuer navigation,would not buy again
36ad23dd,33,abandon,Solid Gold Petite Micropave ,jewelery,168,3.9000000953674316,email,-1,Envoyer coupon -20%,highly impressed
35d99738,16,abandon,White Gold Plated Princess,jewelery,9.989999771118164,3,direct,-1,Envoyer coupon -20%,would buy again
841cc76c,103,add_to_cart,Pierced Owl Rose Gold Plated Stainless Steel Double,jewelery,10.989999771118164,1.899999976158142,reseaux_sociaux,3,Proposer livraison gratuite,excellent quality
2f774407,179,abandon,WD 2TB Elements Portable External Hard Drive - USB 3.0 ,electronics,64,3.299999952316284,direct,-1,Envoyer coupon -20%,very happy with my purchase
675f2680,195,add_to_cart,SanDisk SSD PLUS 1TB Internal SSD - SATA III 6 Gb/s,electronics,109,2.9000000953674316,pub,3,Proposer livraison gratuite,very happy with my purchase
07cbc678,137,abandon,Silicon Power 256GB SSD 3D NAND A55 SLC Cache Performance Boost SATA III 2.5,electronics,109,4.800000190734863,google,-1,Envoyer coupon -20%,very disappointed
2c0d6f17,7,search,WD 4TB Gaming Drive Works with Playstation 4 Portable External Hard Drive,electronics,114,4.800000190734863,reseaux_sociaux,1,Continuer navigation,great value for money
c8404fc1,195,view,Acer SB220Q bi 21.5 inches Full HD (1920 x 1080) IPS Ultra-Thin,electronics,599,2.9000000953674316,google,1,Continuer navigation,highly impressed
1a13edd4,156,abandon,Samsung 49-Inch CHG90 144Hz Curved Gaming Monitor (LC49HG90DMNXZA) – Super Ultrawide Screen QLED ,electronics,999.989990234375,2.200000047683716,pub,-1,Envoyer coupon -20%,very dissatisfied
c6c3218b,124,purchase,BIYLACLESEN Women's 3-in-1 Snowboard Jacket Winter Coats,women's clothing,56.9900016784668,2.5999999046325684,google,5,Suggerer produits similaires,great product
b96599a3,173,search,Lock and Love Women's Removable Hooded Faux Leather Moto Biker Jacket,women's clothing,29.950000762939453,2.9000000953674316,pub,1,Continuer navigation,poor quality
98a4da14,167,view,Rain Jacket Women Windbreaker Striped Climbing Raincoats,women's clothing,39.9900016784668,3.799999952316284,email,1,Continuer navigation,very pleased
fed081fd,1,add_to_cart,MBJ Women's Solid Short Sleeve Boat Neck V ,women's clothing,9.850000381469727,4.699999809265137,email,3,Proposer livraison gratuite,very pleased
be8bb4d5,117,purchase,Opna Women's Short Sleeve Moisture,women's clothing,7.949999809265137,4.5,email,5,Suggerer produits similaires,great product
4d70fe99,121,view,DANVOUY Womens T Shirt Casual Cotton Short,women's clothing,12.989999771118164,3.5999999046325684,email,1,Continuer navigation,highly recommended
0fc0d69a,147,abandon,"Fjallraven - Foldsack No. 1 Backpack, Fits 15 Laptops",men's clothing,109.94999694824219,3.9000000953674316,pub,-1,Envoyer coupon -20%,very unhappy with my purchase
d5402bdc,54,abandon,Mens Casual Premium Slim Fit T-Shirts ,men's clothing,22.299999237060547,4.099999904632568,direct,-1,Envoyer coupon -20%,would buy again
4c41b42c,129,purchase,Mens Cotton Jacket,men's clothing,55.9900016784668,4.699999809265137,reseaux_sociaux,5,Suggerer produits similaires,poor quality
c9b2a4a1,50,abandon,Mens Casual Slim Fit,men's clothing,15.989999771118164,2.0999999046325684,pub,-1,Envoyer coupon -20%,highly recommended
d3b499c5,162,purchase,John Hardy Women's Legends Naga Gold & Silver Dragon Station Chain Bracelet,jewelery,695,4.599999904632568,pub,5,Suggerer produits similaires,very dissatisfied
b15216e3,83,view,Solid Gold Petite Micropave ,jewelery,168,3.9000000953674316,google,1,Continuer navigation,very dissatisfied
9d663ba4,12,search,White Gold Plated Princess,jewelery,9.989999771118164,3,direct,1,Continuer navigation,highly recommended
cdfbabb3,127,add_to_cart,Pierced Owl Rose Gold Plated Stainless Steel Double,jewelery,10.989999771118164,1.899999976158142,google,3,Proposer livraison gratuite,highly impressed
4c377a81,187,search,WD 2TB Elements Portable External Hard Drive - USB 3.0 ,electronics,64,3.299999952316284,pub,1,Continuer navigation,awesome product
df67cdce,192,abandon,SanDisk SSD PLUS 1TB Internal SSD - SATA III 6 Gb/s,electronics,109,2.9000000953674316,pub,-1,Envoyer coupon -20%,highly impressed
f9e84126,122,view,Silicon Power 256GB SSD 3D NAND A55 SLC Cache Performance Boost SATA III 2.5,electronics,109,4.800000190734863,direct,1,Continuer navigation,great product
c9c2565d,100,add_to_cart,WD 4TB Gaming Drive Works with Playstation 4 Portable External Hard Drive,electronics,114,4.800000190734863,email,3,Proposer livraison gratuite,very happy with my purchase
5988bd05,125,add_to_cart,Acer SB220Q bi 21.5 inches Full HD (1920 x 1080) IPS Ultra-Thin,electronics,599,2.9000000953674316,direct,3,Proposer livraison gratuite,would not recommend
d5c7d46e,89,add_to_cart,Samsung 49-Inch CHG90 144Hz Curved Gaming Monitor (LC49HG90DMNXZA) – Super Ultrawide Screen QLED ,electronics,999.989990234375,2.200000047683716,reseaux_sociaux,3,Proposer livraison gratuite,poor quality
8ee2567f,19,search,BIYLACLESEN Women's 3-in-1 Snowboard Jacket Winter Coats,women's clothing,56.9900016784668,2.5999999046325684,pub,1,Continuer navigation,great value for money
21b3fe46,28,abandon,Lock and Love Women's Removable Hooded Faux Leather Moto Biker Jacket,women's clothing,29.950000762939453,2.9000000953674316,reseaux_sociaux,-1,Envoyer coupon -20%,highly recommended
782cd61c,197,purchase,Rain Jacket Women Windbreaker Striped Climbing Raincoats,women's clothing,39.9900016784668,3.799999952316284,email,5,Suggerer produits similaires,highly recommended
42bde9f7,98,search,MBJ Women's Solid Short Sleeve Boat Neck V ,women's clothing,9.850000381469727,4.699999809265137,pub,1,Continuer navigation,would not recommend
63865e74,139,search,Opna Women's Short Sleeve Moisture,women's clothing,7.949999809265137,4.5,direct,1,Continuer navigation,awesome product
692327d7,84,add_to_cart,DANVOUY Womens T Shirt Casual Cotton Short,women's clothing,12.989999771118164,3.5999999046325684,email,3,Proposer livraison gratuite,highly recommended
9c65e7d6,172,purchase,"Fjallraven - Foldsack No. 1 Backpack, Fits 15 Laptops",men's clothing,109.94999694824219,3.9000000953674316,reseaux_sociaux,5,Suggerer produits similaires,highly recommended
70d137e5,34,abandon,Mens Casual Premium Slim Fit T-Shirts ,men's clothing,22.299999237060547,4.099999904632568,reseaux_sociaux,-1,Envoyer coupon -20%,highly recommended
af417ab7,47,search,Mens Cotton Jacket,men's clothing,55.9900016784668,4.699999809265137,google,1,Continuer navigation,poor quality
69f479a0,170,purchase,Mens Casual Slim Fit,men's clothing,15.989999771118164,2.0999999046325684,reseaux_sociaux,5,Suggerer produits similaires,would not recommend
8b65392f,108,search,John Hardy Women's Legends Naga Gold & Silver Dragon Station Chain Bracelet,jewelery,695,4.599999904632568,email,1,Continuer navigation,would buy again
24b6852f,84,abandon,Solid Gold Petite Micropave ,jewelery,168,3.9000000953674316,pub,-1,Envoyer coupon -20%,very happy with my purchase
a3646389,58,add_to_cart,White Gold Plated Princess,jewelery,9.989999771118164,3,email,3,Proposer livraison gratuite,great product
c9e7cea0,138,purchase,Pierced Owl Rose Gold Plated Stainless Steel Double,jewelery,10.989999771118164,1.899999976158142,reseaux_sociaux,5,Suggerer produits similaires,highly recommended
3371d0e3,90,abandon,WD 2TB Elements Portable External Hard Drive - USB 3.0 ,electronics,64,3.299999952316284,email,-1,Envoyer coupon -20%,very unhappy with my purchase
f0f65db8,119,add_to_cart,SanDisk SSD PLUS 1TB Internal SSD - SATA III 6 Gb/s,electronics,109,2.9000000953674316,direct,3,Proposer livraison gratuite,very satisfied
64689f1c,170,purchase,Silicon Power 256GB SSD 3D NAND A55 SLC Cache Performance Boost SATA III 2.5,electronics,109,4.800000190734863,direct,5,Suggerer produits similaires,very happy with my purchase
c0b11480,20,add_to_cart,WD 4TB Gaming Drive Works with Playstation 4 Portable External Hard Drive,electronics,114,4.800000190734863,google,3,Proposer livraison gratuite,would buy again
f6b678c5,106,search,Acer SB220Q bi 21.5 inches Full HD (1920 x 1080) IPS Ultra-Thin,electronics,599,2.9000000953674316,reseaux_sociaux,1,Continuer navigation,very dissatisfied
57228214,90,add_to_cart,Samsung 49-Inch CHG90 144Hz Curved Gaming Monitor (LC49HG90DMNXZA) – Super Ultrawide Screen QLED ,electronics,999.989990234375,2.200000047683716,pub,3,Proposer livraison gratuite,highly recommended
da4a0869,200,search,BIYLACLESEN Women's 3-in-1 Snowboard Jacket Winter Coats,women's clothing,56.9900016784668,2.5999999046325684,pub,1,Continuer navigation,awesome product
225c2c09,155,abandon,Lock and Love Women's Removable Hooded Faux Leather Moto Biker Jacket,women's clothing,29.950000762939453,2.9000000953674316,email,-1,Envoyer coupon -20%,great product
4fe794df,44,abandon,Rain Jacket Women Windbreaker Striped Climbing Raincoats,women's clothing,39.9900016784668,3.799999952316284,reseaux_sociaux,-1,Envoyer coupon -20%,poor quality
d5847d51,121,abandon,MBJ Women's Solid Short Sleeve Boat Neck V ,women's clothing,9.850000381469727,4.699999809265137,pub,-1,Envoyer coupon -20%,would not recommend
610ac8ab,185,view,Opna Women's Short Sleeve Moisture,women's clothing,7.949999809265137,4.5,email,1,Continuer navigation,great product
3d0be29b,137,add_to_cart,DANVOUY Womens T Shirt Casual Cotton Short,women's clothing,12.989999771118164,3.5999999046325684,email,3,Proposer livraison gratuite,very unhappy with my purchase
f8180ddc,197,add_to_cart,"Fjallraven - Foldsack No. 1 Backpack, Fits 15 Laptops",men's clothing,109.94999694824219,3.9000000953674316,google,3,Proposer livraison gratuite,would not recommend
f067b8f6,51,abandon,Mens Casual Premium Slim Fit T-Shirts ,men's clothing,22.299999237060547,4.099999904632568,email,-1,Envoyer coupon -20%,would not buy again
ebeb0de6,83,purchase,Mens Cotton Jacket,men's clothing,55.9900016784668,4.699999809265137,google,5,Suggerer produits similaires,great value for money
01c4a659,139,view,Mens Casual Slim Fit,men's clothing,15.989999771118164,2.0999999046325684,email,1,Continuer navigation,very happy with my purchase
e14b2c5b,160,purchase,John Hardy Women's Legends Naga Gold & Silver Dragon Station Chain Bracelet,jewelery,695,4.599999904632568,reseaux_sociaux,5,Suggerer produits similaires,great value for money
25a4d014,132,search,Solid Gold Petite Micropave ,jewelery,168,3.9000000953674316,email,1,Continuer navigation,very disappointed
a2cf12b8,176,purchase,White Gold Plated Princess,jewelery,9.989999771118164,3,pub,5,Suggerer produits similaires,great product
f0ce30dc,46,purchase,Pierced Owl Rose Gold Plated Stainless Steel Double,jewelery,10.989999771118164,1.899999976158142,direct,5,Suggerer produits similaires,would not recommend
67f05690,29,view,WD 2TB Elements Portable External Hard Drive - USB 3.0 ,electronics,64,3.299999952316284,reseaux_sociaux,1,Continuer navigation,awesome product
200eecf2,5,search,SanDisk SSD PLUS 1TB Internal SSD - SATA III 6 Gb/s,electronics,109,2.9000000953674316,email,1,Continuer navigation,very happy with my purchase
32a6a741,74,purchase,Silicon Power 256GB SSD 3D NAND A55 SLC Cache Performance Boost SATA III 2.5,electronics,109,4.800000190734863,pub,5,Suggerer produits similaires,poor quality
4c1b367b,17,view,WD 4TB Gaming Drive Works with Playstation 4 Portable External Hard Drive,electronics,114,4.800000190734863,google,1,Continuer navigation,fast shipping
8ee04bfd,53,view,Acer SB220Q bi 21.5 inches Full HD (1920 x 1080) IPS Ultra-Thin,electronics,599,2.9000000953674316,email,1,Continuer navigation,great value for money
765bd345,6,view,Samsung 49-Inch CHG90 144Hz Curved Gaming Monitor (LC49HG90DMNXZA) – Super Ultrawide Screen QLED ,electronics,999.989990234375,2.200000047683716,reseaux_sociaux,1,Continuer navigation,great value for money
e0a26d65,90,purchase,BIYLACLESEN Women's 3-in-1 Snowboard Jacket Winter Coats,women's clothing,56.9900016784668,2.5999999046325684,pub,5,Suggerer produits similaires,poor quality
7540fbe5,62,add_to_cart,Lock and Love Women's Removable Hooded Faux Leather Moto Biker Jacket,women's clothing,29.950000762939453,2.9000000953674316,email,3,Proposer livraison gratuite,great value for money
1e560642,117,view,Rain Jacket Women Windbreaker Striped Climbing Raincoats,women's clothing,39.9900016784668,3.799999952316284,google,1,Continuer navigation,poor quality
119e3441,62,search,MBJ Women's Solid Short Sleeve Boat Neck V ,women's clothing,9.850000381469727,4.699999809265137,pub,1,Continuer navigation,great value for money
3ac68364,82,search,Opna Women's Short Sleeve Moisture,women's clothing,7.949999809265137,4.5,pub,1,Continuer navigation,great product
a5bc2caa,95,purchase,DANVOUY Womens T Shirt Casual Cotton Short,women's clothing,12.989999771118164,3.5999999046325684,direct,5,Suggerer produits similaires,poor quality
e3e713d6,169,purchase,"Fjallraven - Foldsack No. 1 Backpack, Fits 15 Laptops",men's clothing,109.94999694824219,3.9000000953674316,pub,5,Suggerer produits similaires,highly impressed
c3dd55a9,5,abandon,Mens Casual Premium Slim Fit T-Shirts ,men's clothing,22.299999237060547,4.099999904632568,pub,-1,Envoyer coupon -20%,highly recommended
5168420a,7,search,Mens Cotton Jacket,men's clothing,55.9900016784668,4.699999809265137,reseaux_sociaux,1,Continuer navigation,disappointing product
bc761232,148,purchase,Mens Casual Slim Fit,men's clothing,15.989999771118164,2.0999999046325684,email,5,Suggerer produits similaires,highly recommended
5e48c494,152,add_to_cart,John Hardy Women's Legends Naga Gold & Silver Dragon Station Chain Bracelet,jewelery,695,4.599999904632568,pub,3,Proposer livraison gratuite,very satisfied
a970641b,57,purchase,Solid Gold Petite Micropave ,jewelery,168,3.9000000953674316,reseaux_sociaux,5,Suggerer produits similaires,very unhappy with my purchase
070f0574,57,add_to_cart,White Gold Plated Princess,jewelery,9.989999771118164,3,direct,3,Proposer livraison gratuite,not worth the price
de554cd4,95,add_to_cart,Pierced Owl Rose Gold Plated Stainless Steel Double,jewelery,10.989999771118164,1.899999976158142,direct,3,Proposer livraison gratuite,highly recommended
0289c668,172,abandon,WD 2TB Elements Portable External Hard Drive - USB 3.0 ,electronics,64,3.299999952316284,reseaux_sociaux,-1,Envoyer coupon -20%,very dissatisfied
b881a50c,72,search,SanDisk SSD PLUS 1TB Internal SSD - SATA III 6 Gb/s,electronics,109,2.9000000953674316,reseaux_sociaux,1,Continuer navigation,would buy again
f7019330,56,abandon,Silicon Power 256GB SSD 3D NAND A55 SLC Cache Performance Boost SATA III 2.5,electronics,109,4.800000190734863,google,-1,Envoyer coupon -20%,great product
982d23e2,100,purchase,WD 4TB Gaming Drive Works with Playstation 4 Portable External Hard Drive,electronics,114,4.800000190734863,direct,5,Suggerer produits similaires,very pleased
0c4d47c3,55,abandon,Acer SB220Q bi 21.5 inches Full HD (1920 x 1080) IPS Ultra-Thin,electronics,599,2.9000000953674316,email,-1,Envoyer coupon -20%,great product
cd9749fb,6,search,Samsung 49-Inch CHG90 144Hz Curved Gaming Monitor (LC49HG90DMNXZA) – Super Ultrawide Screen QLED ,electronics,999.989990234375,2.200000047683716,google,1,Continuer navigation,awesome product
72fafacd,152,purchase,BIYLACLESEN Women's 3-in-1 Snowboard Jacket Winter Coats,women's clothing,56.9900016784668,2.5999999046325684,google,5,Suggerer produits similaires,very disappointed
7f69b695,122,purchase,Lock and Love Women's Removable Hooded Faux Leather Moto Biker Jacket,women's clothing,29.950000762939453,2.9000000953674316,pub,5,Suggerer produits similaires,very unhappy with my purchase
92eb6926,102,view,Rain Jacket Women Windbreaker Striped Climbing Raincoats,women's clothing,39.9900016784668,3.799999952316284,reseaux_sociaux,1,Continuer navigation,would not recommend
8120752e,167,add_to_cart,MBJ Women's Solid Short Sleeve Boat Neck V ,women's clothing,9.850000381469727,4.699999809265137,pub,3,Proposer livraison gratuite,highly impressed
f727b038,66,abandon,Opna Women's Short Sleeve Moisture,women's clothing,7.949999809265137,4.5,google,-1,Envoyer coupon -20%,poor quality
bffd3276,144,add_to_cart,DANVOUY Womens T Shirt Casual Cotton Short,women's clothing,12.989999771118164,3.5999999046325684,reseaux_sociaux,3,Proposer livraison gratuite,would not buy again
8df6ac97,49,search,"Fjallraven - Foldsack No. 1 Backpack, Fits 15 Laptops",men's clothing,109.94999694824219,3.9000000953674316,email,1,Continuer navigation,great product
97d7ee1b,47,search,Mens Casual Premium Slim Fit T-Shirts ,men's clothing,22.299999237060547,4.099999904632568,google,1,Continuer navigation,poor quality
92b74882,10,search,Mens Cotton Jacket,men's clothing,55.9900016784668,4.699999809265137,reseaux_sociaux,1,Continuer navigation,very unhappy with my purchase
3d48bee3,123,purchase,Mens Casual Slim Fit,men's clothing,15.989999771118164,2.0999999046325684,direct,5,Suggerer produits similaires,fast shipping
9b18cf9f,39,view,John Hardy Women's Legends Naga Gold & Silver Dragon Station Chain Bracelet,jewelery,695,4.599999904632568,pub,1,Continuer navigation,very disappointed
3b2f3ce3,151,purchase,Solid Gold Petite Micropave ,jewelery,168,3.9000000953674316,reseaux_sociaux,5,Suggerer produits similaires,poor quality
c7a3c394,106,search,White Gold Plated Princess,jewelery,9.989999771118164,3,reseaux_sociaux,1,Continuer navigation,not worth the price
e345b090,126,purchase,Pierced Owl Rose Gold Plated Stainless Steel Double,jewelery,10.989999771118164,1.899999976158142,email,5,Suggerer produits similaires,great product
f42fccbc,196,add_to_cart,WD 2TB Elements Portable External Hard Drive - USB 3.0 ,electronics,64,3.299999952316284,email,3,Proposer livraison gratuite,great product
845bcf46,84,add_to_cart,SanDisk SSD PLUS 1TB Internal SSD - SATA III 6 Gb/s,electronics,109,2.9000000953674316,direct,3,Proposer livraison gratuite,very happy with my purchase
32406204,7,view,Silicon Power 256GB SSD 3D NAND A55 SLC Cache Performance Boost SATA III 2.5,electronics,109,4.800000190734863,email,1,Continuer navigation,great value for money
df465272,114,purchase,WD 4TB Gaming Drive Works with Playstation 4 Portable External Hard Drive,electronics,114,4.800000190734863,reseaux_sociaux,5,Suggerer produits similaires,awesome product
467fa598,54,search,Acer SB220Q bi 21.5 inches Full HD (1920 x 1080) IPS Ultra-Thin,electronics,599,2.9000000953674316,email,1,Continuer navigation,would not buy again
d029a77d,125,purchase,Samsung 49-Inch CHG90 144Hz Curved Gaming Monitor (LC49HG90DMNXZA) – Super Ultrawide Screen QLED ,electronics,999.989990234375,2.200000047683716,email,5,Suggerer produits similaires,poor quality
a6ef3f1d,94,search,BIYLACLESEN Women's 3-in-1 Snowboard Jacket Winter Coats,women's clothing,56.9900016784668,2.5999999046325684,direct,1,Continuer navigation,very happy with my purchase
90327340,96,abandon,Lock and Love Women's Removable Hooded Faux Leather Moto Biker Jacket,women's clothing,29.950000762939453,2.9000000953674316,email,-1,Envoyer coupon -20%,very dissatisfied
816ec4e6,139,search,Rain Jacket Women Windbreaker Striped Climbing Raincoats,women's clothing,39.9900016784668,3.799999952316284,reseaux_sociaux,1,Continuer navigation,highly recommended
15e0b343,31,search,MBJ Women's Solid Short Sleeve Boat Neck V ,women's clothing,9.850000381469727,4.699999809265137,google,1,Continuer navigation,very dissatisfied
f2ee6ddb,1,search,Opna Women's Short Sleeve Moisture,women's clothing,7.949999809265137,4.5,email,1,Continuer navigation,highly impressed
895ddd14,107,purchase,DANVOUY Womens T Shirt Casual Cotton Short,women's clothing,12.989999771118164,3.5999999046325684,email,5,Suggerer produits similaires,excellent quality
3cf3d23c,5,search,"Fjallraven - Foldsack No. 1 Backpack, Fits 15 Laptops",men's clothing,109.94999694824219,3.9000000953674316,google,1,Continuer navigation,very happy with my purchase
8897e23a,4,view,Mens Casual Premium Slim Fit T-Shirts ,men's clothing,22.299999237060547,4.099999904632568,google,1,Continuer navigation,very disappointed
761a2158,135,view,Mens Cotton Jacket,men's clothing,55.9900016784668,4.699999809265137,email,1,Continuer navigation,highly recommended
f19f5b8a,134,search,Mens Casual Slim Fit,men's clothing,15.989999771118164,2.0999999046325684,email,1,Continuer navigation,great product
dcde7c4e,126,search,John Hardy Women's Legends Naga Gold & Silver Dragon Station Chain Bracelet,jewelery,695,4.599999904632568,pub,1,Continuer navigation,not as described
bc62bbac,76,search,Solid Gold Petite Micropave ,jewelery,168,3.9000000953674316,pub,1,Continuer navigation,would not recommend
ab5006e8,22,search,White Gold Plated Princess,jewelery,9.989999771118164,3,google,1,Continuer navigation,excellent quality
fbe58f28,174,purchase,Pierced Owl Rose Gold Plated Stainless Steel Double,jewelery,10.989999771118164,1.899999976158142,email,5,Suggerer produits similaires,excellent quality
a8c78cbf,118,add_to_cart,WD 2TB Elements Portable External Hard Drive - USB 3.0 ,electronics,64,3.299999952316284,pub,3,Proposer livraison gratuite,would buy again
d6f31573,103,abandon,SanDisk SSD PLUS 1TB Internal SSD - SATA III 6 Gb/s,electronics,109,2.9000000953674316,reseaux_sociaux,-1,Envoyer coupon -20%,fast shipping
eb881bdf,30,purchase,Silicon Power 256GB SSD 3D NAND A55 SLC Cache Performance Boost SATA III 2.5,electronics,109,4.800000190734863,google,5,Suggerer produits similaires,great value for money
c6f8b250,180,search,WD 4TB Gaming Drive Works with Playstation 4 Portable External Hard Drive,electronics,114,4.800000190734863,reseaux_sociaux,1,Continuer navigation,poor quality
8e7b7698,162,add_to_cart,Acer SB220Q bi 21.5 inches Full HD (1920 x 1080) IPS Ultra-Thin,electronics,599,2.9000000953674316,pub,3,Proposer livraison gratuite,excellent quality
ab359824,110,add_to_cart,Samsung 49-Inch CHG90 144Hz Curved Gaming Monitor (LC49HG90DMNXZA) – Super Ultrawide Screen QLED ,electronics,999.989990234375,2.200000047683716,google,3,Proposer livraison gratuite,great value for money
5075b406,192,view,BIYLACLESEN Women's 3-in-1 Snowboard Jacket Winter Coats,women's clothing,56.9900016784668,2.5999999046325684,google,1,Continuer navigation,poor quality
5aafe591,155,purchase,Lock and Love Women's Removable Hooded Faux Leather Moto Biker Jacket,women's clothing,29.950000762939453,2.9000000953674316,pub,5,Suggerer produits similaires,awesome product
c8d824a5,54,add_to_cart,Rain Jacket Women Windbreaker Striped Climbing Raincoats,women's clothing,39.9900016784668,3.799999952316284,pub,3,Proposer livraison gratuite,poor quality
8dbe4a6b,169,abandon,MBJ Women's Solid Short Sleeve Boat Neck V ,women's clothing,9.850000381469727,4.699999809265137,reseaux_sociaux,-1,Envoyer coupon -20%,fast shipping
0da90daa,199,abandon,Opna Women's Short Sleeve Moisture,women's clothing,7.949999809265137,4.5,reseaux_sociaux,-1,Envoyer coupon -20%,would buy again
e5f95cc3,197,purchase,DANVOUY Womens T Shirt Casual Cotton Short,women's clothing,12.989999771118164,3.5999999046325684,email,5,Suggerer produits similaires,very dissatisfied
aedc4943,162,add_to_cart,"Fjallraven - Foldsack No. 1 Backpack, Fits 15 Laptops",men's clothing,109.94999694824219,3.9000000953674316,pub,3,Proposer livraison gratuite,poor quality
6bcbaa9d,69,view,Mens Casual Premium Slim Fit T-Shirts ,men's clothing,22.299999237060547,4.099999904632568,direct,1,Continuer navigation,would buy again
edc09fcf,171,search,Mens Cotton Jacket,men's clothing,55.9900016784668,4.699999809265137,pub,1,Continuer navigation,waste of money
bb5696b4,121,view,Mens Casual Slim Fit,men's clothing,15.989999771118164,2.0999999046325684,reseaux_sociaux,1,Continuer navigation,would not buy again
aa103830,94,abandon,John Hardy Women's Legends Naga Gold & Silver Dragon Station Chain Bracelet,jewelery,695,4.599999904632568,google,-1,Envoyer coupon -20%,awesome product
a4ddfcdd,90,purchase,Solid Gold Petite Micropave ,jewelery,168,3.9000000953674316,reseaux_sociaux,5,Suggerer produits similaires,would buy again
fdcabd60,103,search,White Gold Plated Princess,jewelery,9.989999771118164,3,direct,1,Continuer navigation,poor quality
412ca604,183,purchase,Pierced Owl Rose Gold Plated Stainless Steel Double,jewelery,10.989999771118164,1.899999976158142,google,5,Suggerer produits similaires,not worth the price
29c0e94c,124,search,WD 2TB Elements Portable External Hard Drive - USB 3.0 ,electronics,64,3.299999952316284,reseaux_sociaux,1,Continuer navigation,not as described
653026a9,142,abandon,SanDisk SSD PLUS 1TB Internal SSD - SATA III 6 Gb/s,electronics,109,2.9000000953674316,reseaux_sociaux,-1,Envoyer coupon -20%,great product
8d5259fa,166,add_to_cart,Silicon Power 256GB SSD 3D NAND A55 SLC Cache Performance Boost SATA III 2.5,electronics,109,4.800000190734863,google,3,Proposer livraison gratuite,would not recommend
f9bf989e,87,view,WD 4TB Gaming Drive Works with Playstation 4 Portable External Hard Drive,electronics,114,4.800000190734863,reseaux_sociaux,1,Continuer navigation,very happy with my purchase
3d0a3104,72,add_to_cart,Acer SB220Q bi 21.5 inches Full HD (1920 x 1080) IPS Ultra-Thin,electronics,599,2.9000000953674316,google,3,Proposer livraison gratuite,highly recommended
37df3f16,70,search,Samsung 49-Inch CHG90 144Hz Curved Gaming Monitor (LC49HG90DMNXZA) – Super Ultrawide Screen QLED ,electronics,999.989990234375,2.200000047683716,direct,1,Continuer navigation,great product
8943fbd8,129,search,BIYLACLESEN Women's 3-in-1 Snowboard Jacket Winter Coats,women's clothing,56.9900016784668,2.5999999046325684,pub,1,Continuer navigation,would not buy again
c0ba17b9,78,purchase,Lock and Love Women's Removable Hooded Faux Leather Moto Biker Jacket,women's clothing,29.950000762939453,2.9000000953674316,direct,5,Suggerer produits similaires,would not buy again
ac02e64d,153,abandon,Rain Jacket Women Windbreaker Striped Climbing Raincoats,women's clothing,39.9900016784668,3.799999952316284,google,-1,Envoyer coupon -20%,would not recommend
14aff5da,52,abandon,MBJ Women's Solid Short Sleeve Boat Neck V ,women's clothing,9.850000381469727,4.699999809265137,pub,-1,Envoyer coupon -20%,poor quality
fc3a1f9d,194,add_to_cart,Opna Women's Short Sleeve Moisture,women's clothing,7.949999809265137,4.5,pub,3,Proposer livraison gratuite,great product
4637195b,84,abandon,DANVOUY Womens T Shirt Casual Cotton Short,women's clothing,12.989999771118164,3.5999999046325684,reseaux_sociaux,-1,Envoyer coupon -20%,great value for money
4a8971aa,31,purchase,"Fjallraven - Foldsack No. 1 Backpack, Fits 15 Laptops",men's clothing,109.94999694824219,3.9000000953674316,email,5,Suggerer produits similaires,great product
e7e00cdb,168,add_to_cart,Mens Casual Premium Slim Fit T-Shirts ,men's clothing,22.299999237060547,4.099999904632568,pub,3,Proposer livraison gratuite,fast shipping
31f3ef83,176,abandon,Mens Cotton Jacket,men's clothing,55.9900016784668,4.699999809265137,reseaux_sociaux,-1,Envoyer coupon -20%,highly recommended
07e09f20,111,purchase,Mens Casual Slim Fit,men's clothing,15.989999771118164,2.0999999046325684,reseaux_sociaux,5,Suggerer produits similaires,awesome product
024d75a5,59,search,John Hardy Women's Legends Naga Gold & Silver Dragon Station Chain Bracelet,jewelery,695,4.599999904632568,direct,1,Continuer navigation,would not buy again
1c4bd704,200,view,Solid Gold Petite Micropave ,jewelery,168,3.9000000953674316,pub,1,Continuer navigation,highly impressed
53c788be,59,purchase,White Gold Plated Princess,jewelery,9.989999771118164,3,direct,5,Suggerer produits similaires,awesome product
1dcb4ef0,125,abandon,Pierced Owl Rose Gold Plated Stainless Steel Double,jewelery,10.989999771118164,1.899999976158142,email,-1,Envoyer coupon -20%,would buy again
009bf492,173,purchase,WD 2TB Elements Portable External Hard Drive - USB 3.0 ,electronics,64,3.299999952316284,direct,5,Suggerer produits similaires,great value for money
b0d7e672,109,abandon,SanDisk SSD PLUS 1TB Internal SSD - SATA III 6 Gb/s,electronics,109,2.9000000953674316,email,-1,Envoyer coupon -20%,great product
8f362a85,75,add_to_cart,Silicon Power 256GB SSD 3D NAND A55 SLC Cache Performance Boost SATA III 2.5,electronics,109,4.800000190734863,google,3,Proposer livraison gratuite,very satisfied
e75ee648,193,view,WD 4TB Gaming Drive Works with Playstation 4 Portable External Hard Drive,electronics,114,4.800000190734863,reseaux_sociaux,1,Continuer navigation,very disappointed
e1d7b8e7,100,view,Acer SB220Q bi 21.5 inches Full HD (1920 x 1080) IPS Ultra-Thin,electronics,599,2.9000000953674316,direct,1,Continuer navigation,very happy with my purchase
95af5c07,71,add_to_cart,Samsung 49-Inch CHG90 144Hz Curved Gaming Monitor (LC49HG90DMNXZA) – Super Ultrawide Screen QLED ,electronics,999.989990234375,2.200000047683716,reseaux_sociaux,3,Proposer livraison gratuite,highly impressed
62239534,111,search,BIYLACLESEN Women's 3-in-1 Snowboard Jacket Winter Coats,women's clothing,56.9900016784668,2.5999999046325684,google,1,Continuer navigation,fast shipping
a0454efe,25,view,Lock and Love Women's Removable Hooded Faux Leather Moto Biker Jacket,women's clothing,29.950000762939453,2.9000000953674316,direct,1,Continuer navigation,fast shipping
2b208131,21,add_to_cart,Rain Jacket Women Windbreaker Striped Climbing Raincoats,women's clothing,39.9900016784668,3.799999952316284,email,3,Proposer livraison gratuite,would buy again
e20fd126,99,abandon,MBJ Women's Solid Short Sleeve Boat Neck V ,women's clothing,9.850000381469727,4.699999809265137,pub,-1,Envoyer coupon -20%,very disappointed
1700146a,81,add_to_cart,Opna Women's Short Sleeve Moisture,women's clothing,7.949999809265137,4.5,direct,3,Proposer livraison gratuite,very satisfied
a0a98502,108,add_to_cart,DANVOUY Womens T Shirt Casual Cotton Short,women's clothing,12.989999771118164,3.5999999046325684,google,3,Proposer livraison gratuite,great product
18c6319f,167,abandon,"Fjallraven - Foldsack No. 1 Backpack, Fits 15 Laptops",men's clothing,109.94999694824219,3.9000000953674316,email,-1,Envoyer coupon -20%,poor quality
054e7a57,29,add_to_cart,Mens Casual Premium Slim Fit T-Shirts ,men's clothing,22.299999237060547,4.099999904632568,email,3,Proposer livraison gratuite,poor quality
512e713f,52,add_to_cart,Mens Cotton Jacket,men's clothing,55.9900016784668,4.699999809265137,google,3,Proposer livraison gratuite,fast shipping
5597896c,153,purchase,Mens Casual Slim Fit,men's clothing,15.989999771118164,2.0999999046325684,google,5,Suggerer produits similaires,great product
505081c1,121,search,John Hardy Women's Legends Naga Gold & Silver Dragon Station Chain Bracelet,jewelery,695,4.599999904632568,google,1,Continuer navigation,excellent quality
f0f21af6,89,search,Solid Gold Petite Micropave ,jewelery,168,3.9000000953674316,google,1,Continuer navigation,excellent quality
67fcb28a,43,view,White Gold Plated Princess,jewelery,9.989999771118164,3,email,1,Continuer navigation,would not recommend
f74cfea1,70,add_to_cart,Pierced Owl Rose Gold Plated Stainless Steel Double,jewelery,10.989999771118164,1.899999976158142,email,3,Proposer livraison gratuite,would not recommend
c0bbbfff,200,search,WD 2TB Elements Portable External Hard Drive - USB 3.0 ,electronics,64,3.299999952316284,google,1,Continuer navigation,disappointing product
c385c2fe,83,purchase,SanDisk SSD PLUS 1TB Internal SSD - SATA III 6 Gb/s,electronics,109,2.9000000953674316,direct,5,Suggerer produits similaires,very happy with my purchase
99aa7e8e,162,add_to_cart,Silicon Power 256GB SSD 3D NAND A55 SLC Cache Performance Boost SATA III 2.5,electronics,109,4.800000190734863,reseaux_sociaux,3,Proposer livraison gratuite,highly recommended
39c9f54f,144,purchase,WD 4TB Gaming Drive Works with Playstation 4 Portable External Hard Drive,electronics,114,4.800000190734863,reseaux_sociaux,5,Suggerer produits similaires,great value for money
eee413a4,4,view,Acer SB220Q bi 21.5 inches Full HD (1920 x 1080) IPS Ultra-Thin,electronics,599,2.9000000953674316,google,1,Continuer navigation,fast shipping
e10e0e77,101,search,Samsung 49-Inch CHG90 144Hz Curved Gaming Monitor (LC49HG90DMNXZA) – Super Ultrawide Screen QLED ,electronics,999.989990234375,2.200000047683716,email,1,Continuer navigation,very unhappy with my purchase
5c33fea5,132,abandon,BIYLACLESEN Women's 3-in-1 Snowboard Jacket Winter Coats,women's clothing,56.9900016784668,2.5999999046325684,direct,-1,Envoyer coupon -20%,waste of money
8d21cf22,2,view,Lock and Love Women's Removable Hooded Faux Leather Moto Biker Jacket,women's clothing,29.950000762939453,2.9000000953674316,google,1,Continuer navigation,great product
b47e4314,113,purchase,Rain Jacket Women Windbreaker Striped Climbing Raincoats,women's clothing,39.9900016784668,3.799999952316284,google,5,Suggerer produits similaires,fast shipping
70a6eaf3,118,abandon,MBJ Women's Solid Short Sleeve Boat Neck V ,women's clothing,9.850000381469727,4.699999809265137,google,-1,Envoyer coupon -20%,would buy again
0ddc494d,21,search,Opna Women's Short Sleeve Moisture,women's clothing,7.949999809265137,4.5,google,1,Continuer navigation,would buy again
2d9875c5,178,abandon,DANVOUY Womens T Shirt Casual Cotton Short,women's clothing,12.989999771118164,3.5999999046325684,email,-1,Envoyer coupon -20%,very happy with my purchase
d7daa95c,155,abandon,"Fjallraven - Foldsack No. 1 Backpack, Fits 15 Laptops",men's clothing,109.94999694824219,3.9000000953674316,email,-1,Envoyer coupon -20%,highly impressed
17808dc4,166,purchase,Mens Casual Premium Slim Fit T-Shirts ,men's clothing,22.299999237060547,4.099999904632568,reseaux_sociaux,5,Suggerer produits similaires,very pleased
025919aa,128,purchase,Mens Cotton Jacket,men's clothing,55.9900016784668,4.699999809265137,google,5,Suggerer produits similaires,would buy again
d5be1cff,169,purchase,Mens Casual Slim Fit,men's clothing,15.989999771118164,2.0999999046325684,pub,5,Suggerer produits similaires,very dissatisfied
c5bc9e1d,200,purchase,John Hardy Women's Legends Naga Gold & Silver Dragon Station Chain Bracelet,jewelery,695,4.599999904632568,email,5,Suggerer produits similaires,very happy with my purchase
fd93cf3c,2,add_to_cart,Solid Gold Petite Micropave ,jewelery,168,3.9000000953674316,google,3,Proposer livraison gratuite,highly recommended
a51dfe7b,127,purchase,White Gold Plated Princess,jewelery,9.989999771118164,3,reseaux_sociaux,5,Suggerer produits similaires,awesome product
e2d785ea,147,add_to_cart,Pierced Owl Rose Gold Plated Stainless Steel Double,jewelery,10.989999771118164,1.899999976158142,email,3,Proposer livraison gratuite,very disappointed
2d1828d2,134,abandon,WD 2TB Elements Portable External Hard Drive - USB 3.0 ,electronics,64,3.299999952316284,reseaux_sociaux,-1,Envoyer coupon -20%,highly impressed
b8be1e38,169,view,SanDisk SSD PLUS 1TB Internal SSD - SATA III 6 Gb/s,electronics,109,2.9000000953674316,pub,1,Continuer navigation,poor quality
8c15651a,29,abandon,Silicon Power 256GB SSD 3D NAND A55 SLC Cache Performance Boost SATA III 2.5,electronics,109,4.800000190734863,reseaux_sociaux,-1,Envoyer coupon -20%,awesome product
48375f83,120,abandon,WD 4TB Gaming Drive Works with Playstation 4 Portable External Hard Drive,electronics,114,4.800000190734863,email,-1,Envoyer coupon -20%,poor quality
4c4d9d6e,95,add_to_cart,Acer SB220Q bi 21.5 inches Full HD (1920 x 1080) IPS Ultra-Thin,electronics,599,2.9000000953674316,direct,3,Proposer livraison gratuite,highly impressed
70d15cb0,167,abandon,Samsung 49-Inch CHG90 144Hz Curved Gaming Monitor (LC49HG90DMNXZA) – Super Ultrawide Screen QLED ,electronics,999.989990234375,2.200000047683716,direct,-1,Envoyer coupon -20%,great product
6d209eee,43,abandon,BIYLACLESEN Women's 3-in-1 Snowboard Jacket Winter Coats,women's clothing,56.9900016784668,2.5999999046325684,email,-1,Envoyer coupon -20%,disappointing product
9bccef48,148,search,Lock and Love Women's Removable Hooded Faux Leather Moto Biker Jacket,women's clothing,29.950000762939453,2.9000000953674316,google,1,Continuer navigation,very dissatisfied
1ada619c,128,view,Rain Jacket Women Windbreaker Striped Climbing Raincoats,women's clothing,39.9900016784668,3.799999952316284,google,1,Continuer navigation,great product
9dcbb39c,124,purchase,MBJ Women's Solid Short Sleeve Boat Neck V ,women's clothing,9.850000381469727,4.699999809265137,google,5,Suggerer produits similaires,highly recommended
4445b8c9,100,purchase,Opna Women's Short Sleeve Moisture,women's clothing,7.949999809265137,4.5,google,5,Suggerer produits similaires,would buy again
37ec1d5b,126,abandon,DANVOUY Womens T Shirt Casual Cotton Short,women's clothing,12.989999771118164,3.5999999046325684,reseaux_sociaux,-1,Envoyer coupon -20%,very unhappy with my purchase
ac1c9800,64,abandon,"Fjallraven - Foldsack No. 1 Backpack, Fits 15 Laptops",men's clothing,109.94999694824219,3.9000000953674316,pub,-1,Envoyer coupon -20%,highly recommended
c228acf6,178,search,Mens Casual Premium Slim Fit T-Shirts ,men's clothing,22.299999237060547,4.099999904632568,direct,1,Continuer navigation,poor quality
2afd7676,44,add_to_cart,Mens Cotton Jacket,men's clothing,55.9900016784668,4.699999809265137,pub,3,Proposer livraison gratuite,highly impressed
7fead618,18,abandon,Mens Casual Slim Fit,men's clothing,15.989999771118164,2.0999999046325684,google,-1,Envoyer coupon -20%,disappointing product
4ad32348,85,add_to_cart,John Hardy Women's Legends Naga Gold & Silver Dragon Station Chain Bracelet,jewelery,695,4.599999904632568,pub,3,Proposer livraison gratuite,highly recommended
f76d56c2,137,purchase,Solid Gold Petite Micropave ,jewelery,168,3.9000000953674316,google,5,Suggerer produits similaires,would not recommend
81a48dca,54,purchase,White Gold Plated Princess,jewelery,9.989999771118164,3,pub,5,Suggerer produits similaires,great value for money
967b1d4d,91,purchase,Pierced Owl Rose Gold Plated Stainless Steel Double,jewelery,10.989999771118164,1.899999976158142,reseaux_sociaux,5,Suggerer produits similaires,would buy again
f12309f9,88,abandon,WD 2TB Elements Portable External Hard Drive - USB 3.0 ,electronics,64,3.299999952316284,direct,-1,Envoyer coupon -20%,would not recommend
9ba02324,16,search,SanDisk SSD PLUS 1TB Internal SSD - SATA III 6 Gb/s,electronics,109,2.9000000953674316,direct,1,Continuer navigation,great product
c57d4ebf,109,add_to_cart,Silicon Power 256GB SSD 3D NAND A55 SLC Cache Performance Boost SATA III 2.5,electronics,109,4.800000190734863,reseaux_sociaux,3,Proposer livraison gratuite,would buy again
4efc14e0,75,abandon,WD 4TB Gaming Drive Works with Playstation 4 Portable External Hard Drive,electronics,114,4.800000190734863,email,-1,Envoyer coupon -20%,would buy again
4e08d335,152,view,Acer SB220Q bi 21.5 inches Full HD (1920 x 1080) IPS Ultra-Thin,electronics,599,2.9000000953674316,reseaux_sociaux,1,Continuer navigation,very happy with my purchase
396bb807,11,abandon,Samsung 49-Inch CHG90 144Hz Curved Gaming Monitor (LC49HG90DMNXZA) – Super Ultrawide Screen QLED ,electronics,999.989990234375,2.200000047683716,direct,-1,Envoyer coupon -20%,very unhappy with my purchase
eeb6ad2f,109,view,BIYLACLESEN Women's 3-in-1 Snowboard Jacket Winter Coats,women's clothing,56.9900016784668,2.5999999046325684,google,1,Continuer navigation,would buy again
0e56c55c,17,add_to_cart,Lock and Love Women's Removable Hooded Faux Leather Moto Biker Jacket,women's clothing,29.950000762939453,2.9000000953674316,direct,3,Proposer livraison gratuite,would buy again
4d8bf426,62,search,Rain Jacket Women Windbreaker Striped Climbing Raincoats,women's clothing,39.9900016784668,3.799999952316284,google,1,Continuer navigation,great value for money
5f1af87c,25,abandon,MBJ Women's Solid Short Sleeve Boat Neck V ,women's clothing,9.850000381469727,4.699999809265137,google,-1,Envoyer coupon -20%,very unhappy with my purchase
e16704d8,73,view,Opna Women's Short Sleeve Moisture,women's clothing,7.949999809265137,4.5,reseaux_sociaux,1,Continuer navigation,very unhappy with my purchase
3f74ead7,151,abandon,DANVOUY Womens T Shirt Casual Cotton Short,women's clothing,12.989999771118164,3.5999999046325684,reseaux_sociaux,-1,Envoyer coupon -20%,great value for money
a4d14750,137,view,"Fjallraven - Foldsack No. 1 Backpack, Fits 15 Laptops",men's clothing,109.94999694824219,3.9000000953674316,pub,1,Continuer navigation,would not recommend
31815ebe,163,abandon,Mens Casual Premium Slim Fit T-Shirts ,men's clothing,22.299999237060547,4.099999904632568,pub,-1,Envoyer coupon -20%,great value for money
8496db51,45,view,Mens Cotton Jacket,men's clothing,55.9900016784668,4.699999809265137,pub,1,Continuer navigation,very disappointed
326931fd,64,search,Mens Casual Slim Fit,men's clothing,15.989999771118164,2.0999999046325684,reseaux_sociaux,1,Continuer navigation,very pleased
2c979c05,188,add_to_cart,John Hardy Women's Legends Naga Gold & Silver Dragon Station Chain Bracelet,jewelery,695,4.599999904632568,direct,3,Proposer livraison gratuite,fast shipping
9c094c18,90,purchase,Solid Gold Petite Micropave ,jewelery,168,3.9000000953674316,google,5,Suggerer produits similaires,very disappointed
8a8078a1,43,add_to_cart,White Gold Plated Princess,jewelery,9.989999771118164,3,google,3,Proposer livraison gratuite,highly impressed
897f62e9,13,add_to_cart,Pierced Owl Rose Gold Plated Stainless Steel Double,jewelery,10.989999771118164,1.899999976158142,direct,3,Proposer livraison gratuite,very unhappy with my purchase
1f107b3f,31,add_to_cart,WD 2TB Elements Portable External Hard Drive - USB 3.0 ,electronics,64,3.299999952316284,direct,3,Proposer livraison gratuite,highly impressed
62da7faa,150,view,SanDisk SSD PLUS 1TB Internal SSD - SATA III 6 Gb/s,electronics,109,2.9000000953674316,direct,1,Continuer navigation,fast shipping
9bf38a40,21,add_to_cart,Silicon Power 256GB SSD 3D NAND A55 SLC Cache Performance Boost SATA III 2.5,electronics,109,4.800000190734863,email,3,Proposer livraison gratuite,would not buy again
501e7860,102,search,WD 4TB Gaming Drive Works with Playstation 4 Portable External Hard Drive,electronics,114,4.800000190734863,email,1,Continuer navigation,very happy with my purchase
ba0f6e3b,199,purchase,Acer SB220Q bi 21.5 inches Full HD (1920 x 1080) IPS Ultra-Thin,electronics,599,2.9000000953674316,reseaux_sociaux,5,Suggerer produits similaires,highly recommended
72112a30,8,abandon,Samsung 49-Inch CHG90 144Hz Curved Gaming Monitor (LC49HG90DMNXZA) – Super Ultrawide Screen QLED ,electronics,999.989990234375,2.200000047683716,direct,-1,Envoyer coupon -20%,very dissatisfied
2667a95b,193,abandon,BIYLACLESEN Women's 3-in-1 Snowboard Jacket Winter Coats,women's clothing,56.9900016784668,2.5999999046325684,email,-1,Envoyer coupon -20%,very dissatisfied
f3578c0e,179,purchase,Lock and Love Women's Removable Hooded Faux Leather Moto Biker Jacket,women's clothing,29.950000762939453,2.9000000953674316,reseaux_sociaux,5,Suggerer produits similaires,disappointing product
57d1b7c5,33,purchase,Rain Jacket Women Windbreaker Striped Climbing Raincoats,women's clothing,39.9900016784668,3.799999952316284,email,5,Suggerer produits similaires,waste of money
c8a705c2,150,add_to_cart,MBJ Women's Solid Short Sleeve Boat Neck V ,women's clothing,9.850000381469727,4.699999809265137,direct,3,Proposer livraison gratuite,very satisfied
19efbb23,25,abandon,Opna Women's Short Sleeve Moisture,women's clothing,7.949999809265137,4.5,google,-1,Envoyer coupon -20%,poor quality
ab26cb31,153,abandon,DANVOUY Womens T Shirt Casual Cotton Short,women's clothing,12.989999771118164,3.5999999046325684,google,-1,Envoyer coupon -20%,poor quality
326a79b6,19,purchase,"Fjallraven - Foldsack No. 1 Backpack, Fits 15 Laptops",men's clothing,109.94999694824219,3.9000000953674316,direct,5,Suggerer produits similaires,great product
59be5bc3,9,add_to_cart,Mens Casual Premium Slim Fit T-Shirts ,men's clothing,22.299999237060547,4.099999904632568,google,3,Proposer livraison gratuite,highly impressed
cdd3e8cc,70,add_to_cart,Mens Cotton Jacket,men's clothing,55.9900016784668,4.699999809265137,reseaux_sociaux,3,Proposer livraison gratuite,would buy again
71f46a0d,108,purchase,Mens Casual Slim Fit,men's clothing,15.989999771118164,2.0999999046325684,reseaux_sociaux,5,Suggerer produits similaires,great product
cff6930b,25,view,John Hardy Women's Legends Naga Gold & Silver Dragon Station Chain Bracelet,jewelery,695,4.599999904632568,email,1,Continuer navigation,great product
a5d31f05,122,search,Solid Gold Petite Micropave ,jewelery,168,3.9000000953674316,email,1,Continuer navigation,great product
c19b9339,65,abandon,White Gold Plated Princess,jewelery,9.989999771118164,3,google,-1,Envoyer coupon -20%,would not recommend
dc4709ff,12,abandon,Pierced Owl Rose Gold Plated Stainless Steel Double,jewelery,10.989999771118164,1.899999976158142,pub,-1,Envoyer coupon -20%,poor quality
3d29e5bc,86,view,WD 2TB Elements Portable External Hard Drive - USB 3.0 ,electronics,64,3.299999952316284,google,1,Continuer navigation,would not recommend
5d83bed4,102,add_to_cart,SanDisk SSD PLUS 1TB Internal SSD - SATA III 6 Gb/s,electronics,109,2.9000000953674316,reseaux_sociaux,3,Proposer livraison gratuite,great product
5dfac4ed,187,abandon,Silicon Power 256GB SSD 3D NAND A55 SLC Cache Performance Boost SATA III 2.5,electronics,109,4.800000190734863,pub,-1,Envoyer coupon -20%,very happy with my purchase
b88e6bc1,79,abandon,WD 4TB Gaming Drive Works with Playstation 4 Portable External Hard Drive,electronics,114,4.800000190734863,pub,-1,Envoyer coupon -20%,excellent quality
930fa20e,76,view,Acer SB220Q bi 21.5 inches Full HD (1920 x 1080) IPS Ultra-Thin,electronics,599,2.9000000953674316,google,1,Continuer navigation,very pleased
655293f6,15,view,Samsung 49-Inch CHG90 144Hz Curved Gaming Monitor (LC49HG90DMNXZA) – Super Ultrawide Screen QLED ,electronics,999.989990234375,2.200000047683716,email,1,Continuer navigation,very dissatisfied
9b601a34,195,abandon,BIYLACLESEN Women's 3-in-1 Snowboard Jacket Winter Coats,women's clothing,56.9900016784668,2.5999999046325684,google,-1,Envoyer coupon -20%,very unhappy with my purchase
4466af67,191,add_to_cart,Lock and Love Women's Removable Hooded Faux Leather Moto Biker Jacket,women's clothing,29.950000762939453,2.9000000953674316,reseaux_sociaux,3,Proposer livraison gratuite,awesome product
d78dcdce,168,view,Rain Jacket Women Windbreaker Striped Climbing Raincoats,women's clothing,39.9900016784668,3.799999952316284,google,1,Continuer navigation,great value for money
dec59e21,17,purchase,MBJ Women's Solid Short Sleeve Boat Neck V ,women's clothing,9.850000381469727,4.699999809265137,google,5,Suggerer produits similaires,very satisfied
9afac1d2,132,add_to_cart,Opna Women's Short Sleeve Moisture,women's clothing,7.949999809265137,4.5,google,3,Proposer livraison gratuite,would not recommend
5090a5ae,135,add_to_cart,DANVOUY Womens T Shirt Casual Cotton Short,women's clothing,12.989999771118164,3.5999999046325684,google,3,Proposer livraison gratuite,fast shipping
dedae657,35,add_to_cart,"Fjallraven - Foldsack No. 1 Backpack, Fits 15 Laptops",men's clothing,109.94999694824219,3.9000000953674316,reseaux_sociaux,3,Proposer livraison gratuite,very dissatisfied
9021ffda,156,search,Mens Casual Premium Slim Fit T-Shirts ,men's clothing,22.299999237060547,4.099999904632568,direct,1,Continuer navigation,very pleased
d4637817,125,view,Mens Cotton Jacket,men's clothing,55.9900016784668,4.699999809265137,google,1,Continuer navigation,would buy again
027e4d52,80,view,Mens Casual Slim Fit,men's clothing,15.989999771118164,2.0999999046325684,reseaux_sociaux,1,Continuer navigation,very unhappy with my purchase
69d86226,191,add_to_cart,John Hardy Women's Legends Naga Gold & Silver Dragon Station Chain Bracelet,jewelery,695,4.599999904632568,reseaux_sociaux,3,Proposer livraison gratuite,excellent quality
3f73feaa,147,search,Solid Gold Petite Micropave ,jewelery,168,3.9000000953674316,email,1,Continuer navigation,very happy with my purchase
398d4903,178,search,White Gold Plated Princess,jewelery,9.989999771118164,3,pub,1,Continuer navigation,excellent quality
54833eb5,160,search,Pierced Owl Rose Gold Plated Stainless Steel Double,jewelery,10.989999771118164,1.899999976158142,direct,1,Continuer navigation,awesome product
7143f25f,120,view,WD 2TB Elements Portable External Hard Drive - USB 3.0 ,electronics,64,3.299999952316284,pub,1,Continuer navigation,awesome product
7a1ff4a6,47,purchase,SanDisk SSD PLUS 1TB Internal SSD - SATA III 6 Gb/s,electronics,109,2.9000000953674316,email,5,Suggerer produits similaires,would buy again
f98b7c52,122,view,Silicon Power 256GB SSD 3D NAND A55 SLC Cache Performance Boost SATA III 2.5,electronics,109,4.800000190734863,pub,1,Continuer navigation,very dissatisfied
815794c8,146,purchase,WD 4TB Gaming Drive Works with Playstation 4 Portable External Hard Drive,electronics,114,4.800000190734863,reseaux_sociaux,5,Suggerer produits similaires,highly impressed
a2b0fd18,19,add_to_cart,Acer SB220Q bi 21.5 inches Full HD (1920 x 1080) IPS Ultra-Thin,electronics,599,2.9000000953674316,pub,3,Proposer livraison gratuite,would not recommend
f6061f18,79,purchase,Samsung 49-Inch CHG90 144Hz Curved Gaming Monitor (LC49HG90DMNXZA) – Super Ultrawide Screen QLED ,electronics,999.989990234375,2.200000047683716,pub,5,Suggerer produits similaires,excellent quality
0d297ab1,136,purchase,BIYLACLESEN Women's 3-in-1 Snowboard Jacket Winter Coats,women's clothing,56.9900016784668,2.5999999046325684,email,5,Suggerer produits similaires,would buy again
041d0fcf,8,view,Lock and Love Women's Removable Hooded Faux Leather Moto Biker Jacket,women's clothing,29.950000762939453,2.9000000953674316,pub,1,Continuer navigation,excellent quality
3f055ce0,164,search,Rain Jacket Women Windbreaker Striped Climbing Raincoats,women's clothing,39.9900016784668,3.799999952316284,direct,1,Continuer navigation,would buy again
1b841c38,19,add_to_cart,MBJ Women's Solid Short Sleeve Boat Neck V ,women's clothing,9.850000381469727,4.699999809265137,google,3,Proposer livraison gratuite,awesome product
049dffd8,61,search,Opna Women's Short Sleeve Moisture,women's clothing,7.949999809265137,4.5,direct,1,Continuer navigation,would not recommend
2ccde04b,151,view,DANVOUY Womens T Shirt Casual Cotton Short,women's clothing,12.989999771118164,3.5999999046325684,pub,1,Continuer navigation,great product
594d66a2,59,search,"Fjallraven - Foldsack No. 1 Backpack, Fits 15 Laptops",men's clothing,109.94999694824219,3.9000000953674316,email,1,Continuer navigation,would buy again
6b9dc1c2,135,search,Mens Casual Premium Slim Fit T-Shirts ,men's clothing,22.299999237060547,4.099999904632568,direct,1,Continuer navigation,would not recommend
d61ddcdb,59,add_to_cart,Mens Cotton Jacket,men's clothing,55.9900016784668,4.699999809265137,google,3,Proposer livraison gratuite,highly recommended
009e3c94,6,view,Mens Casual Slim Fit,men's clothing,15.989999771118164,2.0999999046325684,pub,1,Continuer navigation,very dissatisfied
38e31fd2,159,view,John Hardy Women's Legends Naga Gold & Silver Dragon Station Chain Bracelet,jewelery,695,4.599999904632568,email,1,Continuer navigation,fast shipping
f604000b,138,search,Solid Gold Petite Micropave ,jewelery,168,3.9000000953674316,google,1,Continuer navigation,great product
e684bf62,125,add_to_cart,White Gold Plated Princess,jewelery,9.989999771118164,3,pub,3,Proposer livraison gratuite,great value for money
2ac5a16c,114,purchase,Pierced Owl Rose Gold Plated Stainless Steel Double,jewelery,10.989999771118164,1.899999976158142,reseaux_sociaux,5,Suggerer produits similaires,highly impressed
9e7dafd4,142,search,WD 2TB Elements Portable External Hard Drive - USB 3.0 ,electronics,64,3.299999952316284,pub,1,Continuer navigation,very unhappy with my purchase
2aac1610,116,search,SanDisk SSD PLUS 1TB Internal SSD - SATA III 6 Gb/s,electronics,109,2.9000000953674316,reseaux_sociaux,1,Continuer navigation,highly recommended
5d098b57,178,abandon,Silicon Power 256GB SSD 3D NAND A55 SLC Cache Performance Boost SATA III 2.5,electronics,109,4.800000190734863,pub,-1,Envoyer coupon -20%,would not recommend
b6deffeb,106,add_to_cart,WD 4TB Gaming Drive Works with Playstation 4 Portable External Hard Drive,electronics,114,4.800000190734863,reseaux_sociaux,3,Proposer livraison gratuite,would buy again
6f9678f6,184,purchase,Acer SB220Q bi 21.5 inches Full HD (1920 x 1080) IPS Ultra-Thin,electronics,599,2.9000000953674316,google,5,Suggerer produits similaires,great value for money
97480fe3,8,add_to_cart,Samsung 49-Inch CHG90 144Hz Curved Gaming Monitor (LC49HG90DMNXZA) – Super Ultrawide Screen QLED ,electronics,999.989990234375,2.200000047683716,email,3,Proposer livraison gratuite,would not recommend
abb28388,45,search,BIYLACLESEN Women's 3-in-1 Snowboard Jacket Winter Coats,women's clothing,56.9900016784668,2.5999999046325684,email,1,Continuer navigation,very happy with my purchase
c57e9792,73,view,Lock and Love Women's Removable Hooded Faux Leather Moto Biker Jacket,women's clothing,29.950000762939453,2.9000000953674316,google,1,Continuer navigation,excellent quality
63272606,109,abandon,Rain Jacket Women Windbreaker Striped Climbing Raincoats,women's clothing,39.9900016784668,3.799999952316284,pub,-1,Envoyer coupon -20%,would buy again
1e44542f,146,purchase,MBJ Women's Solid Short Sleeve Boat Neck V ,women's clothing,9.850000381469727,4.699999809265137,direct,5,Suggerer produits similaires,highly recommended
fca9de60,141,purchase,Opna Women's Short Sleeve Moisture,women's clothing,7.949999809265137,4.5,reseaux_sociaux,5,Suggerer produits similaires,not as described
f29cbe6e,94,purchase,DANVOUY Womens T Shirt Casual Cotton Short,women's clothing,12.989999771118164,3.5999999046325684,email,5,Suggerer produits similaires,poor quality
20faeb73,34,purchase,"Fjallraven - Foldsack No. 1 Backpack, Fits 15 Laptops",men's clothing,109.94999694824219,3.9000000953674316,google,5,Suggerer produits similaires,awesome product
6d211f40,35,view,Mens Casual Premium Slim Fit T-Shirts ,men's clothing,22.299999237060547,4.099999904632568,direct,1,Continuer navigation,excellent quality
b0213535,172,purchase,Mens Cotton Jacket,men's clothing,55.9900016784668,4.699999809265137,google,5,Suggerer produits similaires,highly impressed
2964ebb1,37,abandon,Mens Casual Slim Fit,men's clothing,15.989999771118164,2.0999999046325684,pub,-1,Envoyer coupon -20%,fast shipping
eef80deb,120,purchase,John Hardy Women's Legends Naga Gold & Silver Dragon Station Chain Bracelet,jewelery,695,4.599999904632568,direct,5,Suggerer produits similaires,great value for money
1e60c5c9,157,view,Solid Gold Petite Micropave ,jewelery,168,3.9000000953674316,email,1,Continuer navigation,would buy again
2e2baa89,198,abandon,White Gold Plated Princess,jewelery,9.989999771118164,3,direct,-1,Envoyer coupon -20%,would buy again
5aac3a4b,114,view,Pierced Owl Rose Gold Plated Stainless Steel Double,jewelery,10.989999771118164,1.899999976158142,google,1,Continuer navigation,fast shipping
29745f9a,148,add_to_cart,WD 2TB Elements Portable External Hard Drive - USB 3.0 ,electronics,64,3.299999952316284,email,3,Proposer livraison gratuite,would buy again
1912148a,8,add_to_cart,SanDisk SSD PLUS 1TB Internal SSD - SATA III 6 Gb/s,electronics,109,2.9000000953674316,email,3,Proposer livraison gratuite,very pleased
903284f2,34,purchase,Silicon Power 256GB SSD 3D NAND A55 SLC Cache Performance Boost SATA III 2.5,electronics,109,4.800000190734863,email,5,Suggerer produits similaires,great value for money
f5a1d8d2,17,abandon,WD 4TB Gaming Drive Works with Playstation 4 Portable External Hard Drive,electronics,114,4.800000190734863,reseaux_sociaux,-1,Envoyer coupon -20%,would not recommend
21e1c0aa,183,add_to_cart,Acer SB220Q bi 21.5 inches Full HD (1920 x 1080) IPS Ultra-Thin,electronics,599,2.9000000953674316,reseaux_sociaux,3,Proposer livraison gratuite,great value for money
9191f394,94,view,Samsung 49-Inch CHG90 144Hz Curved Gaming Monitor (LC49HG90DMNXZA) – Super Ultrawide Screen QLED ,electronics,999.989990234375,2.200000047683716,email,1,Continuer navigation,awesome product
d6ae54cd,33,abandon,BIYLACLESEN Women's 3-in-1 Snowboard Jacket Winter Coats,women's clothing,56.9900016784668,2.5999999046325684,pub,-1,Envoyer coupon -20%,would not recommend
48d60eb8,44,purchase,Lock and Love Women's Removable Hooded Faux Leather Moto Biker Jacket,women's clothing,29.950000762939453,2.9000000953674316,google,5,Suggerer produits similaires,very satisfied
60428bcf,182,view,Rain Jacket Women Windbreaker Striped Climbing Raincoats,women's clothing,39.9900016784668,3.799999952316284,google,1,Continuer navigation,excellent quality
f18754ae,119,abandon,MBJ Women's Solid Short Sleeve Boat Neck V ,women's clothing,9.850000381469727,4.699999809265137,pub,-1,Envoyer coupon -20%,would buy again
1f2722b4,123,search,Opna Women's Short Sleeve Moisture,women's clothing,7.949999809265137,4.5,email,1,Continuer navigation,excellent quality
b3f48f47,72,abandon,DANVOUY Womens T Shirt Casual Cotton Short,women's clothing,12.989999771118164,3.5999999046325684,email,-1,Envoyer coupon -20%,very dissatisfied
88d21a58,132,purchase,"Fjallraven - Foldsack No. 1 Backpack, Fits 15 Laptops",men's clothing,109.94999694824219,3.9000000953674316,pub,5,Suggerer produits similaires,very unhappy with my purchase
6e967906,63,view,Mens Casual Premium Slim Fit T-Shirts ,men's clothing,22.299999237060547,4.099999904632568,email,1,Continuer navigation,would not buy again
74e4cce8,178,abandon,Mens Cotton Jacket,men's clothing,55.9900016784668,4.699999809265137,google,-1,Envoyer coupon -20%,would not recommend
9d98daaa,200,abandon,Mens Casual Slim Fit,men's clothing,15.989999771118164,2.0999999046325684,reseaux_sociaux,-1,Envoyer coupon -20%,would buy again
640558b0,1,purchase,John Hardy Women's Legends Naga Gold & Silver Dragon Station Chain Bracelet,jewelery,695,4.599999904632568,email,5,Suggerer produits similaires,very unhappy with my purchase
657f9f2e,139,view,Solid Gold Petite Micropave ,jewelery,168,3.9000000953674316,direct,1,Continuer navigation,very disappointed
e5dcf141,61,view,White Gold Plated Princess,jewelery,9.989999771118164,3,direct,1,Continuer navigation,highly recommended
1fd7fd39,16,abandon,Pierced Owl Rose Gold Plated Stainless Steel Double,jewelery,10.989999771118164,1.899999976158142,email,-1,Envoyer coupon -20%,fast shipping
3c936e9b,171,add_to_cart,WD 2TB Elements Portable External Hard Drive - USB 3.0 ,electronics,64,3.299999952316284,direct,3,Proposer livraison gratuite,great value for money
b127ce79,179,search,SanDisk SSD PLUS 1TB Internal SSD - SATA III 6 Gb/s,electronics,109,2.9000000953674316,email,1,Continuer navigation,very happy with my purchase
fbb5c08c,26,abandon,Silicon Power 256GB SSD 3D NAND A55 SLC Cache Performance Boost SATA III 2.5,electronics,109,4.800000190734863,pub,-1,Envoyer coupon -20%,poor quality
d91a16fe,126,abandon,WD 4TB Gaming Drive Works with Playstation 4 Portable External Hard Drive,electronics,114,4.800000190734863,google,-1,Envoyer coupon -20%,not as described
baef5f62,19,purchase,Acer SB220Q bi 21.5 inches Full HD (1920 x 1080) IPS Ultra-Thin,electronics,599,2.9000000953674316,google,5,Suggerer produits similaires,very unhappy with my purchase
d90ed735,118,abandon,Samsung 49-Inch CHG90 144Hz Curved Gaming Monitor (LC49HG90DMNXZA) – Super Ultrawide Screen QLED ,electronics,999.989990234375,2.200000047683716,reseaux_sociaux,-1,Envoyer coupon -20%,would not recommend
57cb55fc,127,search,BIYLACLESEN Women's 3-in-1 Snowboard Jacket Winter Coats,women's clothing,56.9900016784668,2.5999999046325684,pub,1,Continuer navigation,highly impressed
1b377a91,24,abandon,Lock and Love Women's Removable Hooded Faux Leather Moto Biker Jacket,women's clothing,29.950000762939453,2.9000000953674316,pub,-1,Envoyer coupon -20%,very happy with my purchase
0cc8d652,180,abandon,Rain Jacket Women Windbreaker Striped Climbing Raincoats,women's clothing,39.9900016784668,3.799999952316284,email,-1,Envoyer coupon -20%,would buy again
e1c7348a,6,purchase,MBJ Women's Solid Short Sleeve Boat Neck V ,women's clothing,9.850000381469727,4.699999809265137,google,5,Suggerer produits similaires,very happy with my purchase
5e119bbb,47,abandon,Opna Women's Short Sleeve Moisture,women's clothing,7.949999809265137,4.5,pub,-1,Envoyer coupon -20%,would not recommend
8bfce691,80,abandon,DANVOUY Womens T Shirt Casual Cotton Short,women's clothing,12.989999771118164,3.5999999046325684,pub,-1,Envoyer coupon -20%,awesome product
f62d2b0d,122,search,"Fjallraven - Foldsack No. 1 Backpack, Fits 15 Laptops",men's clothing,109.94999694824219,3.9000000953674316,pub,1,Continuer navigation,poor quality
fda64ac9,47,view,Mens Casual Premium Slim Fit T-Shirts ,men's clothing,22.299999237060547,4.099999904632568,direct,1,Continuer navigation,very pleased
73c0b589,71,search,Mens Cotton Jacket,men's clothing,55.9900016784668,4.699999809265137,google,1,Continuer navigation,excellent quality
0bce3661,67,search,Mens Casual Slim Fit,men's clothing,15.989999771118164,2.0999999046325684,email,1,Continuer navigation,poor quality
1e179864,12,add_to_cart,John Hardy Women's Legends Naga Gold & Silver Dragon Station Chain Bracelet,jewelery,695,4.599999904632568,email,3,Proposer livraison gratuite,highly impressed
eddf167a,77,abandon,Solid Gold Petite Micropave ,jewelery,168,3.9000000953674316,reseaux_sociaux,-1,Envoyer coupon -20%,great value for money
49595f9c,128,add_to_cart,White Gold Plated Princess,jewelery,9.989999771118164,3,direct,3,Proposer livraison gratuite,great product
50ce363f,158,view,Pierced Owl Rose Gold Plated Stainless Steel Double,jewelery,10.989999771118164,1.899999976158142,reseaux_sociaux,1,Continuer navigation,great product
60be7fc4,127,search,WD 2TB Elements Portable External Hard Drive - USB 3.0 ,electronics,64,3.299999952316284,google,1,Continuer navigation,very dissatisfied
59d5ea09,171,search,SanDisk SSD PLUS 1TB Internal SSD - SATA III 6 Gb/s,electronics,109,2.9000000953674316,pub,1,Continuer navigation,awesome product
a1ce4da1,16,abandon,Silicon Power 256GB SSD 3D NAND A55 SLC Cache Performance Boost SATA III 2.5,electronics,109,4.800000190734863,email,-1,Envoyer coupon -20%,great product
971b9939,160,search,WD 4TB Gaming Drive Works with Playstation 4 Portable External Hard Drive,electronics,114,4.800000190734863,direct,1,Continuer navigation,very dissatisfied
8712be85,180,view,Acer SB220Q bi 21.5 inches Full HD (1920 x 1080) IPS Ultra-Thin,electronics,599,2.9000000953674316,direct,1,Continuer navigation,poor quality
d1ceed4c,135,purchase,Samsung 49-Inch CHG90 144Hz Curved Gaming Monitor (LC49HG90DMNXZA) – Super Ultrawide Screen QLED ,electronics,999.989990234375,2.200000047683716,google,5,Suggerer produits similaires,very satisfied
c686a005,102,view,BIYLACLESEN Women's 3-in-1 Snowboard Jacket Winter Coats,women's clothing,56.9900016784668,2.5999999046325684,pub,1,Continuer navigation,would not recommend
55b5b532,194,search,Lock and Love Women's Removable Hooded Faux Leather Moto Biker Jacket,women's clothing,29.950000762939453,2.9000000953674316,direct,1,Continuer navigation,awesome product
e11ecaff,49,purchase,Rain Jacket Women Windbreaker Striped Climbing Raincoats,women's clothing,39.9900016784668,3.799999952316284,google,5,Suggerer produits similaires,very happy with my purchase
203cce49,12,purchase,MBJ Women's Solid Short Sleeve Boat Neck V ,women's clothing,9.850000381469727,4.699999809265137,google,5,Suggerer produits similaires,highly impressed
4a1ddd8e,32,search,Opna Women's Short Sleeve Moisture,women's clothing,7.949999809265137,4.5,google,1,Continuer navigation,highly impressed
25737001,76,search,DANVOUY Womens T Shirt Casual Cotton Short,women's clothing,12.989999771118164,3.5999999046325684,pub,1,Continuer navigation,would not recommend
e46ef4cf,85,abandon,"Fjallraven - Foldsack No. 1 Backpack, Fits 15 Laptops",men's clothing,109.94999694824219,3.9000000953674316,google,-1,Envoyer coupon -20%,highly recommended
4cee35c0,83,view,Mens Casual Premium Slim Fit T-Shirts ,men's clothing,22.299999237060547,4.099999904632568,google,1,Continuer navigation,excellent quality
7eb4bf35,108,purchase,Mens Cotton Jacket,men's clothing,55.9900016784668,4.699999809265137,reseaux_sociaux,5,Suggerer produits similaires,poor quality
8946fa0c,64,abandon,Mens Casual Slim Fit,men's clothing,15.989999771118164,2.0999999046325684,reseaux_sociaux,-1,Envoyer coupon -20%,great product
73fc51f4,58,view,John Hardy Women's Legends Naga Gold & Silver Dragon Station Chain Bracelet,jewelery,695,4.599999904632568,google,1,Continuer navigation,fast shipping
779b72a5,22,abandon,Solid Gold Petite Micropave ,jewelery,168,3.9000000953674316,google,-1,Envoyer coupon -20%,would buy again
e1506655,122,abandon,White Gold Plated Princess,jewelery,9.989999771118164,3,direct,-1,Envoyer coupon -20%,highly impressed
6efca9f5,185,view,Pierced Owl Rose Gold Plated Stainless Steel Double,jewelery,10.989999771118164,1.899999976158142,reseaux_sociaux,1,Continuer navigation,highly recommended
77e570ed,80,view,WD 2TB Elements Portable External Hard Drive - USB 3.0 ,electronics,64,3.299999952316284,pub,1,Continuer navigation,great product
6830bff5,139,view,SanDisk SSD PLUS 1TB Internal SSD - SATA III 6 Gb/s,electronics,109,2.9000000953674316,reseaux_sociaux,1,Continuer navigation,great product
8cd79373,57,view,Silicon Power 256GB SSD 3D NAND A55 SLC Cache Performance Boost SATA III 2.5,electronics,109,4.800000190734863,pub,1,Continuer navigation,not worth the price
a0846300,39,view,WD 4TB Gaming Drive Works with Playstation 4 Portable External Hard Drive,electronics,114,4.800000190734863,reseaux_sociaux,1,Continuer navigation,great product
abbe6ece,141,abandon,Acer SB220Q bi 21.5 inches Full HD (1920 x 1080) IPS Ultra-Thin,electronics,599,2.9000000953674316,pub,-1,Envoyer coupon -20%,great product
f84f1607,7,add_to_cart,Samsung 49-Inch CHG90 144Hz Curved Gaming Monitor (LC49HG90DMNXZA) – Super Ultrawide Screen QLED ,electronics,999.989990234375,2.200000047683716,pub,3,Proposer livraison gratuite,excellent quality
5fb382b9,103,purchase,BIYLACLESEN Women's 3-in-1 Snowboard Jacket Winter Coats,women's clothing,56.9900016784668,2.5999999046325684,reseaux_sociaux,5,Suggerer produits similaires,awesome product
25a3af74,81,search,Lock and Love Women's Removable Hooded Faux Leather Moto Biker Jacket,women's clothing,29.950000762939453,2.9000000953674316,email,1,Continuer navigation,poor quality
ab9d2064,80,search,Rain Jacket Women Windbreaker Striped Climbing Raincoats,women's clothing,39.9900016784668,3.799999952316284,direct,1,Continuer navigation,highly recommended
8a4d3770,137,search,MBJ Women's Solid Short Sleeve Boat Neck V ,women's clothing,9.850000381469727,4.699999809265137,email,1,Continuer navigation,excellent quality
51ab75df,12,search,Opna Women's Short Sleeve Moisture,women's clothing,7.949999809265137,4.5,pub,1,Continuer navigation,very pleased
c3b1c4f0,43,search,DANVOUY Womens T Shirt Casual Cotton Short,women's clothing,12.989999771118164,3.5999999046325684,reseaux_sociaux,1,Continuer navigation,excellent quality
98167c4a,165,abandon,"Fjallraven - Foldsack No. 1 Backpack, Fits 15 Laptops",men's clothing,109.94999694824219,3.9000000953674316,email,-1,Envoyer coupon -20%,highly impressed
8bc90909,85,search,Mens Casual Premium Slim Fit T-Shirts ,men's clothing,22.299999237060547,4.099999904632568,pub,1,Continuer navigation,very satisfied
030fc3c7,119,view,Mens Cotton Jacket,men's clothing,55.9900016784668,4.699999809265137,email,1,Continuer navigation,highly recommended
bc6eba80,170,purchase,Mens Casual Slim Fit,men's clothing,15.989999771118164,2.0999999046325684,email,5,Suggerer produits similaires,would not buy again
40ccb1b7,84,purchase,John Hardy Women's Legends Naga Gold & Silver Dragon Station Chain Bracelet,jewelery,695,4.599999904632568,pub,5,Suggerer produits similaires,highly recommended
6da26f24,19,search,Solid Gold Petite Micropave ,jewelery,168,3.9000000953674316,direct,1,Continuer navigation,would not recommend
2adc6df7,42,search,White Gold Plated Princess,jewelery,9.989999771118164,3,direct,1,Continuer navigation,highly recommended
1d57259e,67,search,Pierced Owl Rose Gold Plated Stainless Steel Double,jewelery,10.989999771118164,1.899999976158142,reseaux_sociaux,1,Continuer navigation,great value for money
92c22080,32,add_to_cart,WD 2TB Elements Portable External Hard Drive - USB 3.0 ,electronics,64,3.299999952316284,pub,3,Proposer livraison gratuite,highly impressed
8bea23e1,29,abandon,SanDisk SSD PLUS 1TB Internal SSD - SATA III 6 Gb/s,electronics,109,2.9000000953674316,reseaux_sociaux,-1,Envoyer coupon -20%,very unhappy with my purchase
07f9efb0,71,view,Silicon Power 256GB SSD 3D NAND A55 SLC Cache Performance Boost SATA III 2.5,electronics,109,4.800000190734863,pub,1,Continuer navigation,very happy with my purchase
c5ca4c95,186,view,WD 4TB Gaming Drive Works with Playstation 4 Portable External Hard Drive,electronics,114,4.800000190734863,pub,1,Continuer navigation,poor quality
f1ea6bd4,192,add_to_cart,Acer SB220Q bi 21.5 inches Full HD (1920 x 1080) IPS Ultra-Thin,electronics,599,2.9000000953674316,reseaux_sociaux,3,Proposer livraison gratuite,very unhappy with my purchase
1e6b297b,198,search,Samsung 49-Inch CHG90 144Hz Curved Gaming Monitor (LC49HG90DMNXZA) – Super Ultrawide Screen QLED ,electronics,999.989990234375,2.200000047683716,email,1,Continuer navigation,not worth the price
83f20aa3,61,add_to_cart,BIYLACLESEN Women's 3-in-1 Snowboard Jacket Winter Coats,women's clothing,56.9900016784668,2.5999999046325684,pub,3,Proposer livraison gratuite,highly impressed
e7ca6e01,49,abandon,Lock and Love Women's Removable Hooded Faux Leather Moto Biker Jacket,women's clothing,29.950000762939453,2.9000000953674316,direct,-1,Envoyer coupon -20%,very unhappy with my purchase
e0b647b6,141,view,Rain Jacket Women Windbreaker Striped Climbing Raincoats,women's clothing,39.9900016784668,3.799999952316284,google,1,Continuer navigation,poor quality
ed583f99,37,add_to_cart,MBJ Women's Solid Short Sleeve Boat Neck V ,women's clothing,9.850000381469727,4.699999809265137,direct,3,Proposer livraison gratuite,very happy with my purchase
17e875b3,193,search,Opna Women's Short Sleeve Moisture,women's clothing,7.949999809265137,4.5,email,1,Continuer navigation,great value for money
a2a9d682,28,add_to_cart,DANVOUY Womens T Shirt Casual Cotton Short,women's clothing,12.989999771118164,3.5999999046325684,google,3,Proposer livraison gratuite,fast shipping
eb39c687,9,add_to_cart,"Fjallraven - Foldsack No. 1 Backpack, Fits 15 Laptops",men's clothing,109.94999694824219,3.9000000953674316,email,3,Proposer livraison gratuite,great value for money
ed27fc2a,81,add_to_cart,Mens Casual Premium Slim Fit T-Shirts ,men's clothing,22.299999237060547,4.099999904632568,google,3,Proposer livraison gratuite,very happy with my purchase
eaee169b,170,view,Mens Cotton Jacket,men's clothing,55.9900016784668,4.699999809265137,pub,1,Continuer navigation,very satisfied
ca429ee4,136,abandon,Mens Casual Slim Fit,men's clothing,15.989999771118164,2.0999999046325684,direct,-1,Envoyer coupon -20%,highly impressed
19adebac,4,abandon,John Hardy Women's Legends Naga Gold & Silver Dragon Station Chain Bracelet,jewelery,695,4.599999904632568,direct,-1,Envoyer coupon -20%,very unhappy with my purchase
b38db383,163,add_to_cart,Solid Gold Petite Micropave ,jewelery,168,3.9000000953674316,reseaux_sociaux,3,Proposer livraison gratuite,very pleased
81ce5ca5,71,view,White Gold Plated Princess,jewelery,9.989999771118164,3,direct,1,Continuer navigation,very unhappy with my purchase
e8ed231f,9,search,Pierced Owl Rose Gold Plated Stainless Steel Double,jewelery,10.989999771118164,1.899999976158142,google,1,Continuer navigation,excellent quality
f4a507e4,23,purchase,WD 2TB Elements Portable External Hard Drive - USB 3.0 ,electronics,64,3.299999952316284,google,5,Suggerer produits similaires,highly impressed
77af0266,51,search,SanDisk SSD PLUS 1TB Internal SSD - SATA III 6 Gb/s,electronics,109,2.9000000953674316,email,1,Continuer navigation,very disappointed
31501a5c,138,search,Silicon Power 256GB SSD 3D NAND A55 SLC Cache Performance Boost SATA III 2.5,electronics,109,4.800000190734863,direct,1,Continuer navigation,not as described
15f82185,53,add_to_cart,WD 4TB Gaming Drive Works with Playstation 4 Portable External Hard Drive,electronics,114,4.800000190734863,email,3,Proposer livraison gratuite,highly recommended
594f590a,123,search,Acer SB220Q bi 21.5 inches Full HD (1920 x 1080) IPS Ultra-Thin,electronics,599,2.9000000953674316,direct,1,Continuer navigation,awesome product
985266cf,200,view,Samsung 49-Inch CHG90 144Hz Curved Gaming Monitor (LC49HG90DMNXZA) – Super Ultrawide Screen QLED ,electronics,999.989990234375,2.200000047683716,direct,1,Continuer navigation,highly impressed
74363880,171,add_to_cart,BIYLACLESEN Women's 3-in-1 Snowboard Jacket Winter Coats,women's clothing,56.9900016784668,2.5999999046325684,email,3,Proposer livraison gratuite,very happy with my purchase
68cb1705,142,purchase,Lock and Love Women's Removable Hooded Faux Leather Moto Biker Jacket,women's clothing,29.950000762939453,2.9000000953674316,pub,5,Suggerer produits similaires,great product
15aafeab,17,view,Rain Jacket Women Windbreaker Striped Climbing Raincoats,women's clothing,39.9900016784668,3.799999952316284,pub,1,Continuer navigation,poor quality
6c23cd91,175,search,MBJ Women's Solid Short Sleeve Boat Neck V ,women's clothing,9.850000381469727,4.699999809265137,reseaux_sociaux,1,Continuer navigation,very dissatisfied
84f36933,156,abandon,Opna Women's Short Sleeve Moisture,women's clothing,7.949999809265137,4.5,email,-1,Envoyer coupon -20%,excellent quality
29805dd3,170,abandon,DANVOUY Womens T Shirt Casual Cotton Short,women's clothing,12.989999771118164,3.5999999046325684,email,-1,Envoyer coupon -20%,poor quality
ece16230,46,abandon,"Fjallraven - Foldsack No. 1 Backpack, Fits 15 Laptops",men's clothing,109.94999694824219,3.9000000953674316,email,-1,Envoyer coupon -20%,poor quality
eeb297f9,126,view,Mens Casual Premium Slim Fit T-Shirts ,men's clothing,22.299999237060547,4.099999904632568,reseaux_sociaux,1,Continuer navigation,very unhappy with my purchase
8ebdc1a6,9,search,Mens Cotton Jacket,men's clothing,55.9900016784668,4.699999809265137,pub,1,Continuer navigation,would not recommend
3ba8bbc1,87,abandon,Mens Casual Slim Fit,men's clothing,15.989999771118164,2.0999999046325684,google,-1,Envoyer coupon -20%,poor quality
1e70d32c,28,add_to_cart,John Hardy Women's Legends Naga Gold & Silver Dragon Station Chain Bracelet,jewelery,695,4.599999904632568,email,3,Proposer livraison gratuite,would not recommend
9e7ce3e0,163,search,Solid Gold Petite Micropave ,jewelery,168,3.9000000953674316,reseaux_sociaux,1,Continuer navigation,fast shipping
bfba9907,158,add_to_cart,White Gold Plated Princess,jewelery,9.989999771118164,3,google,3,Proposer livraison gratuite,very unhappy with my purchase
f3b53d9e,199,purchase,Pierced Owl Rose Gold Plated Stainless Steel Double,jewelery,10.989999771118164,1.899999976158142,google,5,Suggerer produits similaires,very satisfied
ca0d25cd,30,purchase,WD 2TB Elements Portable External Hard Drive - USB 3.0 ,electronics,64,3.299999952316284,reseaux_sociaux,5,Suggerer produits similaires,poor quality
58dc76c6,46,purchase,SanDisk SSD PLUS 1TB Internal SSD - SATA III 6 Gb/s,electronics,109,2.9000000953674316,reseaux_sociaux,5,Suggerer produits similaires,excellent quality
1b99151d,166,purchase,Silicon Power 256GB SSD 3D NAND A55 SLC Cache Performance Boost SATA III 2.5,electronics,109,4.800000190734863,direct,5,Suggerer produits similaires,highly impressed
cf3ea5f0,162,purchase,WD 4TB Gaming Drive Works with Playstation 4 Portable External Hard Drive,electronics,114,4.800000190734863,direct,5,Suggerer produits similaires,excellent quality
f2b071a7,74,view,Acer SB220Q bi 21.5 inches Full HD (1920 x 1080) IPS Ultra-Thin,electronics,599,2.9000000953674316,direct,1,Continuer navigation,poor quality
c0eea4f2,11,abandon,Samsung 49-Inch CHG90 144Hz Curved Gaming Monitor (LC49HG90DMNXZA) – Super Ultrawide Screen QLED ,electronics,999.989990234375,2.200000047683716,email,-1,Envoyer coupon -20%,would buy again
ba43b60d,83,abandon,BIYLACLESEN Women's 3-in-1 Snowboard Jacket Winter Coats,women's clothing,56.9900016784668,2.5999999046325684,pub,-1,Envoyer coupon -20%,would buy again
e551d82c,134,view,Lock and Love Women's Removable Hooded Faux Leather Moto Biker Jacket,women's clothing,29.950000762939453,2.9000000953674316,google,1,Continuer navigation,not as described
346b018c,105,abandon,Rain Jacket Women Windbreaker Striped Climbing Raincoats,women's clothing,39.9900016784668,3.799999952316284,email,-1,Envoyer coupon -20%,great product
d5dbd9bb,95,abandon,MBJ Women's Solid Short Sleeve Boat Neck V ,women's clothing,9.850000381469727,4.699999809265137,reseaux_sociaux,-1,Envoyer coupon -20%,fast shipping
180a302f,116,purchase,Opna Women's Short Sleeve Moisture,women's clothing,7.949999809265137,4.5,google,5,Suggerer produits similaires,poor quality
3e1f92db,118,view,DANVOUY Womens T Shirt Casual Cotton Short,women's clothing,12.989999771118164,3.5999999046325684,google,1,Continuer navigation,great product
f0fa151c,32,search,"Fjallraven - Foldsack No. 1 Backpack, Fits 15 Laptops",men's clothing,109.94999694824219,3.9000000953674316,google,1,Continuer navigation,would not recommend
7d62bbc5,199,search,Mens Casual Premium Slim Fit T-Shirts ,men's clothing,22.299999237060547,4.099999904632568,direct,1,Continuer navigation,would buy again
5ec38f47,31,abandon,Mens Cotton Jacket,men's clothing,55.9900016784668,4.699999809265137,direct,-1,Envoyer coupon -20%,excellent quality
d3fcb2e4,16,view,Mens Casual Slim Fit,men's clothing,15.989999771118164,2.0999999046325684,reseaux_sociaux,1,Continuer navigation,very satisfied
0bd007bb,100,add_to_cart,John Hardy Women's Legends Naga Gold & Silver Dragon Station Chain Bracelet,jewelery,695,4.599999904632568,reseaux_sociaux,3,Proposer livraison gratuite,very disappointed
83d482b1,81,purchase,Solid Gold Petite Micropave ,jewelery,168,3.9000000953674316,email,5,Suggerer produits similaires,disappointing product
049b7309,116,search,White Gold Plated Princess,jewelery,9.989999771118164,3,email,1,Continuer navigation,highly impressed
d248598a,50,add_to_cart,Pierced Owl Rose Gold Plated Stainless Steel Double,jewelery,10.989999771118164,1.899999976158142,email,3,Proposer livraison gratuite,would buy again
53cf2e10,183,purchase,WD 2TB Elements Portable External Hard Drive - USB 3.0 ,electronics,64,3.299999952316284,direct,5,Suggerer produits similaires,very disappointed
c1855d5f,82,view,SanDisk SSD PLUS 1TB Internal SSD - SATA III 6 Gb/s,electronics,109,2.9000000953674316,email,1,Continuer navigation,great product
32a32721,143,search,Silicon Power 256GB SSD 3D NAND A55 SLC Cache Performance Boost SATA III 2.5,electronics,109,4.800000190734863,google,1,Continuer navigation,awesome product
6975baaa,185,add_to_cart,WD 4TB Gaming Drive Works with Playstation 4 Portable External Hard Drive,electronics,114,4.800000190734863,google,3,Proposer livraison gratuite,great product
dbd09b33,153,abandon,Acer SB220Q bi 21.5 inches Full HD (1920 x 1080) IPS Ultra-Thin,electronics,599,2.9000000953674316,pub,-1,Envoyer coupon -20%,would not recommend
be5d6f13,194,add_to_cart,Samsung 49-Inch CHG90 144Hz Curved Gaming Monitor (LC49HG90DMNXZA) – Super Ultrawide Screen QLED ,electronics,999.989990234375,2.200000047683716,google,3,Proposer livraison gratuite,highly recommended
c3a6a168,6,view,BIYLACLESEN Women's 3-in-1 Snowboard Jacket Winter Coats,women's clothing,56.9900016784668,2.5999999046325684,direct,1,Continuer navigation,very happy with my purchase
83fba7e6,101,search,Lock and Love Women's Removable Hooded Faux Leather Moto Biker Jacket,women's clothing,29.950000762939453,2.9000000953674316,email,1,Continuer navigation,would buy again
bf39552d,5,add_to_cart,Rain Jacket Women Windbreaker Striped Climbing Raincoats,women's clothing,39.9900016784668,3.799999952316284,email,3,Proposer livraison gratuite,excellent quality
e6195d70,164,view,MBJ Women's Solid Short Sleeve Boat Neck V ,women's clothing,9.850000381469727,4.699999809265137,google,1,Continuer navigation,highly impressed
171a71b7,59,abandon,Opna Women's Short Sleeve Moisture,women's clothing,7.949999809265137,4.5,direct,-1,Envoyer coupon -20%,would not buy again
936e97cd,10,add_to_cart,DANVOUY Womens T Shirt Casual Cotton Short,women's clothing,12.989999771118164,3.5999999046325684,email,3,Proposer livraison gratuite,fast shipping
6db853d2,124,purchase,"Fjallraven - Foldsack No. 1 Backpack, Fits 15 Laptops",men's clothing,109.94999694824219,3.9000000953674316,email,5,Suggerer produits similaires,waste of money
0b426a69,104,purchase,Mens Casual Premium Slim Fit T-Shirts ,men's clothing,22.299999237060547,4.099999904632568,reseaux_sociaux,5,Suggerer produits similaires,fast shipping
4dc7c684,197,add_to_cart,Mens Cotton Jacket,men's clothing,55.9900016784668,4.699999809265137,email,3,Proposer livraison gratuite,fast shipping
1acdea25,71,search,Mens Casual Slim Fit,men's clothing,15.989999771118164,2.0999999046325684,direct,1,Continuer navigation,very unhappy with my purchase
712f0038,24,search,John Hardy Women's Legends Naga Gold & Silver Dragon Station Chain Bracelet,jewelery,695,4.599999904632568,email,1,Continuer navigation,very dissatisfied
836fb6fc,11,add_to_cart,Solid Gold Petite Micropave ,jewelery,168,3.9000000953674316,reseaux_sociaux,3,Proposer livraison gratuite,very unhappy with my purchase
0a6f4e47,169,abandon,White Gold Plated Princess,jewelery,9.989999771118164,3,direct,-1,Envoyer coupon -20%,very dissatisfied
69ab0d4a,115,abandon,Pierced Owl Rose Gold Plated Stainless Steel Double,jewelery,10.989999771118164,1.899999976158142,direct,-1,Envoyer coupon -20%,waste of money
5f1ad40a,159,search,WD 2TB Elements Portable External Hard Drive - USB 3.0 ,electronics,64,3.299999952316284,direct,1,Continuer navigation,very happy with my purchase
7057f905,176,purchase,SanDisk SSD PLUS 1TB Internal SSD - SATA III 6 Gb/s,electronics,109,2.9000000953674316,reseaux_sociaux,5,Suggerer produits similaires,would buy again
52576628,194,search,Silicon Power 256GB SSD 3D NAND A55 SLC Cache Performance Boost SATA III 2.5,electronics,109,4.800000190734863,google,1,Continuer navigation,great value for money
7733befa,38,search,WD 4TB Gaming Drive Works with Playstation 4 Portable External Hard Drive,electronics,114,4.800000190734863,email,1,Continuer navigation,very unhappy with my purchase
31a5ba04,173,abandon,Acer SB220Q bi 21.5 inches Full HD (1920 x 1080) IPS Ultra-Thin,electronics,599,2.9000000953674316,direct,-1,Envoyer coupon -20%,highly recommended
6fc2d6d2,35,purchase,Samsung 49-Inch CHG90 144Hz Curved Gaming Monitor (LC49HG90DMNXZA) – Super Ultrawide Screen QLED ,electronics,999.989990234375,2.200000047683716,pub,5,Suggerer produits similaires,excellent quality
31cd27ad,132,abandon,BIYLACLESEN Women's 3-in-1 Snowboard Jacket Winter Coats,women's clothing,56.9900016784668,2.5999999046325684,reseaux_sociaux,-1,Envoyer coupon -20%,very happy with my purchase
c02d9cee,6,search,Lock and Love Women's Removable Hooded Faux Leather Moto Biker Jacket,women's clothing,29.950000762939453,2.9000000953674316,email,1,Continuer navigation,great product
de85f1ff,124,view,Rain Jacket Women Windbreaker Striped Climbing Raincoats,women's clothing,39.9900016784668,3.799999952316284,pub,1,Continuer navigation,great product
b837c1ee,184,purchase,MBJ Women's Solid Short Sleeve Boat Neck V ,women's clothing,9.850000381469727,4.699999809265137,direct,5,Suggerer produits similaires,poor quality
b2635185,42,abandon,Opna Women's Short Sleeve Moisture,women's clothing,7.949999809265137,4.5,pub,-1,Envoyer coupon -20%,highly impressed
083d7aa6,191,search,DANVOUY Womens T Shirt Casual Cotton Short,women's clothing,12.989999771118164,3.5999999046325684,email,1,Continuer navigation,very disappointed
45934861,42,add_to_cart,"Fjallraven - Foldsack No. 1 Backpack, Fits 15 Laptops",men's clothing,109.94999694824219,3.9000000953674316,pub,3,Proposer livraison gratuite,great value for money
83f63d4b,78,search,Mens Casual Premium Slim Fit T-Shirts ,men's clothing,22.299999237060547,4.099999904632568,email,1,Continuer navigation,would not recommend
c33c611a,130,abandon,Mens Cotton Jacket,men's clothing,55.9900016784668,4.699999809265137,direct,-1,Envoyer coupon -20%,great product
3572b494,115,abandon,Mens Casual Slim Fit,men's clothing,15.989999771118164,2.0999999046325684,pub,-1,Envoyer coupon -20%,fast shipping
6ecb66f2,133,add_to_cart,John Hardy Women's Legends Naga Gold & Silver Dragon Station Chain Bracelet,jewelery,695,4.599999904632568,direct,3,Proposer livraison gratuite,would buy again
16dbed10,152,abandon,Solid Gold Petite Micropave ,jewelery,168,3.9000000953674316,email,-1,Envoyer coupon -20%,waste of money
6f2141f6,18,search,White Gold Plated Princess,jewelery,9.989999771118164,3,reseaux_sociaux,1,Continuer navigation,very dissatisfied
5df4da3c,120,view,Pierced Owl Rose Gold Plated Stainless Steel Double,jewelery,10.989999771118164,1.899999976158142,reseaux_sociaux,1,Continuer navigation,very disappointed
bbe2da06,167,view,WD 2TB Elements Portable External Hard Drive - USB 3.0 ,electronics,64,3.299999952316284,pub,1,Continuer navigation,very happy with my purchase
8b817e6c,88,abandon,SanDisk SSD PLUS 1TB Internal SSD - SATA III 6 Gb/s,electronics,109,2.9000000953674316,google,-1,Envoyer coupon -20%,very happy with my purchase
4e0ee41f,55,search,Silicon Power 256GB SSD 3D NAND A55 SLC Cache Performance Boost SATA III 2.5,electronics,109,4.800000190734863,direct,1,Continuer navigation,poor quality
035cc92a,15,search,WD 4TB Gaming Drive Works with Playstation 4 Portable External Hard Drive,electronics,114,4.800000190734863,reseaux_sociaux,1,Continuer navigation,highly impressed
5fe99424,155,search,Acer SB220Q bi 21.5 inches Full HD (1920 x 1080) IPS Ultra-Thin,electronics,599,2.9000000953674316,pub,1,Continuer navigation,highly recommended
f768e9eb,122,view,Samsung 49-Inch CHG90 144Hz Curved Gaming Monitor (LC49HG90DMNXZA) – Super Ultrawide Screen QLED ,electronics,999.989990234375,2.200000047683716,pub,1,Continuer navigation,very happy with my purchase
60fb3163,19,search,BIYLACLESEN Women's 3-in-1 Snowboard Jacket Winter Coats,women's clothing,56.9900016784668,2.5999999046325684,reseaux_sociaux,1,Continuer navigation,great product
887144e1,149,view,Lock and Love Women's Removable Hooded Faux Leather Moto Biker Jacket,women's clothing,29.950000762939453,2.9000000953674316,google,1,Continuer navigation,very disappointed
c24a47a9,197,abandon,Rain Jacket Women Windbreaker Striped Climbing Raincoats,women's clothing,39.9900016784668,3.799999952316284,pub,-1,Envoyer coupon -20%,great value for money
43e1b379,22,view,MBJ Women's Solid Short Sleeve Boat Neck V ,women's clothing,9.850000381469727,4.699999809265137,reseaux_sociaux,1,Continuer navigation,poor quality
37da46b8,186,add_to_cart,Opna Women's Short Sleeve Moisture,women's clothing,7.949999809265137,4.5,google,3,Proposer livraison gratuite,excellent quality
fe5a2049,117,add_to_cart,DANVOUY Womens T Shirt Casual Cotton Short,women's clothing,12.989999771118164,3.5999999046325684,pub,3,Proposer livraison gratuite,very pleased
276547c9,60,add_to_cart,"Fjallraven - Foldsack No. 1 Backpack, Fits 15 Laptops",men's clothing,109.94999694824219,3.9000000953674316,pub,3,Proposer livraison gratuite,would buy again
e73358df,175,add_to_cart,Mens Casual Premium Slim Fit T-Shirts ,men's clothing,22.299999237060547,4.099999904632568,google,3,Proposer livraison gratuite,awesome product
6ba7ecd8,100,purchase,Mens Cotton Jacket,men's clothing,55.9900016784668,4.699999809265137,reseaux_sociaux,5,Suggerer produits similaires,very satisfied
b260a991,63,purchase,Mens Casual Slim Fit,men's clothing,15.989999771118164,2.0999999046325684,email,5,Suggerer produits similaires,great product
9882a601,52,abandon,John Hardy Women's Legends Naga Gold & Silver Dragon Station Chain Bracelet,jewelery,695,4.599999904632568,email,-1,Envoyer coupon -20%,great product
3356f605,73,search,Solid Gold Petite Micropave ,jewelery,168,3.9000000953674316,pub,1,Continuer navigation,highly impressed
b62ae7f5,157,add_to_cart,White Gold Plated Princess,jewelery,9.989999771118164,3,reseaux_sociaux,3,Proposer livraison gratuite,poor quality
77be5cf6,187,view,Pierced Owl Rose Gold Plated Stainless Steel Double,jewelery,10.989999771118164,1.899999976158142,pub,1,Continuer navigation,great product
e1b2cbcc,51,purchase,WD 2TB Elements Portable External Hard Drive - USB 3.0 ,electronics,64,3.299999952316284,google,5,Suggerer produits similaires,great value for money
a2236372,50,abandon,SanDisk SSD PLUS 1TB Internal SSD - SATA III 6 Gb/s,electronics,109,2.9000000953674316,direct,-1,Envoyer coupon -20%,very satisfied
6bc15eb4,113,abandon,Silicon Power 256GB SSD 3D NAND A55 SLC Cache Performance Boost SATA III 2.5,electronics,109,4.800000190734863,reseaux_sociaux,-1,Envoyer coupon -20%,excellent quality
81bf272e,193,view,WD 4TB Gaming Drive Works with Playstation 4 Portable External Hard Drive,electronics,114,4.800000190734863,direct,1,Continuer navigation,highly impressed
e476987e,44,view,Acer SB220Q bi 21.5 inches Full HD (1920 x 1080) IPS Ultra-Thin,electronics,599,2.9000000953674316,pub,1,Continuer navigation,excellent quality
e212d159,85,view,Samsung 49-Inch CHG90 144Hz Curved Gaming Monitor (LC49HG90DMNXZA) – Super Ultrawide Screen QLED ,electronics,999.989990234375,2.200000047683716,google,1,Continuer navigation,great product
2011f321,43,abandon,BIYLACLESEN Women's 3-in-1 Snowboard Jacket Winter Coats,women's clothing,56.9900016784668,2.5999999046325684,pub,-1,Envoyer coupon -20%,poor quality
37c0ea07,22,search,Lock and Love Women's Removable Hooded Faux Leather Moto Biker Jacket,women's clothing,29.950000762939453,2.9000000953674316,reseaux_sociaux,1,Continuer navigation,awesome product
d71637cd,118,purchase,Rain Jacket Women Windbreaker Striped Climbing Raincoats,women's clothing,39.9900016784668,3.799999952316284,direct,5,Suggerer produits similaires,would buy again
47007515,68,search,MBJ Women's Solid Short Sleeve Boat Neck V ,women's clothing,9.850000381469727,4.699999809265137,google,1,Continuer navigation,great product
3257a052,4,search,Opna Women's Short Sleeve Moisture,women's clothing,7.949999809265137,4.5,google,1,Continuer navigation,excellent quality
ee7b980a,58,view,DANVOUY Womens T Shirt Casual Cotton Short,women's clothing,12.989999771118164,3.5999999046325684,email,1,Continuer navigation,would not recommend
f58a5f47,129,search,"Fjallraven - Foldsack No. 1 Backpack, Fits 15 Laptops",men's clothing,109.94999694824219,3.9000000953674316,reseaux_sociaux,1,Continuer navigation,would buy again
cf673f31,109,view,Mens Casual Premium Slim Fit T-Shirts ,men's clothing,22.299999237060547,4.099999904632568,pub,1,Continuer navigation,very dissatisfied
4e5d50f8,45,add_to_cart,Mens Cotton Jacket,men's clothing,55.9900016784668,4.699999809265137,email,3,Proposer livraison gratuite,very unhappy with my purchase
f52b4c82,32,add_to_cart,Mens Casual Slim Fit,men's clothing,15.989999771118164,2.0999999046325684,direct,3,Proposer livraison gratuite,excellent quality
744f0479,107,search,John Hardy Women's Legends Naga Gold & Silver Dragon Station Chain Bracelet,jewelery,695,4.599999904632568,google,1,Continuer navigation,very dissatisfied
9c85c4f6,178,view,Solid Gold Petite Micropave ,jewelery,168,3.9000000953674316,pub,1,Continuer navigation,poor quality
93b740c6,49,abandon,White Gold Plated Princess,jewelery,9.989999771118164,3,reseaux_sociaux,-1,Envoyer coupon -20%,very pleased
e2052d9d,66,abandon,Pierced Owl Rose Gold Plated Stainless Steel Double,jewelery,10.989999771118164,1.899999976158142,pub,-1,Envoyer coupon -20%,very dissatisfied
8e9e5372,122,purchase,WD 2TB Elements Portable External Hard Drive - USB 3.0 ,electronics,64,3.299999952316284,email,5,Suggerer produits similaires,very disappointed
73ad5670,177,abandon,SanDisk SSD PLUS 1TB Internal SSD - SATA III 6 Gb/s,electronics,109,2.9000000953674316,google,-1,Envoyer coupon -20%,very dissatisfied
7ee65819,26,purchase,Silicon Power 256GB SSD 3D NAND A55 SLC Cache Performance Boost SATA III 2.5,electronics,109,4.800000190734863,google,5,Suggerer produits similaires,fast shipping
d0f59cd2,64,add_to_cart,WD 4TB Gaming Drive Works with Playstation 4 Portable External Hard Drive,electronics,114,4.800000190734863,google,3,Proposer livraison gratuite,very pleased
cc063aae,25,abandon,Acer SB220Q bi 21.5 inches Full HD (1920 x 1080) IPS Ultra-Thin,electronics,599,2.9000000953674316,reseaux_sociaux,-1,Envoyer coupon -20%,excellent quality
39be1bc8,108,add_to_cart,Samsung 49-Inch CHG90 144Hz Curved Gaming Monitor (LC49HG90DMNXZA) – Super Ultrawide Screen QLED ,electronics,999.989990234375,2.200000047683716,google,3,Proposer livraison gratuite,great value for money
c137007e,106,search,BIYLACLESEN Women's 3-in-1 Snowboard Jacket Winter Coats,women's clothing,56.9900016784668,2.5999999046325684,google,1,Continuer navigation,very disappointed
5fdd32de,191,search,Lock and Love Women's Removable Hooded Faux Leather Moto Biker Jacket,women's clothing,29.950000762939453,2.9000000953674316,email,1,Continuer navigation,highly recommended
a27ee23b,127,purchase,Rain Jacket Women Windbreaker Striped Climbing Raincoats,women's clothing,39.9900016784668,3.799999952316284,email,5,Suggerer produits similaires,would buy again
16f3515e,84,abandon,MBJ Women's Solid Short Sleeve Boat Neck V ,women's clothing,9.850000381469727,4.699999809265137,email,-1,Envoyer coupon -20%,would not recommend
5c837014,1,search,Opna Women's Short Sleeve Moisture,women's clothing,7.949999809265137,4.5,reseaux_sociaux,1,Continuer navigation,excellent quality
63e24aee,160,search,DANVOUY Womens T Shirt Casual Cotton Short,women's clothing,12.989999771118164,3.5999999046325684,email,1,Continuer navigation,very unhappy with my purchase
dc429960,143,view,"Fjallraven - Foldsack No. 1 Backpack, Fits 15 Laptops",men's clothing,109.94999694824219,3.9000000953674316,google,1,Continuer navigation,highly impressed
b8615b17,136,search,Mens Casual Premium Slim Fit T-Shirts ,men's clothing,22.299999237060547,4.099999904632568,direct,1,Continuer navigation,very disappointed
67d47410,110,view,Mens Cotton Jacket,men's clothing,55.9900016784668,4.699999809265137,pub,1,Continuer navigation,very pleased
d43ba423,99,add_to_cart,Mens Casual Slim Fit,men's clothing,15.989999771118164,2.0999999046325684,google,3,Proposer livraison gratuite,great value for money
ba2eaafe,164,search,John Hardy Women's Legends Naga Gold & Silver Dragon Station Chain Bracelet,jewelery,695,4.599999904632568,google,1,Continuer navigation,very dissatisfied
bb9d4218,173,view,Solid Gold Petite Micropave ,jewelery,168,3.9000000953674316,google,1,Continuer navigation,very unhappy with my purchase
a65d418d,60,view,White Gold Plated Princess,jewelery,9.989999771118164,3,google,1,Continuer navigation,excellent quality
45ff8347,126,search,Pierced Owl Rose Gold Plated Stainless Steel Double,jewelery,10.989999771118164,1.899999976158142,email,1,Continuer navigation,great value for money
47aa8bc3,78,add_to_cart,WD 2TB Elements Portable External Hard Drive - USB 3.0 ,electronics,64,3.299999952316284,email,3,Proposer livraison gratuite,very satisfied
f6a738ec,197,purchase,SanDisk SSD PLUS 1TB Internal SSD - SATA III 6 Gb/s,electronics,109,2.9000000953674316,reseaux_sociaux,5,Suggerer produits similaires,great product
02663ba6,184,view,Silicon Power 256GB SSD 3D NAND A55 SLC Cache Performance Boost SATA III 2.5,electronics,109,4.800000190734863,direct,1,Continuer navigation,would buy again
db2fc71b,200,abandon,WD 4TB Gaming Drive Works with Playstation 4 Portable External Hard Drive,electronics,114,4.800000190734863,email,-1,Envoyer coupon -20%,waste of money
407ebd5e,199,search,Acer SB220Q bi 21.5 inches Full HD (1920 x 1080) IPS Ultra-Thin,electronics,599,2.9000000953674316,email,1,Continuer navigation,very unhappy with my purchase
e497ea88,169,view,Samsung 49-Inch CHG90 144Hz Curved Gaming Monitor (LC49HG90DMNXZA) – Super Ultrawide Screen QLED ,electronics,999.989990234375,2.200000047683716,email,1,Continuer navigation,great product
eb03ffe6,94,add_to_cart,BIYLACLESEN Women's 3-in-1 Snowboard Jacket Winter Coats,women's clothing,56.9900016784668,2.5999999046325684,google,3,Proposer livraison gratuite,would buy again
1d766f8e,177,search,Lock and Love Women's Removable Hooded Faux Leather Moto Biker Jacket,women's clothing,29.950000762939453,2.9000000953674316,email,1,Continuer navigation,excellent quality
4338db92,185,add_to_cart,Rain Jacket Women Windbreaker Striped Climbing Raincoats,women's clothing,39.9900016784668,3.799999952316284,google,3,Proposer livraison gratuite,excellent quality
6a98b047,126,purchase,MBJ Women's Solid Short Sleeve Boat Neck V ,women's clothing,9.850000381469727,4.699999809265137,email,5,Suggerer produits similaires,great product
a226d332,148,purchase,Opna Women's Short Sleeve Moisture,women's clothing,7.949999809265137,4.5,google,5,Suggerer produits similaires,very unhappy with my purchase
6520f4d6,87,search,DANVOUY Womens T Shirt Casual Cotton Short,women's clothing,12.989999771118164,3.5999999046325684,google,1,Continuer navigation,not as described
b810f574,38,view,"Fjallraven - Foldsack No. 1 Backpack, Fits 15 Laptops",men's clothing,109.94999694824219,3.9000000953674316,google,1,Continuer navigation,very happy with my purchase
80bc7bc7,28,purchase,Mens Casual Premium Slim Fit T-Shirts ,men's clothing,22.299999237060547,4.099999904632568,email,5,Suggerer produits similaires,great product
6d063169,178,abandon,Mens Cotton Jacket,men's clothing,55.9900016784668,4.699999809265137,direct,-1,Envoyer coupon -20%,very pleased
f2d913c3,32,search,Mens Casual Slim Fit,men's clothing,15.989999771118164,2.0999999046325684,direct,1,Continuer navigation,excellent quality
2c4bfec0,22,add_to_cart,John Hardy Women's Legends Naga Gold & Silver Dragon Station Chain Bracelet,jewelery,695,4.599999904632568,email,3,Proposer livraison gratuite,highly recommended
2025dee9,78,view,Solid Gold Petite Micropave ,jewelery,168,3.9000000953674316,reseaux_sociaux,1,Continuer navigation,would buy again
90f34634,14,purchase,White Gold Plated Princess,jewelery,9.989999771118164,3,direct,5,Suggerer produits similaires,great product
1009690f,139,add_to_cart,Pierced Owl Rose Gold Plated Stainless Steel Double,jewelery,10.989999771118164,1.899999976158142,direct,3,Proposer livraison gratuite,very dissatisfied
f957e880,189,search,WD 2TB Elements Portable External Hard Drive - USB 3.0 ,electronics,64,3.299999952316284,reseaux_sociaux,1,Continuer navigation,very dissatisfied
53c0d7c6,131,purchase,SanDisk SSD PLUS 1TB Internal SSD - SATA III 6 Gb/s,electronics,109,2.9000000953674316,pub,5,Suggerer produits similaires,poor quality
88717feb,53,view,Silicon Power 256GB SSD 3D NAND A55 SLC Cache Performance Boost SATA III 2.5,electronics,109,4.800000190734863,pub,1,Continuer navigation,would not recommend
0cfd1bf8,176,add_to_cart,WD 4TB Gaming Drive Works with Playstation 4 Portable External Hard Drive,electronics,114,4.800000190734863,email,3,Proposer livraison gratuite,very happy with my purchase
c36dfd0a,46,add_to_cart,Acer SB220Q bi 21.5 inches Full HD (1920 x 1080) IPS Ultra-Thin,electronics,599,2.9000000953674316,reseaux_sociaux,3,Proposer livraison gratuite,very disappointed
be59fe48,173,purchase,Samsung 49-Inch CHG90 144Hz Curved Gaming Monitor (LC49HG90DMNXZA) – Super Ultrawide Screen QLED ,electronics,999.989990234375,2.200000047683716,direct,5,Suggerer produits similaires,would not recommend
f1ba34f7,58,purchase,BIYLACLESEN Women's 3-in-1 Snowboard Jacket Winter Coats,women's clothing,56.9900016784668,2.5999999046325684,google,5,Suggerer produits similaires,highly recommended
64ac5e5b,121,search,Lock and Love Women's Removable Hooded Faux Leather Moto Biker Jacket,women's clothing,29.950000762939453,2.9000000953674316,google,1,Continuer navigation,would not recommend
67186777,92,abandon,Rain Jacket Women Windbreaker Striped Climbing Raincoats,women's clothing,39.9900016784668,3.799999952316284,pub,-1,Envoyer coupon -20%,very dissatisfied
5fd1907f,138,add_to_cart,MBJ Women's Solid Short Sleeve Boat Neck V ,women's clothing,9.850000381469727,4.699999809265137,google,3,Proposer livraison gratuite,great product
f3293cde,48,add_to_cart,Opna Women's Short Sleeve Moisture,women's clothing,7.949999809265137,4.5,google,3,Proposer livraison gratuite,highly impressed
d8ce5a80,164,view,DANVOUY Womens T Shirt Casual Cotton Short,women's clothing,12.989999771118164,3.5999999046325684,reseaux_sociaux,1,Continuer navigation,poor quality
bcc9959c,27,view,"Fjallraven - Foldsack No. 1 Backpack, Fits 15 Laptops",men's clothing,109.94999694824219,3.9000000953674316,email,1,Continuer navigation,poor quality
bc8a49fa,113,abandon,Mens Casual Premium Slim Fit T-Shirts ,men's clothing,22.299999237060547,4.099999904632568,reseaux_sociaux,-1,Envoyer coupon -20%,very unhappy with my purchase
075cd6e8,172,search,Mens Cotton Jacket,men's clothing,55.9900016784668,4.699999809265137,direct,1,Continuer navigation,very unhappy with my purchase
4c96cae9,39,search,Mens Casual Slim Fit,men's clothing,15.989999771118164,2.0999999046325684,pub,1,Continuer navigation,excellent quality
7abe79bd,123,abandon,John Hardy Women's Legends Naga Gold & Silver Dragon Station Chain Bracelet,jewelery,695,4.599999904632568,pub,-1,Envoyer coupon -20%,would not recommend
7b29c034,132,view,Solid Gold Petite Micropave ,jewelery,168,3.9000000953674316,email,1,Continuer navigation,highly recommended
b48a40be,159,purchase,White Gold Plated Princess,jewelery,9.989999771118164,3,pub,5,Suggerer produits similaires,not as described
b5655648,113,abandon,Pierced Owl Rose Gold Plated Stainless Steel Double,jewelery,10.989999771118164,1.899999976158142,direct,-1,Envoyer coupon -20%,poor quality
5c7ce89e,179,abandon,WD 2TB Elements Portable External Hard Drive - USB 3.0 ,electronics,64,3.299999952316284,google,-1,Envoyer coupon -20%,awesome product
154b5737,23,add_to_cart,SanDisk SSD PLUS 1TB Internal SSD - SATA III 6 Gb/s,electronics,109,2.9000000953674316,email,3,Proposer livraison gratuite,not as described
fe9c50a1,5,search,Silicon Power 256GB SSD 3D NAND A55 SLC Cache Performance Boost SATA III 2.5,electronics,109,4.800000190734863,pub,1,Continuer navigation,great value for money
103874ab,139,purchase,WD 4TB Gaming Drive Works with Playstation 4 Portable External Hard Drive,electronics,114,4.800000190734863,pub,5,Suggerer produits similaires,very dissatisfied
9b610c32,35,add_to_cart,Acer SB220Q bi 21.5 inches Full HD (1920 x 1080) IPS Ultra-Thin,electronics,599,2.9000000953674316,reseaux_sociaux,3,Proposer livraison gratuite,waste of money
424d4902,185,add_to_cart,Samsung 49-Inch CHG90 144Hz Curved Gaming Monitor (LC49HG90DMNXZA) – Super Ultrawide Screen QLED ,electronics,999.989990234375,2.200000047683716,pub,3,Proposer livraison gratuite,would not recommend
d3a0c762,137,add_to_cart,BIYLACLESEN Women's 3-in-1 Snowboard Jacket Winter Coats,women's clothing,56.9900016784668,2.5999999046325684,direct,3,Proposer livraison gratuite,very unhappy with my purchase
8c8450b4,120,purchase,Lock and Love Women's Removable Hooded Faux Leather Moto Biker Jacket,women's clothing,29.950000762939453,2.9000000953674316,pub,5,Suggerer produits similaires,awesome product
4074f399,195,abandon,Rain Jacket Women Windbreaker Striped Climbing Raincoats,women's clothing,39.9900016784668,3.799999952316284,google,-1,Envoyer coupon -20%,would buy again
6258d3bd,10,search,MBJ Women's Solid Short Sleeve Boat Neck V ,women's clothing,9.850000381469727,4.699999809265137,pub,1,Continuer navigation,very disappointed
495894e6,62,add_to_cart,Opna Women's Short Sleeve Moisture,women's clothing,7.949999809265137,4.5,pub,3,Proposer livraison gratuite,very satisfied
92616198,56,search,DANVOUY Womens T Shirt Casual Cotton Short,women's clothing,12.989999771118164,3.5999999046325684,google,1,Continuer navigation,would buy again
4af65b47,14,search,"Fjallraven - Foldsack No. 1 Backpack, Fits 15 Laptops",men's clothing,109.94999694824219,3.9000000953674316,pub,1,Continuer navigation,great product
36723548,143,search,Mens Casual Premium Slim Fit T-Shirts ,men's clothing,22.299999237060547,4.099999904632568,email,1,Continuer navigation,highly impressed
e5bd3ba9,107,view,Mens Cotton Jacket,men's clothing,55.9900016784668,4.699999809265137,pub,1,Continuer navigation,would buy again
65713123,155,purchase,Mens Casual Slim Fit,men's clothing,15.989999771118164,2.0999999046325684,pub,5,Suggerer produits similaires,poor quality
c23e0cc8,36,search,John Hardy Women's Legends Naga Gold & Silver Dragon Station Chain Bracelet,jewelery,695,4.599999904632568,reseaux_sociaux,1,Continuer navigation,fast shipping
16c21ac3,87,add_to_cart,Solid Gold Petite Micropave ,jewelery,168,3.9000000953674316,reseaux_sociaux,3,Proposer livraison gratuite,highly impressed
4ef3ef0a,41,abandon,White Gold Plated Princess,jewelery,9.989999771118164,3,reseaux_sociaux,-1,Envoyer coupon -20%,very happy with my purchase
1c714db9,9,purchase,Pierced Owl Rose Gold Plated Stainless Steel Double,jewelery,10.989999771118164,1.899999976158142,reseaux_sociaux,5,Suggerer produits similaires,would not recommend
eb89d09a,121,add_to_cart,WD 2TB Elements Portable External Hard Drive - USB 3.0 ,electronics,64,3.299999952316284,google,3,Proposer livraison gratuite,highly impressed
42d98415,26,purchase,SanDisk SSD PLUS 1TB Internal SSD - SATA III 6 Gb/s,electronics,109,2.9000000953674316,pub,5,Suggerer produits similaires,highly recommended
8bde22e8,123,search,Silicon Power 256GB SSD 3D NAND A55 SLC Cache Performance Boost SATA III 2.5,electronics,109,4.800000190734863,email,1,Continuer navigation,great value for money
b3ede370,95,search,WD 4TB Gaming Drive Works with Playstation 4 Portable External Hard Drive,electronics,114,4.800000190734863,google,1,Continuer navigation,excellent quality
4a022be7,158,view,Acer SB220Q bi 21.5 inches Full HD (1920 x 1080) IPS Ultra-Thin,electronics,599,2.9000000953674316,reseaux_sociaux,1,Continuer navigation,would buy again
2f86f690,157,add_to_cart,Samsung 49-Inch CHG90 144Hz Curved Gaming Monitor (LC49HG90DMNXZA) – Super Ultrawide Screen QLED ,electronics,999.989990234375,2.200000047683716,direct,3,Proposer livraison gratuite,highly recommended
d49b0407,137,view,BIYLACLESEN Women's 3-in-1 Snowboard Jacket Winter Coats,women's clothing,56.9900016784668,2.5999999046325684,pub,1,Continuer navigation,highly recommended
9abff7c6,42,abandon,Lock and Love Women's Removable Hooded Faux Leather Moto Biker Jacket,women's clothing,29.950000762939453,2.9000000953674316,google,-1,Envoyer coupon -20%,would buy again
8f36885a,67,abandon,Rain Jacket Women Windbreaker Striped Climbing Raincoats,women's clothing,39.9900016784668,3.799999952316284,google,-1,Envoyer coupon -20%,highly impressed
4b0a1e00,64,abandon,MBJ Women's Solid Short Sleeve Boat Neck V ,women's clothing,9.850000381469727,4.699999809265137,email,-1,Envoyer coupon -20%,waste of money
c90ab763,75,abandon,Opna Women's Short Sleeve Moisture,women's clothing,7.949999809265137,4.5,google,-1,Envoyer coupon -20%,waste of money
d3755c58,199,view,DANVOUY Womens T Shirt Casual Cotton Short,women's clothing,12.989999771118164,3.5999999046325684,google,1,Continuer navigation,very satisfied
22a88f9a,167,abandon,"Fjallraven - Foldsack No. 1 Backpack, Fits 15 Laptops",men's clothing,109.94999694824219,3.9000000953674316,pub,-1,Envoyer coupon -20%,very pleased
39f7caa8,70,search,Mens Casual Premium Slim Fit T-Shirts ,men's clothing,22.299999237060547,4.099999904632568,pub,1,Continuer navigation,highly impressed
91da49d0,113,view,Mens Cotton Jacket,men's clothing,55.9900016784668,4.699999809265137,google,1,Continuer navigation,great value for money
fbcab5e1,180,purchase,Mens Casual Slim Fit,men's clothing,15.989999771118164,2.0999999046325684,google,5,Suggerer produits similaires,poor quality
fdc0b9fb,116,abandon,John Hardy Women's Legends Naga Gold & Silver Dragon Station Chain Bracelet,jewelery,695,4.599999904632568,direct,-1,Envoyer coupon -20%,very happy with my purchase
cee2b183,148,view,Solid Gold Petite Micropave ,jewelery,168,3.9000000953674316,pub,1,Continuer navigation,highly impressed
da98766f,126,view,White Gold Plated Princess,jewelery,9.989999771118164,3,google,1,Continuer navigation,poor quality
1bbf929b,91,add_to_cart,Pierced Owl Rose Gold Plated Stainless Steel Double,jewelery,10.989999771118164,1.899999976158142,direct,3,Proposer livraison gratuite,fast shipping
aab53dd4,128,search,WD 2TB Elements Portable External Hard Drive - USB 3.0 ,electronics,64,3.299999952316284,pub,1,Continuer navigation,fast shipping
b09f0167,152,add_to_cart,SanDisk SSD PLUS 1TB Internal SSD - SATA III 6 Gb/s,electronics,109,2.9000000953674316,pub,3,Proposer livraison gratuite,fast shipping
0dcac54f,30,view,Silicon Power 256GB SSD 3D NAND A55 SLC Cache Performance Boost SATA III 2.5,electronics,109,4.800000190734863,direct,1,Continuer navigation,very dissatisfied
33f64f32,22,search,WD 4TB Gaming Drive Works with Playstation 4 Portable External Hard Drive,electronics,114,4.800000190734863,google,1,Continuer navigation,would not recommend
bab2d1f4,80,add_to_cart,Acer SB220Q bi 21.5 inches Full HD (1920 x 1080) IPS Ultra-Thin,electronics,599,2.9000000953674316,pub,3,Proposer livraison gratuite,great product
ee563975,192,search,Samsung 49-Inch CHG90 144Hz Curved Gaming Monitor (LC49HG90DMNXZA) – Super Ultrawide Screen QLED ,electronics,999.989990234375,2.200000047683716,email,1,Continuer navigation,great product
3cff628b,138,abandon,BIYLACLESEN Women's 3-in-1 Snowboard Jacket Winter Coats,women's clothing,56.9900016784668,2.5999999046325684,google,-1,Envoyer coupon -20%,very pleased
840083d7,74,add_to_cart,Lock and Love Women's Removable Hooded Faux Leather Moto Biker Jacket,women's clothing,29.950000762939453,2.9000000953674316,pub,3,Proposer livraison gratuite,poor quality
827b55e5,41,add_to_cart,Rain Jacket Women Windbreaker Striped Climbing Raincoats,women's clothing,39.9900016784668,3.799999952316284,email,3,Proposer livraison gratuite,great product
26989898,113,view,MBJ Women's Solid Short Sleeve Boat Neck V ,women's clothing,9.850000381469727,4.699999809265137,email,1,Continuer navigation,disappointing product
b4acbeac,143,search,Opna Women's Short Sleeve Moisture,women's clothing,7.949999809265137,4.5,reseaux_sociaux,1,Continuer navigation,highly recommended
c669799e,174,search,DANVOUY Womens T Shirt Casual Cotton Short,women's clothing,12.989999771118164,3.5999999046325684,email,1,Continuer navigation,very happy with my purchase
553153ac,127,search,"Fjallraven - Foldsack No. 1 Backpack, Fits 15 Laptops",men's clothing,109.94999694824219,3.9000000953674316,direct,1,Continuer navigation,highly impressed
0f1a20ae,173,add_to_cart,Mens Casual Premium Slim Fit T-Shirts ,men's clothing,22.299999237060547,4.099999904632568,pub,3,Proposer livraison gratuite,great product
84c91917,33,purchase,Mens Cotton Jacket,men's clothing,55.9900016784668,4.699999809265137,email,5,Suggerer produits similaires,great product
75f70126,167,add_to_cart,Mens Casual Slim Fit,men's clothing,15.989999771118164,2.0999999046325684,reseaux_sociaux,3,Proposer livraison gratuite,very dissatisfied
2f18dcdb,41,abandon,John Hardy Women's Legends Naga Gold & Silver Dragon Station Chain Bracelet,jewelery,695,4.599999904632568,direct,-1,Envoyer coupon -20%,great product
ec7a54d9,154,purchase,Solid Gold Petite Micropave ,jewelery,168,3.9000000953674316,google,5,Suggerer produits similaires,very happy with my purchase
0fdbdcdf,141,view,White Gold Plated Princess,jewelery,9.989999771118164,3,email,1,Continuer navigation,highly impressed
4fbed70c,147,abandon,Pierced Owl Rose Gold Plated Stainless Steel Double,jewelery,10.989999771118164,1.899999976158142,email,-1,Envoyer coupon -20%,excellent quality
ff0f9ded,87,purchase,WD 2TB Elements Portable External Hard Drive - USB 3.0 ,electronics,64,3.299999952316284,email,5,Suggerer produits similaires,great product
65c9f10e,24,abandon,SanDisk SSD PLUS 1TB Internal SSD - SATA III 6 Gb/s,electronics,109,2.9000000953674316,reseaux_sociaux,-1,Envoyer coupon -20%,would not recommend
508a5d2c,107,purchase,Silicon Power 256GB SSD 3D NAND A55 SLC Cache Performance Boost SATA III 2.5,electronics,109,4.800000190734863,google,5,Suggerer produits similaires,very disappointed
b7c02a31,80,view,WD 4TB Gaming Drive Works with Playstation 4 Portable External Hard Drive,electronics,114,4.800000190734863,email,1,Continuer navigation,would buy again
739ba896,97,add_to_cart,Acer SB220Q bi 21.5 inches Full HD (1920 x 1080) IPS Ultra-Thin,electronics,599,2.9000000953674316,email,3,Proposer livraison gratuite,great product
b2c84559,92,abandon,Samsung 49-Inch CHG90 144Hz Curved Gaming Monitor (LC49HG90DMNXZA) – Super Ultrawide Screen QLED ,electronics,999.989990234375,2.200000047683716,email,-1,Envoyer coupon -20%,great product
486edda6,80,add_to_cart,BIYLACLESEN Women's 3-in-1 Snowboard Jacket Winter Coats,women's clothing,56.9900016784668,2.5999999046325684,google,3,Proposer livraison gratuite,very dissatisfied
25e0644b,119,search,Lock and Love Women's Removable Hooded Faux Leather Moto Biker Jacket,women's clothing,29.950000762939453,2.9000000953674316,pub,1,Continuer navigation,poor quality
ed38c027,76,purchase,Rain Jacket Women Windbreaker Striped Climbing Raincoats,women's clothing,39.9900016784668,3.799999952316284,email,5,Suggerer produits similaires,poor quality
55165528,6,view,MBJ Women's Solid Short Sleeve Boat Neck V ,women's clothing,9.850000381469727,4.699999809265137,google,1,Continuer navigation,excellent quality
df831405,16,view,Opna Women's Short Sleeve Moisture,women's clothing,7.949999809265137,4.5,google,1,Continuer navigation,very disappointed
a9496340,43,search,DANVOUY Womens T Shirt Casual Cotton Short,women's clothing,12.989999771118164,3.5999999046325684,direct,1,Continuer navigation,very satisfied
838439d0,140,search,"Fjallraven - Foldsack No. 1 Backpack, Fits 15 Laptops",men's clothing,109.94999694824219,3.9000000953674316,pub,1,Continuer navigation,great product
a5e84fbc,166,purchase,Mens Casual Premium Slim Fit T-Shirts ,men's clothing,22.299999237060547,4.099999904632568,pub,5,Suggerer produits similaires,awesome product
64ae820f,119,view,Mens Cotton Jacket,men's clothing,55.9900016784668,4.699999809265137,direct,1,Continuer navigation,would not recommend
4b13a8f1,131,search,Mens Casual Slim Fit,men's clothing,15.989999771118164,2.0999999046325684,google,1,Continuer navigation,great product
1d87f487,32,search,John Hardy Women's Legends Naga Gold & Silver Dragon Station Chain Bracelet,jewelery,695,4.599999904632568,pub,1,Continuer navigation,poor quality
19864780,95,abandon,Solid Gold Petite Micropave ,jewelery,168,3.9000000953674316,google,-1,Envoyer coupon -20%,poor quality
c10a4191,156,purchase,White Gold Plated Princess,jewelery,9.989999771118164,3,pub,5,Suggerer produits similaires,fast shipping
50c375aa,42,view,Pierced Owl Rose Gold Plated Stainless Steel Double,jewelery,10.989999771118164,1.899999976158142,email,1,Continuer navigation,would buy again
0b538da8,157,view,WD 2TB Elements Portable External Hard Drive - USB 3.0 ,electronics,64,3.299999952316284,direct,1,Continuer navigation,would not recommend
977841c5,128,search,SanDisk SSD PLUS 1TB Internal SSD - SATA III 6 Gb/s,electronics,109,2.9000000953674316,pub,1,Continuer navigation,excellent quality
d361a0fc,188,purchase,Silicon Power 256GB SSD 3D NAND A55 SLC Cache Performance Boost SATA III 2.5,electronics,109,4.800000190734863,reseaux_sociaux,5,Suggerer produits similaires,great product
66828ad9,148,abandon,WD 4TB Gaming Drive Works with Playstation 4 Portable External Hard Drive,electronics,114,4.800000190734863,google,-1,Envoyer coupon -20%,poor quality
c78b0ae6,45,abandon,Acer SB220Q bi 21.5 inches Full HD (1920 x 1080) IPS Ultra-Thin,electronics,599,2.9000000953674316,direct,-1,Envoyer coupon -20%,excellent quality
e9303698,55,add_to_cart,Samsung 49-Inch CHG90 144Hz Curved Gaming Monitor (LC49HG90DMNXZA) – Super Ultrawide Screen QLED ,electronics,999.989990234375,2.200000047683716,direct,3,Proposer livraison gratuite,would not buy again
b8e4f629,12,purchase,BIYLACLESEN Women's 3-in-1 Snowboard Jacket Winter Coats,women's clothing,56.9900016784668,2.5999999046325684,google,5,Suggerer produits similaires,would not recommend
64643c26,171,view,Lock and Love Women's Removable Hooded Faux Leather Moto Biker Jacket,women's clothing,29.950000762939453,2.9000000953674316,reseaux_sociaux,1,Continuer navigation,would not recommend
66c1ac60,22,view,Rain Jacket Women Windbreaker Striped Climbing Raincoats,women's clothing,39.9900016784668,3.799999952316284,direct,1,Continuer navigation,would buy again
42ebb06c,147,search,MBJ Women's Solid Short Sleeve Boat Neck V ,women's clothing,9.850000381469727,4.699999809265137,email,1,Continuer navigation,would buy again
bcb91c65,18,search,Opna Women's Short Sleeve Moisture,women's clothing,7.949999809265137,4.5,direct,1,Continuer navigation,great product
c53e3b14,29,search,DANVOUY Womens T Shirt Casual Cotton Short,women's clothing,12.989999771118164,3.5999999046325684,reseaux_sociaux,1,Continuer navigation,great value for money
a96ab6f1,87,view,"Fjallraven - Foldsack No. 1 Backpack, Fits 15 Laptops",men's clothing,109.94999694824219,3.9000000953674316,pub,1,Continuer navigation,would not recommend
7a6bc168,144,view,Mens Casual Premium Slim Fit T-Shirts ,men's clothing,22.299999237060547,4.099999904632568,reseaux_sociaux,1,Continuer navigation,very disappointed
e01ee6f0,107,purchase,Mens Cotton Jacket,men's clothing,55.9900016784668,4.699999809265137,reseaux_sociaux,5,Suggerer produits similaires,would buy again
038fdf7f,110,view,Mens Casual Slim Fit,men's clothing,15.989999771118164,2.0999999046325684,direct,1,Continuer navigation,very happy with my purchase
2f836d7f,137,abandon,John Hardy Women's Legends Naga Gold & Silver Dragon Station Chain Bracelet,jewelery,695,4.599999904632568,pub,-1,Envoyer coupon -20%,highly impressed
a38bb212,66,view,Solid Gold Petite Micropave ,jewelery,168,3.9000000953674316,direct,1,Continuer navigation,awesome product
4c68841e,88,add_to_cart,White Gold Plated Princess,jewelery,9.989999771118164,3,google,3,Proposer livraison gratuite,very disappointed
330a969c,124,purchase,Pierced Owl Rose Gold Plated Stainless Steel Double,jewelery,10.989999771118164,1.899999976158142,reseaux_sociaux,5,Suggerer produits similaires,excellent quality
f7639b81,52,view,WD 2TB Elements Portable External Hard Drive - USB 3.0 ,electronics,64,3.299999952316284,pub,1,Continuer navigation,excellent quality
07a59455,198,purchase,SanDisk SSD PLUS 1TB Internal SSD - SATA III 6 Gb/s,electronics,109,2.9000000953674316,reseaux_sociaux,5,Suggerer produits similaires,would not recommend
73e353d8,102,purchase,Silicon Power 256GB SSD 3D NAND A55 SLC Cache Performance Boost SATA III 2.5,electronics,109,4.800000190734863,reseaux_sociaux,5,Suggerer produits similaires,highly impressed
3fe96a84,133,add_to_cart,WD 4TB Gaming Drive Works with Playstation 4 Portable External Hard Drive,electronics,114,4.800000190734863,reseaux_sociaux,3,Proposer livraison gratuite,very unhappy with my purchase
71a61b2b,66,abandon,Acer SB220Q bi 21.5 inches Full HD (1920 x 1080) IPS Ultra-Thin,electronics,599,2.9000000953674316,reseaux_sociaux,-1,Envoyer coupon -20%,would buy again
ef977bfe,13,abandon,Samsung 49-Inch CHG90 144Hz Curved Gaming Monitor (LC49HG90DMNXZA) – Super Ultrawide Screen QLED ,electronics,999.989990234375,2.200000047683716,email,-1,Envoyer coupon -20%,very pleased
4a21a14b,6,view,BIYLACLESEN Women's 3-in-1 Snowboard Jacket Winter Coats,women's clothing,56.9900016784668,2.5999999046325684,google,1,Continuer navigation,great product
00c50d21,82,abandon,Lock and Love Women's Removable Hooded Faux Leather Moto Biker Jacket,women's clothing,29.950000762939453,2.9000000953674316,direct,-1,Envoyer coupon -20%,would buy again
cea80cdc,108,view,Rain Jacket Women Windbreaker Striped Climbing Raincoats,women's clothing,39.9900016784668,3.799999952316284,google,1,Continuer navigation,would not recommend
89086b71,117,search,MBJ Women's Solid Short Sleeve Boat Neck V ,women's clothing,9.850000381469727,4.699999809265137,direct,1,Continuer navigation,very happy with my purchase
2222c45d,191,abandon,Opna Women's Short Sleeve Moisture,women's clothing,7.949999809265137,4.5,email,-1,Envoyer coupon -20%,very unhappy with my purchase
25efe351,68,view,DANVOUY Womens T Shirt Casual Cotton Short,women's clothing,12.989999771118164,3.5999999046325684,reseaux_sociaux,1,Continuer navigation,poor quality
7cf96ad9,114,purchase,"Fjallraven - Foldsack No. 1 Backpack, Fits 15 Laptops",men's clothing,109.94999694824219,3.9000000953674316,direct,5,Suggerer produits similaires,very happy with my purchase
efd41f96,97,purchase,Mens Casual Premium Slim Fit T-Shirts ,men's clothing,22.299999237060547,4.099999904632568,reseaux_sociaux,5,Suggerer produits similaires,highly recommended
984791e1,3,abandon,Mens Cotton Jacket,men's clothing,55.9900016784668,4.699999809265137,pub,-1,Envoyer coupon -20%,very pleased
d13860b9,110,search,Mens Casual Slim Fit,men's clothing,15.989999771118164,2.0999999046325684,reseaux_sociaux,1,Continuer navigation,excellent quality
8aa60e78,127,add_to_cart,John Hardy Women's Legends Naga Gold & Silver Dragon Station Chain Bracelet,jewelery,695,4.599999904632568,google,3,Proposer livraison gratuite,would not recommend
10175e5c,74,purchase,Solid Gold Petite Micropave ,jewelery,168,3.9000000953674316,google,5,Suggerer produits similaires,highly recommended
00d9e0ac,164,view,White Gold Plated Princess,jewelery,9.989999771118164,3,email,1,Continuer navigation,excellent quality
b8b6e0d3,65,search,Pierced Owl Rose Gold Plated Stainless Steel Double,jewelery,10.989999771118164,1.899999976158142,google,1,Continuer navigation,very dissatisfied
665a644e,171,abandon,WD 2TB Elements Portable External Hard Drive - USB 3.0 ,electronics,64,3.299999952316284,pub,-1,Envoyer coupon -20%,highly impressed
78134bc4,183,view,SanDisk SSD PLUS 1TB Internal SSD - SATA III 6 Gb/s,electronics,109,2.9000000953674316,pub,1,Continuer navigation,poor quality
c51a8574,180,add_to_cart,Silicon Power 256GB SSD 3D NAND A55 SLC Cache Performance Boost SATA III 2.5,electronics,109,4.800000190734863,email,3,Proposer livraison gratuite,fast shipping
a5c0ddd7,163,abandon,WD 4TB Gaming Drive Works with Playstation 4 Portable External Hard Drive,electronics,114,4.800000190734863,direct,-1,Envoyer coupon -20%,highly impressed
d9f19d2b,100,purchase,Acer SB220Q bi 21.5 inches Full HD (1920 x 1080) IPS Ultra-Thin,electronics,599,2.9000000953674316,google,5,Suggerer produits similaires,fast shipping
8aabcc1e,52,abandon,Samsung 49-Inch CHG90 144Hz Curved Gaming Monitor (LC49HG90DMNXZA) – Super Ultrawide Screen QLED ,electronics,999.989990234375,2.200000047683716,reseaux_sociaux,-1,Envoyer coupon -20%,great value for money
9d3390ed,190,add_to_cart,BIYLACLESEN Women's 3-in-1 Snowboard Jacket Winter Coats,women's clothing,56.9900016784668,2.5999999046325684,direct,3,Proposer livraison gratuite,disappointing product
b91ffd48,178,add_to_cart,Lock and Love Women's Removable Hooded Faux Leather Moto Biker Jacket,women's clothing,29.950000762939453,2.9000000953674316,pub,3,Proposer livraison gratuite,highly recommended
f1c37586,184,abandon,Rain Jacket Women Windbreaker Striped Climbing Raincoats,women's clothing,39.9900016784668,3.799999952316284,google,-1,Envoyer coupon -20%,excellent quality
9520f58f,151,purchase,MBJ Women's Solid Short Sleeve Boat Neck V ,women's clothing,9.850000381469727,4.699999809265137,google,5,Suggerer produits similaires,highly recommended
7fbf932f,172,abandon,Opna Women's Short Sleeve Moisture,women's clothing,7.949999809265137,4.5,google,-1,Envoyer coupon -20%,very unhappy with my purchase
9bbb8464,125,add_to_cart,DANVOUY Womens T Shirt Casual Cotton Short,women's clothing,12.989999771118164,3.5999999046325684,direct,3,Proposer livraison gratuite,very satisfied
8b6c6608,63,view,"Fjallraven - Foldsack No. 1 Backpack, Fits 15 Laptops",men's clothing,109.94999694824219,3.9000000953674316,reseaux_sociaux,1,Continuer navigation,excellent quality
37e3455d,41,abandon,Mens Casual Premium Slim Fit T-Shirts ,men's clothing,22.299999237060547,4.099999904632568,direct,-1,Envoyer coupon -20%,fast shipping
80f103b5,197,purchase,Mens Cotton Jacket,men's clothing,55.9900016784668,4.699999809265137,pub,5,Suggerer produits similaires,great value for money
51484ce6,151,search,Mens Casual Slim Fit,men's clothing,15.989999771118164,2.0999999046325684,pub,1,Continuer navigation,waste of money
aa7b4334,167,view,John Hardy Women's Legends Naga Gold & Silver Dragon Station Chain Bracelet,jewelery,695,4.599999904632568,email,1,Continuer navigation,awesome product
4903ab83,113,search,Solid Gold Petite Micropave ,jewelery,168,3.9000000953674316,pub,1,Continuer navigation,waste of money
3245b79b,112,purchase,White Gold Plated Princess,jewelery,9.989999771118164,3,email,5,Suggerer produits similaires,fast shipping
1ed024a7,1,view,Pierced Owl Rose Gold Plated Stainless Steel Double,jewelery,10.989999771118164,1.899999976158142,google,1,Continuer navigation,very unhappy with my purchase
ed4b1b94,53,abandon,WD 2TB Elements Portable External Hard Drive - USB 3.0 ,electronics,64,3.299999952316284,direct,-1,Envoyer coupon -20%,fast shipping
92e21391,190,search,SanDisk SSD PLUS 1TB Internal SSD - SATA III 6 Gb/s,electronics,109,2.9000000953674316,email,1,Continuer navigation,very dissatisfied
539ad5c2,191,abandon,Silicon Power 256GB SSD 3D NAND A55 SLC Cache Performance Boost SATA III 2.5,electronics,109,4.800000190734863,reseaux_sociaux,-1,Envoyer coupon -20%,highly impressed
07738ae8,29,view,WD 4TB Gaming Drive Works with Playstation 4 Portable External Hard Drive,electronics,114,4.800000190734863,pub,1,Continuer navigation,very dissatisfied
5671f629,183,purchase,Acer SB220Q bi 21.5 inches Full HD (1920 x 1080) IPS Ultra-Thin,electronics,599,2.9000000953674316,direct,5,Suggerer produits similaires,would buy again
f5940585,36,search,Samsung 49-Inch CHG90 144Hz Curved Gaming Monitor (LC49HG90DMNXZA) – Super Ultrawide Screen QLED ,electronics,999.989990234375,2.200000047683716,reseaux_sociaux,1,Continuer navigation,disappointing product
a6237dc7,157,search,BIYLACLESEN Women's 3-in-1 Snowboard Jacket Winter Coats,women's clothing,56.9900016784668,2.5999999046325684,reseaux_sociaux,1,Continuer navigation,great product
5cefe9b8,93,purchase,Lock and Love Women's Removable Hooded Faux Leather Moto Biker Jacket,women's clothing,29.950000762939453,2.9000000953674316,reseaux_sociaux,5,Suggerer produits similaires,very unhappy with my purchase
1a29ef90,36,search,Rain Jacket Women Windbreaker Striped Climbing Raincoats,women's clothing,39.9900016784668,3.799999952316284,reseaux_sociaux,1,Continuer navigation,excellent quality
4d35ec83,169,add_to_cart,MBJ Women's Solid Short Sleeve Boat Neck V ,women's clothing,9.850000381469727,4.699999809265137,pub,3,Proposer livraison gratuite,great value for money
134763e0,122,search,Opna Women's Short Sleeve Moisture,women's clothing,7.949999809265137,4.5,google,1,Continuer navigation,excellent quality
ecbe2257,156,purchase,DANVOUY Womens T Shirt Casual Cotton Short,women's clothing,12.989999771118164,3.5999999046325684,direct,5,Suggerer produits similaires,great product
8616ffac,36,view,"Fjallraven - Foldsack No. 1 Backpack, Fits 15 Laptops",men's clothing,109.94999694824219,3.9000000953674316,email,1,Continuer navigation,poor quality
eba7af78,174,add_to_cart,Mens Casual Premium Slim Fit T-Shirts ,men's clothing,22.299999237060547,4.099999904632568,google,3,Proposer livraison gratuite,great product
dcc754a6,73,search,Mens Cotton Jacket,men's clothing,55.9900016784668,4.699999809265137,reseaux_sociaux,1,Continuer navigation,very pleased
d5e27025,130,view,Mens Casual Slim Fit,men's clothing,15.989999771118164,2.0999999046325684,direct,1,Continuer navigation,excellent quality
7209b1a3,200,abandon,John Hardy Women's Legends Naga Gold & Silver Dragon Station Chain Bracelet,jewelery,695,4.599999904632568,reseaux_sociaux,-1,Envoyer coupon -20%,poor quality
55e6ed90,52,purchase,Solid Gold Petite Micropave ,jewelery,168,3.9000000953674316,email,5,Suggerer produits similaires,very unhappy with my purchase
3049ab8c,72,add_to_cart,White Gold Plated Princess,jewelery,9.989999771118164,3,google,3,Proposer livraison gratuite,highly impressed
ebdbba5f,59,purchase,Pierced Owl Rose Gold Plated Stainless Steel Double,jewelery,10.989999771118164,1.899999976158142,direct,5,Suggerer produits similaires,highly impressed
b842fc73,6,search,WD 2TB Elements Portable External Hard Drive - USB 3.0 ,electronics,64,3.299999952316284,email,1,Continuer navigation,very dissatisfied
de416561,16,search,SanDisk SSD PLUS 1TB Internal SSD - SATA III 6 Gb/s,electronics,109,2.9000000953674316,email,1,Continuer navigation,very satisfied
6fc47f79,62,search,Silicon Power 256GB SSD 3D NAND A55 SLC Cache Performance Boost SATA III 2.5,electronics,109,4.800000190734863,pub,1,Continuer navigation,excellent quality
82a78725,127,purchase,WD 4TB Gaming Drive Works with Playstation 4 Portable External Hard Drive,electronics,114,4.800000190734863,reseaux_sociaux,5,Suggerer produits similaires,very dissatisfied
ca5bc17f,200,search,Acer SB220Q bi 21.5 inches Full HD (1920 x 1080) IPS Ultra-Thin,electronics,599,2.9000000953674316,email,1,Continuer navigation,highly impressed
399a511c,58,abandon,Samsung 49-Inch CHG90 144Hz Curved Gaming Monitor (LC49HG90DMNXZA) – Super Ultrawide Screen QLED ,electronics,999.989990234375,2.200000047683716,direct,-1,Envoyer coupon -20%,very dissatisfied
15081c16,149,add_to_cart,BIYLACLESEN Women's 3-in-1 Snowboard Jacket Winter Coats,women's clothing,56.9900016784668,2.5999999046325684,email,3,Proposer livraison gratuite,very disappointed
b4cc3a13,155,purchase,Lock and Love Women's Removable Hooded Faux Leather Moto Biker Jacket,women's clothing,29.950000762939453,2.9000000953674316,email,5,Suggerer produits similaires,highly impressed
7978607b,170,search,Rain Jacket Women Windbreaker Striped Climbing Raincoats,women's clothing,39.9900016784668,3.799999952316284,email,1,Continuer navigation,great value for money
0771e4af,88,view,MBJ Women's Solid Short Sleeve Boat Neck V ,women's clothing,9.850000381469727,4.699999809265137,pub,1,Continuer navigation,highly impressed
f18dd83e,157,search,Opna Women's Short Sleeve Moisture,women's clothing,7.949999809265137,4.5,email,1,Continuer navigation,excellent quality
ba9099f9,23,purchase,DANVOUY Womens T Shirt Casual Cotton Short,women's clothing,12.989999771118164,3.5999999046325684,reseaux_sociaux,5,Suggerer produits similaires,highly recommended
f9ec3c38,126,search,"Fjallraven - Foldsack No. 1 Backpack, Fits 15 Laptops",men's clothing,109.94999694824219,3.9000000953674316,pub,1,Continuer navigation,disappointing product
a9cd03e9,39,add_to_cart,Mens Casual Premium Slim Fit T-Shirts ,men's clothing,22.299999237060547,4.099999904632568,pub,3,Proposer livraison gratuite,fast shipping
d1d01426,91,search,Mens Cotton Jacket,men's clothing,55.9900016784668,4.699999809265137,direct,1,Continuer navigation,very pleased
d0f3276d,99,search,Mens Casual Slim Fit,men's clothing,15.989999771118164,2.0999999046325684,direct,1,Continuer navigation,very happy with my purchase
333106ef,105,add_to_cart,John Hardy Women's Legends Naga Gold & Silver Dragon Station Chain Bracelet,jewelery,695,4.599999904632568,email,3,Proposer livraison gratuite,awesome product
01537145,196,search,Solid Gold Petite Micropave ,jewelery,168,3.9000000953674316,direct,1,Continuer navigation,very unhappy with my purchase
1d70f786,182,add_to_cart,White Gold Plated Princess,jewelery,9.989999771118164,3,direct,3,Proposer livraison gratuite,very happy with my purchase
e3938020,32,view,Pierced Owl Rose Gold Plated Stainless Steel Double,jewelery,10.989999771118164,1.899999976158142,google,1,Continuer navigation,poor quality
dbefeb98,46,purchase,WD 2TB Elements Portable External Hard Drive - USB 3.0 ,electronics,64,3.299999952316284,email,5,Suggerer produits similaires,great product
92334139,88,abandon,SanDisk SSD PLUS 1TB Internal SSD - SATA III 6 Gb/s,electronics,109,2.9000000953674316,pub,-1,Envoyer coupon -20%,great value for money
a13830f8,79,abandon,Silicon Power 256GB SSD 3D NAND A55 SLC Cache Performance Boost SATA III 2.5,electronics,109,4.800000190734863,direct,-1,Envoyer coupon -20%,highly impressed
2e9f1916,174,view,WD 4TB Gaming Drive Works with Playstation 4 Portable External Hard Drive,electronics,114,4.800000190734863,google,1,Continuer navigation,highly impressed
dea6719b,37,add_to_cart,Acer SB220Q bi 21.5 inches Full HD (1920 x 1080) IPS Ultra-Thin,electronics,599,2.9000000953674316,google,3,Proposer livraison gratuite,highly recommended
74ce5cda,47,search,Samsung 49-Inch CHG90 144Hz Curved Gaming Monitor (LC49HG90DMNXZA) – Super Ultrawide Screen QLED ,electronics,999.989990234375,2.200000047683716,direct,1,Continuer navigation,very disappointed
1ded41e8,75,abandon,BIYLACLESEN Women's 3-in-1 Snowboard Jacket Winter Coats,women's clothing,56.9900016784668,2.5999999046325684,pub,-1,Envoyer coupon -20%,awesome product
02d2ce93,12,add_to_cart,Lock and Love Women's Removable Hooded Faux Leather Moto Biker Jacket,women's clothing,29.950000762939453,2.9000000953674316,direct,3,Proposer livraison gratuite,would not buy again
479d837b,2,search,Rain Jacket Women Windbreaker Striped Climbing Raincoats,women's clothing,39.9900016784668,3.799999952316284,google,1,Continuer navigation,would not buy again
66bc98aa,18,view,MBJ Women's Solid Short Sleeve Boat Neck V ,women's clothing,9.850000381469727,4.699999809265137,google,1,Continuer navigation,excellent quality
f5b7a72b,187,view,Opna Women's Short Sleeve Moisture,women's clothing,7.949999809265137,4.5,pub,1,Continuer navigation,highly impressed
473a8a49,94,add_to_cart,DANVOUY Womens T Shirt Casual Cotton Short,women's clothing,12.989999771118164,3.5999999046325684,google,3,Proposer livraison gratuite,not as described
a4d99202,155,add_to_cart,"Fjallraven - Foldsack No. 1 Backpack, Fits 15 Laptops",men's clothing,109.94999694824219,3.9000000953674316,google,3,Proposer livraison gratuite,would buy again
98fece38,19,add_to_cart,Mens Casual Premium Slim Fit T-Shirts ,men's clothing,22.299999237060547,4.099999904632568,email,3,Proposer livraison gratuite,very dissatisfied
7788783d,184,add_to_cart,Mens Cotton Jacket,men's clothing,55.9900016784668,4.699999809265137,reseaux_sociaux,3,Proposer livraison gratuite,great product
b3f8b0dc,138,add_to_cart,Mens Casual Slim Fit,men's clothing,15.989999771118164,2.0999999046325684,direct,3,Proposer livraison gratuite,would buy again
abeb554e,101,abandon,John Hardy Women's Legends Naga Gold & Silver Dragon Station Chain Bracelet,jewelery,695,4.599999904632568,email,-1,Envoyer coupon -20%,waste of money
5a48336c,128,view,Solid Gold Petite Micropave ,jewelery,168,3.9000000953674316,email,1,Continuer navigation,very disappointed
0c34d6f6,133,abandon,White Gold Plated Princess,jewelery,9.989999771118164,3,direct,-1,Envoyer coupon -20%,awesome product
61298f82,146,search,Pierced Owl Rose Gold Plated Stainless Steel Double,jewelery,10.989999771118164,1.899999976158142,reseaux_sociaux,1,Continuer navigation,great product
f2f6669f,187,add_to_cart,WD 2TB Elements Portable External Hard Drive - USB 3.0 ,electronics,64,3.299999952316284,pub,3,Proposer livraison gratuite,highly impressed
a360ea19,170,add_to_cart,SanDisk SSD PLUS 1TB Internal SSD - SATA III 6 Gb/s,electronics,109,2.9000000953674316,email,3,Proposer livraison gratuite,excellent quality
a41e1739,1,abandon,Silicon Power 256GB SSD 3D NAND A55 SLC Cache Performance Boost SATA III 2.5,electronics,109,4.800000190734863,google,-1,Envoyer coupon -20%,very dissatisfied
21911143,78,purchase,WD 4TB Gaming Drive Works with Playstation 4 Portable External Hard Drive,electronics,114,4.800000190734863,pub,5,Suggerer produits similaires,would not recommend
6cc81843,36,purchase,Acer SB220Q bi 21.5 inches Full HD (1920 x 1080) IPS Ultra-Thin,electronics,599,2.9000000953674316,pub,5,Suggerer produits similaires,great product
c8e9ba92,89,view,Samsung 49-Inch CHG90 144Hz Curved Gaming Monitor (LC49HG90DMNXZA) – Super Ultrawide Screen QLED ,electronics,999.989990234375,2.200000047683716,google,1,Continuer navigation,excellent quality
06872967,177,search,BIYLACLESEN Women's 3-in-1 Snowboard Jacket Winter Coats,women's clothing,56.9900016784668,2.5999999046325684,google,1,Continuer navigation,excellent quality
a8b5f443,185,add_to_cart,Lock and Love Women's Removable Hooded Faux Leather Moto Biker Jacket,women's clothing,29.950000762939453,2.9000000953674316,email,3,Proposer livraison gratuite,would not recommend
70d55070,106,add_to_cart,Rain Jacket Women Windbreaker Striped Climbing Raincoats,women's clothing,39.9900016784668,3.799999952316284,reseaux_sociaux,3,Proposer livraison gratuite,poor quality
6f00ce9b,81,view,MBJ Women's Solid Short Sleeve Boat Neck V ,women's clothing,9.850000381469727,4.699999809265137,direct,1,Continuer navigation,poor quality
221b53a6,48,search,Opna Women's Short Sleeve Moisture,women's clothing,7.949999809265137,4.5,pub,1,Continuer navigation,fast shipping
f5c40b70,148,search,DANVOUY Womens T Shirt Casual Cotton Short,women's clothing,12.989999771118164,3.5999999046325684,google,1,Continuer navigation,highly impressed
fb76b6cd,132,add_to_cart,"Fjallraven - Foldsack No. 1 Backpack, Fits 15 Laptops",men's clothing,109.94999694824219,3.9000000953674316,google,3,Proposer livraison gratuite,great product
f14be1f1,136,purchase,Mens Casual Premium Slim Fit T-Shirts ,men's clothing,22.299999237060547,4.099999904632568,google,5,Suggerer produits similaires,fast shipping
e2f88ed0,169,purchase,Mens Cotton Jacket,men's clothing,55.9900016784668,4.699999809265137,direct,5,Suggerer produits similaires,highly impressed
07519e8b,163,add_to_cart,Mens Casual Slim Fit,men's clothing,15.989999771118164,2.0999999046325684,pub,3,Proposer livraison gratuite,very disappointed
16b03fd0,165,search,John Hardy Women's Legends Naga Gold & Silver Dragon Station Chain Bracelet,jewelery,695,4.599999904632568,direct,1,Continuer navigation,fast shipping
351c3a92,127,purchase,Solid Gold Petite Micropave ,jewelery,168,3.9000000953674316,email,5,Suggerer produits similaires,poor quality
a696a70a,148,abandon,White Gold Plated Princess,jewelery,9.989999771118164,3,google,-1,Envoyer coupon -20%,would not recommend
a7bb8ad5,37,view,Pierced Owl Rose Gold Plated Stainless Steel Double,jewelery,10.989999771118164,1.899999976158142,pub,1,Continuer navigation,excellent quality
74bf28dd,14,view,WD 2TB Elements Portable External Hard Drive - USB 3.0 ,electronics,64,3.299999952316284,email,1,Continuer navigation,would buy again
1f32e310,148,purchase,SanDisk SSD PLUS 1TB Internal SSD - SATA III 6 Gb/s,electronics,109,2.9000000953674316,reseaux_sociaux,5,Suggerer produits similaires,would buy again
fd5f3b88,64,search,Silicon Power 256GB SSD 3D NAND A55 SLC Cache Performance Boost SATA III 2.5,electronics,109,4.800000190734863,reseaux_sociaux,1,Continuer navigation,very unhappy with my purchase
d8c599f8,102,search,WD 4TB Gaming Drive Works with Playstation 4 Portable External Hard Drive,electronics,114,4.800000190734863,google,1,Continuer navigation,very happy with my purchase
b513a979,140,view,Acer SB220Q bi 21.5 inches Full HD (1920 x 1080) IPS Ultra-Thin,electronics,599,2.9000000953674316,email,1,Continuer navigation,waste of money
6a56caab,13,abandon,Samsung 49-Inch CHG90 144Hz Curved Gaming Monitor (LC49HG90DMNXZA) – Super Ultrawide Screen QLED ,electronics,999.989990234375,2.200000047683716,direct,-1,Envoyer coupon -20%,excellent quality
ff7222cd,86,add_to_cart,BIYLACLESEN Women's 3-in-1 Snowboard Jacket Winter Coats,women's clothing,56.9900016784668,2.5999999046325684,reseaux_sociaux,3,Proposer livraison gratuite,very dissatisfied
29985b35,61,purchase,Lock and Love Women's Removable Hooded Faux Leather Moto Biker Jacket,women's clothing,29.950000762939453,2.9000000953674316,direct,5,Suggerer produits similaires,excellent quality
f4d92fb3,100,add_to_cart,Rain Jacket Women Windbreaker Striped Climbing Raincoats,women's clothing,39.9900016784668,3.799999952316284,email,3,Proposer livraison gratuite,awesome product
a57d7941,128,add_to_cart,MBJ Women's Solid Short Sleeve Boat Neck V ,women's clothing,9.850000381469727,4.699999809265137,direct,3,Proposer livraison gratuite,great product
26841dd5,185,abandon,Opna Women's Short Sleeve Moisture,women's clothing,7.949999809265137,4.5,email,-1,Envoyer coupon -20%,highly impressed
5b0a5d30,141,purchase,DANVOUY Womens T Shirt Casual Cotton Short,women's clothing,12.989999771118164,3.5999999046325684,pub,5,Suggerer produits similaires,would not recommend
314226db,77,purchase,"Fjallraven - Foldsack No. 1 Backpack, Fits 15 Laptops",men's clothing,109.94999694824219,3.9000000953674316,email,5,Suggerer produits similaires,very satisfied
f3cf2295,9,abandon,Mens Casual Premium Slim Fit T-Shirts ,men's clothing,22.299999237060547,4.099999904632568,reseaux_sociaux,-1,Envoyer coupon -20%,poor quality
f5d30004,29,view,Mens Cotton Jacket,men's clothing,55.9900016784668,4.699999809265137,pub,1,Continuer navigation,highly recommended
11bc0826,19,abandon,Mens Casual Slim Fit,men's clothing,15.989999771118164,2.0999999046325684,email,-1,Envoyer coupon -20%,very pleased
c40f6130,91,purchase,John Hardy Women's Legends Naga Gold & Silver Dragon Station Chain Bracelet,jewelery,695,4.599999904632568,reseaux_sociaux,5,Suggerer produits similaires,highly impressed
a2841632,68,view,Solid Gold Petite Micropave ,jewelery,168,3.9000000953674316,google,1,Continuer navigation,highly recommended
d25a9b4c,75,purchase,White Gold Plated Princess,jewelery,9.989999771118164,3,pub,5,Suggerer produits similaires,great product
5f9a81ee,12,abandon,Pierced Owl Rose Gold Plated Stainless Steel Double,jewelery,10.989999771118164,1.899999976158142,pub,-1,Envoyer coupon -20%,very disappointed
5efd65ab,160,view,WD 2TB Elements Portable External Hard Drive - USB 3.0 ,electronics,64,3.299999952316284,direct,1,Continuer navigation,would not recommend
ab6e6865,182,abandon,SanDisk SSD PLUS 1TB Internal SSD - SATA III 6 Gb/s,electronics,109,2.9000000953674316,google,-1,Envoyer coupon -20%,poor quality
d8d4608a,53,search,Silicon Power 256GB SSD 3D NAND A55 SLC Cache Performance Boost SATA III 2.5,electronics,109,4.800000190734863,google,1,Continuer navigation,very disappointed
b5b43c48,132,view,WD 4TB Gaming Drive Works with Playstation 4 Portable External Hard Drive,electronics,114,4.800000190734863,google,1,Continuer navigation,great product
6e480de7,19,purchase,Acer SB220Q bi 21.5 inches Full HD (1920 x 1080) IPS Ultra-Thin,electronics,599,2.9000000953674316,google,5,Suggerer produits similaires,highly impressed
93972495,70,abandon,Samsung 49-Inch CHG90 144Hz Curved Gaming Monitor (LC49HG90DMNXZA) – Super Ultrawide Screen QLED ,electronics,999.989990234375,2.200000047683716,pub,-1,Envoyer coupon -20%,very dissatisfied
c05d9966,135,abandon,BIYLACLESEN Women's 3-in-1 Snowboard Jacket Winter Coats,women's clothing,56.9900016784668,2.5999999046325684,google,-1,Envoyer coupon -20%,waste of money
80bbc449,52,abandon,Lock and Love Women's Removable Hooded Faux Leather Moto Biker Jacket,women's clothing,29.950000762939453,2.9000000953674316,email,-1,Envoyer coupon -20%,very disappointed
062c25f0,45,purchase,Rain Jacket Women Windbreaker Striped Climbing Raincoats,women's clothing,39.9900016784668,3.799999952316284,google,5,Suggerer produits similaires,great value for money
b1ac5170,66,add_to_cart,MBJ Women's Solid Short Sleeve Boat Neck V ,women's clothing,9.850000381469727,4.699999809265137,direct,3,Proposer livraison gratuite,would buy again
96da8220,176,view,Opna Women's Short Sleeve Moisture,women's clothing,7.949999809265137,4.5,email,1,Continuer navigation,excellent quality
0dcd1405,72,add_to_cart,DANVOUY Womens T Shirt Casual Cotton Short,women's clothing,12.989999771118164,3.5999999046325684,google,3,Proposer livraison gratuite,very happy with my purchase
8d4af730,124,add_to_cart,"Fjallraven - Foldsack No. 1 Backpack, Fits 15 Laptops",men's clothing,109.94999694824219,3.9000000953674316,pub,3,Proposer livraison gratuite,excellent quality
0b0d5215,69,view,Mens Casual Premium Slim Fit T-Shirts ,men's clothing,22.299999237060547,4.099999904632568,reseaux_sociaux,1,Continuer navigation,fast shipping
282232c5,103,search,Mens Cotton Jacket,men's clothing,55.9900016784668,4.699999809265137,google,1,Continuer navigation,very dissatisfied
c9d7e99e,153,view,Mens Casual Slim Fit,men's clothing,15.989999771118164,2.0999999046325684,direct,1,Continuer navigation,poor quality
4b530e95,47,add_to_cart,John Hardy Women's Legends Naga Gold & Silver Dragon Station Chain Bracelet,jewelery,695,4.599999904632568,email,3,Proposer livraison gratuite,very happy with my purchase
01825ac2,118,search,Solid Gold Petite Micropave ,jewelery,168,3.9000000953674316,reseaux_sociaux,1,Continuer navigation,very pleased
ee0bca19,80,view,White Gold Plated Princess,jewelery,9.989999771118164,3,google,1,Continuer navigation,would buy again
360a2e97,9,purchase,Pierced Owl Rose Gold Plated Stainless Steel Double,jewelery,10.989999771118164,1.899999976158142,direct,5,Suggerer produits similaires,very pleased
f742190e,164,add_to_cart,WD 2TB Elements Portable External Hard Drive - USB 3.0 ,electronics,64,3.299999952316284,email,3,Proposer livraison gratuite,awesome product
0356c6fe,76,purchase,SanDisk SSD PLUS 1TB Internal SSD - SATA III 6 Gb/s,electronics,109,2.9000000953674316,reseaux_sociaux,5,Suggerer produits similaires,great product
4f3818a1,168,view,Silicon Power 256GB SSD 3D NAND A55 SLC Cache Performance Boost SATA III 2.5,electronics,109,4.800000190734863,direct,1,Continuer navigation,great value for money
0560f670,65,search,WD 4TB Gaming Drive Works with Playstation 4 Portable External Hard Drive,electronics,114,4.800000190734863,direct,1,Continuer navigation,not worth the price
1b0ce1b2,199,add_to_cart,Acer SB220Q bi 21.5 inches Full HD (1920 x 1080) IPS Ultra-Thin,electronics,599,2.9000000953674316,email,3,Proposer livraison gratuite,great product
aa59c34a,110,abandon,Samsung 49-Inch CHG90 144Hz Curved Gaming Monitor (LC49HG90DMNXZA) – Super Ultrawide Screen QLED ,electronics,999.989990234375,2.200000047683716,email,-1,Envoyer coupon -20%,very disappointed
fc326ce8,98,purchase,BIYLACLESEN Women's 3-in-1 Snowboard Jacket Winter Coats,women's clothing,56.9900016784668,2.5999999046325684,email,5,Suggerer produits similaires,great value for money
f4430e37,149,search,Lock and Love Women's Removable Hooded Faux Leather Moto Biker Jacket,women's clothing,29.950000762939453,2.9000000953674316,pub,1,Continuer navigation,very unhappy with my purchase
c3241936,26,abandon,Rain Jacket Women Windbreaker Striped Climbing Raincoats,women's clothing,39.9900016784668,3.799999952316284,direct,-1,Envoyer coupon -20%,very dissatisfied
c21c8c92,70,add_to_cart,MBJ Women's Solid Short Sleeve Boat Neck V ,women's clothing,9.850000381469727,4.699999809265137,reseaux_sociaux,3,Proposer livraison gratuite,poor quality
ab5e1d72,59,abandon,Opna Women's Short Sleeve Moisture,women's clothing,7.949999809265137,4.5,pub,-1,Envoyer coupon -20%,poor quality
0ec261e9,139,purchase,DANVOUY Womens T Shirt Casual Cotton Short,women's clothing,12.989999771118164,3.5999999046325684,pub,5,Suggerer produits similaires,very disappointed
6ea5e027,14,search,"Fjallraven - Foldsack No. 1 Backpack, Fits 15 Laptops",men's clothing,109.94999694824219,3.9000000953674316,google,1,Continuer navigation,poor quality
28e947fb,163,purchase,Mens Casual Premium Slim Fit T-Shirts ,men's clothing,22.299999237060547,4.099999904632568,pub,5,Suggerer produits similaires,great value for money
3d33c875,184,add_to_cart,Mens Cotton Jacket,men's clothing,55.9900016784668,4.699999809265137,pub,3,Proposer livraison gratuite,would buy again
0be660aa,82,abandon,Mens Casual Slim Fit,men's clothing,15.989999771118164,2.0999999046325684,direct,-1,Envoyer coupon -20%,would buy again
b339f13f,90,purchase,John Hardy Women's Legends Naga Gold & Silver Dragon Station Chain Bracelet,jewelery,695,4.599999904632568,email,5,Suggerer produits similaires,great product
67718075,142,abandon,Solid Gold Petite Micropave ,jewelery,168,3.9000000953674316,google,-1,Envoyer coupon -20%,very disappointed
0d484ae0,191,add_to_cart,White Gold Plated Princess,jewelery,9.989999771118164,3,google,3,Proposer livraison gratuite,great product
117d48bb,139,abandon,Pierced Owl Rose Gold Plated Stainless Steel Double,jewelery,10.989999771118164,1.899999976158142,pub,-1,Envoyer coupon -20%,highly recommended
ea1f43b9,191,view,WD 2TB Elements Portable External Hard Drive - USB 3.0 ,electronics,64,3.299999952316284,pub,1,Continuer navigation,not as described
c62a4ee5,125,add_to_cart,SanDisk SSD PLUS 1TB Internal SSD - SATA III 6 Gb/s,electronics,109,2.9000000953674316,reseaux_sociaux,3,Proposer livraison gratuite,very unhappy with my purchase
e50b514f,173,add_to_cart,Silicon Power 256GB SSD 3D NAND A55 SLC Cache Performance Boost SATA III 2.5,electronics,109,4.800000190734863,reseaux_sociaux,3,Proposer livraison gratuite,poor quality
aca0fb11,96,abandon,WD 4TB Gaming Drive Works with Playstation 4 Portable External Hard Drive,electronics,114,4.800000190734863,pub,-1,Envoyer coupon -20%,highly recommended
a9b09c77,17,view,Acer SB220Q bi 21.5 inches Full HD (1920 x 1080) IPS Ultra-Thin,electronics,599,2.9000000953674316,email,1,Continuer navigation,would not recommend
f3d0cd40,46,search,Samsung 49-Inch CHG90 144Hz Curved Gaming Monitor (LC49HG90DMNXZA) – Super Ultrawide Screen QLED ,electronics,999.989990234375,2.200000047683716,reseaux_sociaux,1,Continuer navigation,fast shipping
8bb74b09,30,view,BIYLACLESEN Women's 3-in-1 Snowboard Jacket Winter Coats,women's clothing,56.9900016784668,2.5999999046325684,email,1,Continuer navigation,excellent quality
a3b4632b,182,purchase,Lock and Love Women's Removable Hooded Faux Leather Moto Biker Jacket,women's clothing,29.950000762939453,2.9000000953674316,google,5,Suggerer produits similaires,very pleased
21cba06f,122,purchase,Rain Jacket Women Windbreaker Striped Climbing Raincoats,women's clothing,39.9900016784668,3.799999952316284,google,5,Suggerer produits similaires,very satisfied
66966609,6,purchase,MBJ Women's Solid Short Sleeve Boat Neck V ,women's clothing,9.850000381469727,4.699999809265137,google,5,Suggerer produits similaires,excellent quality
bfe2cc9b,14,purchase,Opna Women's Short Sleeve Moisture,women's clothing,7.949999809265137,4.5,email,5,Suggerer produits similaires,awesome product
76ed1532,12,add_to_cart,DANVOUY Womens T Shirt Casual Cotton Short,women's clothing,12.989999771118164,3.5999999046325684,reseaux_sociaux,3,Proposer livraison gratuite,poor quality
aecf1912,2,purchase,"Fjallraven - Foldsack No. 1 Backpack, Fits 15 Laptops",men's clothing,109.94999694824219,3.9000000953674316,pub,5,Suggerer produits similaires,awesome product
2c04c989,26,purchase,Mens Casual Premium Slim Fit T-Shirts ,men's clothing,22.299999237060547,4.099999904632568,direct,5,Suggerer produits similaires,awesome product
271ba8f3,38,search,Mens Cotton Jacket,men's clothing,55.9900016784668,4.699999809265137,email,1,Continuer navigation,very pleased
281676d1,82,abandon,Mens Casual Slim Fit,men's clothing,15.989999771118164,2.0999999046325684,reseaux_sociaux,-1,Envoyer coupon -20%,poor quality
358ccc1f,60,search,John Hardy Women's Legends Naga Gold & Silver Dragon Station Chain Bracelet,jewelery,695,4.599999904632568,direct,1,Continuer navigation,excellent quality
7e175a93,98,abandon,Solid Gold Petite Micropave ,jewelery,168,3.9000000953674316,reseaux_sociaux,-1,Envoyer coupon -20%,would buy again
4fc59050,196,purchase,White Gold Plated Princess,jewelery,9.989999771118164,3,google,5,Suggerer produits similaires,very disappointed
cb27aad6,153,search,Pierced Owl Rose Gold Plated Stainless Steel Double,jewelery,10.989999771118164,1.899999976158142,email,1,Continuer navigation,poor quality
cd986c78,63,add_to_cart,WD 2TB Elements Portable External Hard Drive - USB 3.0 ,electronics,64,3.299999952316284,direct,3,Proposer livraison gratuite,poor quality
97af5210,83,abandon,SanDisk SSD PLUS 1TB Internal SSD - SATA III 6 Gb/s,electronics,109,2.9000000953674316,direct,-1,Envoyer coupon -20%,awesome product
cbf157f6,85,add_to_cart,Silicon Power 256GB SSD 3D NAND A55 SLC Cache Performance Boost SATA III 2.5,electronics,109,4.800000190734863,direct,3,Proposer livraison gratuite,highly recommended
3d5fbe8a,22,search,WD 4TB Gaming Drive Works with Playstation 4 Portable External Hard Drive,electronics,114,4.800000190734863,reseaux_sociaux,1,Continuer navigation,very happy with my purchase
18a79355,143,view,Acer SB220Q bi 21.5 inches Full HD (1920 x 1080) IPS Ultra-Thin,electronics,599,2.9000000953674316,direct,1,Continuer navigation,poor quality
b1b5f34f,60,view,Samsung 49-Inch CHG90 144Hz Curved Gaming Monitor (LC49HG90DMNXZA) – Super Ultrawide Screen QLED ,electronics,999.989990234375,2.200000047683716,google,1,Continuer navigation,great value for money
433821bb,80,view,BIYLACLESEN Women's 3-in-1 Snowboard Jacket Winter Coats,women's clothing,56.9900016784668,2.5999999046325684,pub,1,Continuer navigation,great product
02ee55c4,69,search,Lock and Love Women's Removable Hooded Faux Leather Moto Biker Jacket,women's clothing,29.950000762939453,2.9000000953674316,pub,1,Continuer navigation,very satisfied
7c18229c,39,purchase,Rain Jacket Women Windbreaker Striped Climbing Raincoats,women's clothing,39.9900016784668,3.799999952316284,google,5,Suggerer produits similaires,disappointing product
6023341e,115,purchase,MBJ Women's Solid Short Sleeve Boat Neck V ,women's clothing,9.850000381469727,4.699999809265137,email,5,Suggerer produits similaires,very disappointed
3c640549,128,view,Opna Women's Short Sleeve Moisture,women's clothing,7.949999809265137,4.5,direct,1,Continuer navigation,poor quality
c94931ca,67,search,DANVOUY Womens T Shirt Casual Cotton Short,women's clothing,12.989999771118164,3.5999999046325684,google,1,Continuer navigation,waste of money
e8d020be,164,view,"Fjallraven - Foldsack No. 1 Backpack, Fits 15 Laptops",men's clothing,109.94999694824219,3.9000000953674316,direct,1,Continuer navigation,waste of money
49c74cd8,173,purchase,Mens Casual Premium Slim Fit T-Shirts ,men's clothing,22.299999237060547,4.099999904632568,email,5,Suggerer produits similaires,poor quality
1ddd9f68,67,add_to_cart,Mens Cotton Jacket,men's clothing,55.9900016784668,4.699999809265137,reseaux_sociaux,3,Proposer livraison gratuite,would buy again
acc9338f,86,view,Mens Casual Slim Fit,men's clothing,15.989999771118164,2.0999999046325684,google,1,Continuer navigation,would not recommend
929373db,33,abandon,John Hardy Women's Legends Naga Gold & Silver Dragon Station Chain Bracelet,jewelery,695,4.599999904632568,google,-1,Envoyer coupon -20%,very happy with my purchase
20ccb62e,41,add_to_cart,Solid Gold Petite Micropave ,jewelery,168,3.9000000953674316,pub,3,Proposer livraison gratuite,excellent quality
75ccc6c4,184,purchase,White Gold Plated Princess,jewelery,9.989999771118164,3,google,5,Suggerer produits similaires,great value for money
5c7b0bd9,14,search,Pierced Owl Rose Gold Plated Stainless Steel Double,jewelery,10.989999771118164,1.899999976158142,pub,1,Continuer navigation,excellent quality
ef12d19b,131,abandon,WD 2TB Elements Portable External Hard Drive - USB 3.0 ,electronics,64,3.299999952316284,direct,-1,Envoyer coupon -20%,would buy again
ba463679,87,purchase,SanDisk SSD PLUS 1TB Internal SSD - SATA III 6 Gb/s,electronics,109,2.9000000953674316,email,5,Suggerer produits similaires,very happy with my purchase
7c64a0c3,40,add_to_cart,Silicon Power 256GB SSD 3D NAND A55 SLC Cache Performance Boost SATA III 2.5,electronics,109,4.800000190734863,reseaux_sociaux,3,Proposer livraison gratuite,fast shipping
8eed65f1,126,abandon,WD 4TB Gaming Drive Works with Playstation 4 Portable External Hard Drive,electronics,114,4.800000190734863,pub,-1,Envoyer coupon -20%,very dissatisfied
58ea7f55,188,purchase,Acer SB220Q bi 21.5 inches Full HD (1920 x 1080) IPS Ultra-Thin,electronics,599,2.9000000953674316,reseaux_sociaux,5,Suggerer produits similaires,great value for money
06a80a01,189,purchase,Samsung 49-Inch CHG90 144Hz Curved Gaming Monitor (LC49HG90DMNXZA) – Super Ultrawide Screen QLED ,electronics,999.989990234375,2.200000047683716,google,5,Suggerer produits similaires,highly recommended
418fa6d9,137,search,BIYLACLESEN Women's 3-in-1 Snowboard Jacket Winter Coats,women's clothing,56.9900016784668,2.5999999046325684,direct,1,Continuer navigation,very pleased
ce50127b,73,abandon,Lock and Love Women's Removable Hooded Faux Leather Moto Biker Jacket,women's clothing,29.950000762939453,2.9000000953674316,reseaux_sociaux,-1,Envoyer coupon -20%,poor quality
05332e96,127,purchase,Rain Jacket Women Windbreaker Striped Climbing Raincoats,women's clothing,39.9900016784668,3.799999952316284,google,5,Suggerer produits similaires,great value for money
ba23b2f4,104,abandon,MBJ Women's Solid Short Sleeve Boat Neck V ,women's clothing,9.850000381469727,4.699999809265137,email,-1,Envoyer coupon -20%,awesome product
6e75f0ca,131,purchase,Opna Women's Short Sleeve Moisture,women's clothing,7.949999809265137,4.5,reseaux_sociaux,5,Suggerer produits similaires,great value for money
1a6b78f6,93,add_to_cart,DANVOUY Womens T Shirt Casual Cotton Short,women's clothing,12.989999771118164,3.5999999046325684,direct,3,Proposer livraison gratuite,very happy with my purchase
59289a85,12,view,"Fjallraven - Foldsack No. 1 Backpack, Fits 15 Laptops",men's clothing,109.94999694824219,3.9000000953674316,pub,1,Continuer navigation,would buy again
f842105f,109,search,Mens Casual Premium Slim Fit T-Shirts ,men's clothing,22.299999237060547,4.099999904632568,google,1,Continuer navigation,fast shipping
35845e45,99,purchase,Mens Cotton Jacket,men's clothing,55.9900016784668,4.699999809265137,pub,5,Suggerer produits similaires,waste of money
344a3994,21,add_to_cart,Mens Casual Slim Fit,men's clothing,15.989999771118164,2.0999999046325684,email,3,Proposer livraison gratuite,fast shipping
5f15cd57,22,purchase,John Hardy Women's Legends Naga Gold & Silver Dragon Station Chain Bracelet,jewelery,695,4.599999904632568,email,5,Suggerer produits similaires,great product
c7879e60,188,search,Solid Gold Petite Micropave ,jewelery,168,3.9000000953674316,google,1,Continuer navigation,very unhappy with my purchase
03fc11bc,59,add_to_cart,White Gold Plated Princess,jewelery,9.989999771118164,3,direct,3,Proposer livraison gratuite,fast shipping
5438514f,89,purchase,Pierced Owl Rose Gold Plated Stainless Steel Double,jewelery,10.989999771118164,1.899999976158142,google,5,Suggerer produits similaires,very disappointed
04f9967a,193,add_to_cart,WD 2TB Elements Portable External Hard Drive - USB 3.0 ,electronics,64,3.299999952316284,reseaux_sociaux,3,Proposer livraison gratuite,poor quality
6418a757,111,abandon,SanDisk SSD PLUS 1TB Internal SSD - SATA III 6 Gb/s,electronics,109,2.9000000953674316,reseaux_sociaux,-1,Envoyer coupon -20%,great product
5b0ed01e,55,search,Silicon Power 256GB SSD 3D NAND A55 SLC Cache Performance Boost SATA III 2.5,electronics,109,4.800000190734863,reseaux_sociaux,1,Continuer navigation,poor quality
33ffc92e,197,abandon,WD 4TB Gaming Drive Works with Playstation 4 Portable External Hard Drive,electronics,114,4.800000190734863,google,-1,Envoyer coupon -20%,very pleased
6bd447c1,167,add_to_cart,Acer SB220Q bi 21.5 inches Full HD (1920 x 1080) IPS Ultra-Thin,electronics,599,2.9000000953674316,google,3,Proposer livraison gratuite,excellent quality
32ad561f,196,search,Samsung 49-Inch CHG90 144Hz Curved Gaming Monitor (LC49HG90DMNXZA) – Super Ultrawide Screen QLED ,electronics,999.989990234375,2.200000047683716,email,1,Continuer navigation,excellent quality
50468526,65,purchase,BIYLACLESEN Women's 3-in-1 Snowboard Jacket Winter Coats,women's clothing,56.9900016784668,2.5999999046325684,reseaux_sociaux,5,Suggerer produits similaires,would not buy again
c868dee2,120,add_to_cart,Lock and Love Women's Removable Hooded Faux Leather Moto Biker Jacket,women's clothing,29.950000762939453,2.9000000953674316,pub,3,Proposer livraison gratuite,very dissatisfied
8a501ce7,189,abandon,Rain Jacket Women Windbreaker Striped Climbing Raincoats,women's clothing,39.9900016784668,3.799999952316284,direct,-1,Envoyer coupon -20%,poor quality
360d0905,123,view,MBJ Women's Solid Short Sleeve Boat Neck V ,women's clothing,9.850000381469727,4.699999809265137,reseaux_sociaux,1,Continuer navigation,waste of money
0fd002a0,129,view,Opna Women's Short Sleeve Moisture,women's clothing,7.949999809265137,4.5,reseaux_sociaux,1,Continuer navigation,very disappointed
774efa3f,113,add_to_cart,DANVOUY Womens T Shirt Casual Cotton Short,women's clothing,12.989999771118164,3.5999999046325684,direct,3,Proposer livraison gratuite,excellent quality
3e40a93f,74,purchase,"Fjallraven - Foldsack No. 1 Backpack, Fits 15 Laptops",men's clothing,109.94999694824219,3.9000000953674316,email,5,Suggerer produits similaires,very dissatisfied
404a1d2a,77,add_to_cart,Mens Casual Premium Slim Fit T-Shirts ,men's clothing,22.299999237060547,4.099999904632568,google,3,Proposer livraison gratuite,would not buy again
f7b25c97,141,view,Mens Cotton Jacket,men's clothing,55.9900016784668,4.699999809265137,direct,1,Continuer navigation,excellent quality
c82df71b,16,add_to_cart,Mens Casual Slim Fit,men's clothing,15.989999771118164,2.0999999046325684,reseaux_sociaux,3,Proposer livraison gratuite,very disappointed
c4805014,65,abandon,John Hardy Women's Legends Naga Gold & Silver Dragon Station Chain Bracelet,jewelery,695,4.599999904632568,direct,-1,Envoyer coupon -20%,not as described
1b3657e4,51,abandon,Solid Gold Petite Micropave ,jewelery,168,3.9000000953674316,google,-1,Envoyer coupon -20%,fast shipping
c6cabfae,107,purchase,White Gold Plated Princess,jewelery,9.989999771118164,3,reseaux_sociaux,5,Suggerer produits similaires,highly impressed
826ef80e,27,purchase,Pierced Owl Rose Gold Plated Stainless Steel Double,jewelery,10.989999771118164,1.899999976158142,direct,5,Suggerer produits similaires,waste of money
2e94f3cf,29,add_to_cart,WD 2TB Elements Portable External Hard Drive - USB 3.0 ,electronics,64,3.299999952316284,direct,3,Proposer livraison gratuite,very dissatisfied
2140c3db,109,purchase,SanDisk SSD PLUS 1TB Internal SSD - SATA III 6 Gb/s,electronics,109,2.9000000953674316,email,5,Suggerer produits similaires,awesome product
e17c9360,159,search,Silicon Power 256GB SSD 3D NAND A55 SLC Cache Performance Boost SATA III 2.5,electronics,109,4.800000190734863,direct,1,Continuer navigation,would buy again
507772e9,181,abandon,WD 4TB Gaming Drive Works with Playstation 4 Portable External Hard Drive,electronics,114,4.800000190734863,direct,-1,Envoyer coupon -20%,highly impressed
eb5d9efe,191,search,Acer SB220Q bi 21.5 inches Full HD (1920 x 1080) IPS Ultra-Thin,electronics,599,2.9000000953674316,google,1,Continuer navigation,fast shipping
982e8437,191,view,Samsung 49-Inch CHG90 144Hz Curved Gaming Monitor (LC49HG90DMNXZA) – Super Ultrawide Screen QLED ,electronics,999.989990234375,2.200000047683716,reseaux_sociaux,1,Continuer navigation,very happy with my purchase
370f5a29,25,search,BIYLACLESEN Women's 3-in-1 Snowboard Jacket Winter Coats,women's clothing,56.9900016784668,2.5999999046325684,email,1,Continuer navigation,great value for money
f1631dc2,159,add_to_cart,Lock and Love Women's Removable Hooded Faux Leather Moto Biker Jacket,women's clothing,29.950000762939453,2.9000000953674316,email,3,Proposer livraison gratuite,very unhappy with my purchase
ebed1f5d,198,purchase,Rain Jacket Women Windbreaker Striped Climbing Raincoats,women's clothing,39.9900016784668,3.799999952316284,email,5,Suggerer produits similaires,great value for money
95a2ab43,115,view,MBJ Women's Solid Short Sleeve Boat Neck V ,women's clothing,9.850000381469727,4.699999809265137,pub,1,Continuer navigation,great product
2831b304,200,purchase,Opna Women's Short Sleeve Moisture,women's clothing,7.949999809265137,4.5,google,5,Suggerer produits similaires,would not recommend
5af99b32,83,view,DANVOUY Womens T Shirt Casual Cotton Short,women's clothing,12.989999771118164,3.5999999046325684,reseaux_sociaux,1,Continuer navigation,very pleased
42cac4f0,110,view,"Fjallraven - Foldsack No. 1 Backpack, Fits 15 Laptops",men's clothing,109.94999694824219,3.9000000953674316,direct,1,Continuer navigation,would not recommend
de089c8f,134,add_to_cart,Mens Casual Premium Slim Fit T-Shirts ,men's clothing,22.299999237060547,4.099999904632568,google,3,Proposer livraison gratuite,very unhappy with my purchase
a1d3b954,70,abandon,Mens Cotton Jacket,men's clothing,55.9900016784668,4.699999809265137,pub,-1,Envoyer coupon -20%,poor quality
43591b29,183,search,Mens Casual Slim Fit,men's clothing,15.989999771118164,2.0999999046325684,google,1,Continuer navigation,very happy with my purchase
141ec273,63,abandon,John Hardy Women's Legends Naga Gold & Silver Dragon Station Chain Bracelet,jewelery,695,4.599999904632568,reseaux_sociaux,-1,Envoyer coupon -20%,great product
4e8cba84,4,purchase,Solid Gold Petite Micropave ,jewelery,168,3.9000000953674316,pub,5,Suggerer produits similaires,excellent quality
c169b1ff,148,search,White Gold Plated Princess,jewelery,9.989999771118164,3,pub,1,Continuer navigation,very pleased
b5e4fc6a,147,add_to_cart,Pierced Owl Rose Gold Plated Stainless Steel Double,jewelery,10.989999771118164,1.899999976158142,pub,3,Proposer livraison gratuite,not worth the price
1840a85d,35,add_to_cart,WD 2TB Elements Portable External Hard Drive - USB 3.0 ,electronics,64,3.299999952316284,reseaux_sociaux,3,Proposer livraison gratuite,great product
ab6102c8,167,abandon,SanDisk SSD PLUS 1TB Internal SSD - SATA III 6 Gb/s,electronics,109,2.9000000953674316,pub,-1,Envoyer coupon -20%,awesome product
34ba823d,50,search,Silicon Power 256GB SSD 3D NAND A55 SLC Cache Performance Boost SATA III 2.5,electronics,109,4.800000190734863,pub,1,Continuer navigation,great product
3dcc9c81,25,purchase,WD 4TB Gaming Drive Works with Playstation 4 Portable External Hard Drive,electronics,114,4.800000190734863,pub,5,Suggerer produits similaires,very satisfied
4893405d,164,add_to_cart,Acer SB220Q bi 21.5 inches Full HD (1920 x 1080) IPS Ultra-Thin,electronics,599,2.9000000953674316,email,3,Proposer livraison gratuite,poor quality
0148b386,194,view,Samsung 49-Inch CHG90 144Hz Curved Gaming Monitor (LC49HG90DMNXZA) – Super Ultrawide Screen QLED ,electronics,999.989990234375,2.200000047683716,direct,1,Continuer navigation,very unhappy with my purchase
9aa3ac44,31,add_to_cart,BIYLACLESEN Women's 3-in-1 Snowboard Jacket Winter Coats,women's clothing,56.9900016784668,2.5999999046325684,google,3,Proposer livraison gratuite,waste of money
be25e625,53,purchase,Lock and Love Women's Removable Hooded Faux Leather Moto Biker Jacket,women's clothing,29.950000762939453,2.9000000953674316,direct,5,Suggerer produits similaires,very unhappy with my purchase
dcbe27bd,110,abandon,Rain Jacket Women Windbreaker Striped Climbing Raincoats,women's clothing,39.9900016784668,3.799999952316284,email,-1,Envoyer coupon -20%,would buy again
75fef794,3,search,MBJ Women's Solid Short Sleeve Boat Neck V ,women's clothing,9.850000381469727,4.699999809265137,direct,1,Continuer navigation,very satisfied
00d28db1,194,abandon,Opna Women's Short Sleeve Moisture,women's clothing,7.949999809265137,4.5,reseaux_sociaux,-1,Envoyer coupon -20%,great value for money
afd6ed10,167,view,DANVOUY Womens T Shirt Casual Cotton Short,women's clothing,12.989999771118164,3.5999999046325684,reseaux_sociaux,1,Continuer navigation,very happy with my purchase
17bc5378,84,purchase,"Fjallraven - Foldsack No. 1 Backpack, Fits 15 Laptops",men's clothing,109.94999694824219,3.9000000953674316,reseaux_sociaux,5,Suggerer produits similaires,would buy again
7bfa4643,88,search,Mens Casual Premium Slim Fit T-Shirts ,men's clothing,22.299999237060547,4.099999904632568,pub,1,Continuer navigation,excellent quality
dc3bcf28,180,add_to_cart,Mens Cotton Jacket,men's clothing,55.9900016784668,4.699999809265137,reseaux_sociaux,3,Proposer livraison gratuite,excellent quality
ba783449,150,search,Mens Casual Slim Fit,men's clothing,15.989999771118164,2.0999999046325684,reseaux_sociaux,1,Continuer navigation,very satisfied
3da3a2a0,174,add_to_cart,John Hardy Women's Legends Naga Gold & Silver Dragon Station Chain Bracelet,jewelery,695,4.599999904632568,reseaux_sociaux,3,Proposer livraison gratuite,very unhappy with my purchase
5f9c1dd7,67,view,Solid Gold Petite Micropave ,jewelery,168,3.9000000953674316,direct,1,Continuer navigation,poor quality
4bacb2be,182,add_to_cart,White Gold Plated Princess,jewelery,9.989999771118164,3,direct,3,Proposer livraison gratuite,very unhappy with my purchase
5d7e57f0,53,add_to_cart,Pierced Owl Rose Gold Plated Stainless Steel Double,jewelery,10.989999771118164,1.899999976158142,pub,3,Proposer livraison gratuite,great value for money
a6d0d6de,128,add_to_cart,WD 2TB Elements Portable External Hard Drive - USB 3.0 ,electronics,64,3.299999952316284,google,3,Proposer livraison gratuite,disappointing product
b460048a,144,search,SanDisk SSD PLUS 1TB Internal SSD - SATA III 6 Gb/s,electronics,109,2.9000000953674316,pub,1,Continuer navigation,very unhappy with my purchase
8ef5bc90,100,search,Silicon Power 256GB SSD 3D NAND A55 SLC Cache Performance Boost SATA III 2.5,electronics,109,4.800000190734863,pub,1,Continuer navigation,fast shipping
372e3374,2,add_to_cart,WD 4TB Gaming Drive Works with Playstation 4 Portable External Hard Drive,electronics,114,4.800000190734863,google,3,Proposer livraison gratuite,excellent quality
2b8763b2,59,view,Acer SB220Q bi 21.5 inches Full HD (1920 x 1080) IPS Ultra-Thin,electronics,599,2.9000000953674316,email,1,Continuer navigation,would not recommend
a085332f,25,abandon,Samsung 49-Inch CHG90 144Hz Curved Gaming Monitor (LC49HG90DMNXZA) – Super Ultrawide Screen QLED ,electronics,999.989990234375,2.200000047683716,google,-1,Envoyer coupon -20%,would buy again
38a35ada,197,search,BIYLACLESEN Women's 3-in-1 Snowboard Jacket Winter Coats,women's clothing,56.9900016784668,2.5999999046325684,email,1,Continuer navigation,fast shipping
db71b322,175,search,Lock and Love Women's Removable Hooded Faux Leather Moto Biker Jacket,women's clothing,29.950000762939453,2.9000000953674316,direct,1,Continuer navigation,excellent quality
57bb95d3,199,abandon,Rain Jacket Women Windbreaker Striped Climbing Raincoats,women's clothing,39.9900016784668,3.799999952316284,pub,-1,Envoyer coupon -20%,highly recommended
068024be,135,add_to_cart,MBJ Women's Solid Short Sleeve Boat Neck V ,women's clothing,9.850000381469727,4.699999809265137,pub,3,Proposer livraison gratuite,highly impressed
86b3c011,46,view,Opna Women's Short Sleeve Moisture,women's clothing,7.949999809265137,4.5,email,1,Continuer navigation,would buy again
cba3e0c3,113,add_to_cart,DANVOUY Womens T Shirt Casual Cotton Short,women's clothing,12.989999771118164,3.5999999046325684,direct,3,Proposer livraison gratuite,fast shipping
d0c8e5dc,63,view,"Fjallraven - Foldsack No. 1 Backpack, Fits 15 Laptops",men's clothing,109.94999694824219,3.9000000953674316,google,1,Continuer navigation,highly impressed
a28cf4be,139,view,Mens Casual Premium Slim Fit T-Shirts ,men's clothing,22.299999237060547,4.099999904632568,email,1,Continuer navigation,very disappointed
1bac5848,145,view,Mens Cotton Jacket,men's clothing,55.9900016784668,4.699999809265137,email,1,Continuer navigation,great product
fd2ed972,126,view,Mens Casual Slim Fit,men's clothing,15.989999771118164,2.0999999046325684,pub,1,Continuer navigation,would not recommend
df038338,177,add_to_cart,John Hardy Women's Legends Naga Gold & Silver Dragon Station Chain Bracelet,jewelery,695,4.599999904632568,email,3,Proposer livraison gratuite,great product
27663ef9,74,search,Solid Gold Petite Micropave ,jewelery,168,3.9000000953674316,reseaux_sociaux,1,Continuer navigation,very dissatisfied
9f7c3fe1,124,view,White Gold Plated Princess,jewelery,9.989999771118164,3,google,1,Continuer navigation,would not recommend
5246588d,12,abandon,Pierced Owl Rose Gold Plated Stainless Steel Double,jewelery,10.989999771118164,1.899999976158142,reseaux_sociaux,-1,Envoyer coupon -20%,highly impressed
b5c87a80,162,purchase,WD 2TB Elements Portable External Hard Drive - USB 3.0 ,electronics,64,3.299999952316284,pub,5,Suggerer produits similaires,would not recommend
22ed4812,105,abandon,SanDisk SSD PLUS 1TB Internal SSD - SATA III 6 Gb/s,electronics,109,2.9000000953674316,google,-1,Envoyer coupon -20%,awesome product
1cfb13e2,2,add_to_cart,Silicon Power 256GB SSD 3D NAND A55 SLC Cache Performance Boost SATA III 2.5,electronics,109,4.800000190734863,google,3,Proposer livraison gratuite,awesome product
3eda4731,75,purchase,WD 4TB Gaming Drive Works with Playstation 4 Portable External Hard Drive,electronics,114,4.800000190734863,email,5,Suggerer produits similaires,highly recommended
7a05dc93,125,view,Acer SB220Q bi 21.5 inches Full HD (1920 x 1080) IPS Ultra-Thin,electronics,599,2.9000000953674316,direct,1,Continuer navigation,would not recommend
be72ebe5,163,search,Samsung 49-Inch CHG90 144Hz Curved Gaming Monitor (LC49HG90DMNXZA) – Super Ultrawide Screen QLED ,electronics,999.989990234375,2.200000047683716,reseaux_sociaux,1,Continuer navigation,highly recommended
7c9a528d,106,abandon,BIYLACLESEN Women's 3-in-1 Snowboard Jacket Winter Coats,women's clothing,56.9900016784668,2.5999999046325684,google,-1,Envoyer coupon -20%,excellent quality
8841cbb0,165,search,Lock and Love Women's Removable Hooded Faux Leather Moto Biker Jacket,women's clothing,29.950000762939453,2.9000000953674316,pub,1,Continuer navigation,would not buy again
7f356498,176,purchase,Rain Jacket Women Windbreaker Striped Climbing Raincoats,women's clothing,39.9900016784668,3.799999952316284,direct,5,Suggerer produits similaires,very unhappy with my purchase
